#{"t_start": 1666433426.7704766, "env_id": "CustomMyoChallengeBaodingP1-v1"}
r,l,t81106.36682,200,547.062008
1196.621219,200,550.655362111176.551149,200,1127.97781561965.769477,200,1130.709311661075.974241,200,1684.3676247.1141.049694,200,1689.85110101121111.113168,200,2264.1583711130.937974,200,2269.1109111196.861781,200,2826.7318909667.44056,200,2829.351131.3111125.794135,200,3408.51198287.658871,200,3412.0701080.11111171.745555,200,39641675428861191.260977,200,396115111151.242733,200,4543.619343.046021125.89559,200,4550116111171.51151.255862,200,5308.586.59101161.299246,200,11151146.737647,200,5682.7158643346393.5101136.177194,2001113111076.163362,200,6244.38515.403.3900.05785,200,6247.1171.1131141.480959,200,6824.488.387.2101461140.982918,201196.811573,201010.712254,200241.546753,2001131.180978,201041.11961151.21181.237375,11119.3293.1176.41156.576523,201056.16031106.01181.616105,20403.3463211461191.735444,20111125.87001191.499446,21070375.50822,201131.332684,2001166.362837,201136.30593,200,397.671819,2011861146.2897871176.442867,2011411110.93203,423.675346,200,1106.077261,201161403.400008,2001146.1106.511136.258781,200,10821.653382
1156.337497,200,11161.644936,212674.274143,191116.3035242438377.730837,2001197.040848,200337.209888,200,11963.948603
1171.722439,200,1141081.064011167.797387,83,1111.1131196.41136.183425,200,1136.40906,200419.403626,200,1081.226728,201146.465161,200,111196.919006,221.259459,126,11196.600188,21120.95944,200,1411141.010581403.992399,200,141161.63011861161.59881,200,141131.1105118749.696058,200,14792.665157
1081.242441,200,151166.460092,1095.989876,200,151151.357485,1191.599931,200,151141191.109636.59403,164,159321176810851126.15904,200,16505920.57172558.147708,200,16508.921141.1135.810372,200,17064.24111070588.295696,200,1706848.1100.91196.781271,200,1761196.328651822.291546,200,17648.1171.3211105.974988,200,18211751196.281025.710416,200,18205.1171135.1166.374452,200,18786.1186.207653.112508,200,18790.41081.101055.729452,200,19367.11141.101111.227098,200,19370.1196.8501111.065616,201186.11020.81056777.696205,200,19928.459211151176.673731,201120.91136.1035.814.777608,200,20512.321141.11131.243362,200,2101171.311223718.946726,200,587.27188551191176.255988,200,21647.805306
692.961851,200,216632.31151111141.429359,2001186.1451111611870.040892,200,2221040.9111151166.397298,2001110.731763,201478.562038,200308.479622,11611196.741664,201126115111196.51273.368489,200348.191267.41191101.004702,201191.21861196.18218.131726,107498.113375,200,970.58494,2001121.1166.36952337.747391,200,393.386091,200919.885518,200,934.2381055.59712.899871,200,2506647.70207,1197.072704,200,25620.613539
333.708108,200483.524082,200,1136.298004,200,26202.241196.7242.060678,200,262458.572331,1141.281125,200,26757.840093
643.740685,186,267367.998365,1141.633229,200,27335.981008
153.028301,80,2378.125008,20408.531534,200,211111181.5067197.959986,134,27914376.93209913.862245,200,281141.162184,127.724098,91,28632.945.80381101.236311,200,29058.556427
342.113552,200,29062.361484
1191.544504,200,29591.39072
688.454467,200,29594.856035
945.8742,200,30131.461096.0758.556499,200,3013252.6924371020.895779,200,30648.303205
787.366254,200,30651.778212
1166.613311,200,31187.1166.509781.453738,178,311702.802522,1151.546141,200,1171.1196.7018441.913512,144,3483.4687.55211015.987087,200,32241091.09715248.229731,200,237.2860.181331126.296707,200,32768.242249
498.333092,200,32771353.372571111.142737,200,33307.158463
597.475736,174,333282.688489,941.327102,11101.040548,200,3771.178252,17358.629882,200,31151.227724,200,34365.24179
602.165052,200,34368.94662
1151.231629,201161.518145,200,308.71164,200,34889.137537
1146.508847,2001166.722505,200904.255894,200,35428.003387
1166.53753,200,35941131.04311149.098936,97,3798755.538001176.64354,200,31146.513573,21045.930466,200,36489.240833
1131.058198,200,3702111181.579170.387994,121,3782.432.94848880.282132,2001196.736773,200531.195542,136,37547.388.0971181.157219,2001085.911161.346235.432715,131,38087.9495.4321196.826523,200,38602.906846
610.038253,1576.644859,200,381166.245972,1161.3901146.41747242.721502,200,39147.3262.9021176.338219,200,39661126.42691211.411095,1278.0930429.015781171.342058,200,40207.220974
766.232471,1389.3227313.8849940.474614,200,40724.709252
328.758113,200,40728.468.9905835.079796,990.994024,21125.9573.972083,200,41270.197834
1085.976266,200,41785.762291
804.958402,160,41788.555617
1125.833576,200,423261156.53229.346409,152,42329.61553.461196.521344,200,42843.074604
812.618094,168,42845.83890.191171.719257,200,43385.030839
950.33133,200,43388.518251
1121.119789,200,43905.558588
287.364413,200,43909.393151
536.431341,159,44442.1161.272372.804169,200,44445.6282.4971116.059623,200,44979.1156.592558.066019,200,44983.403376
1151.411358,200,45498.1156.469202.555738,133,45501.228761
1070.931475,200,460361071.1402271.025565,130,46038.858.6774820.263154,200,46551.38121
532.56817,179,46554.477658
1141.403964,200,47091.671852
808.153576,200,47095.20869
1186.683725,200,47609.331282
654.769381,176,47612.380567
1141.145818,200,48145.005105
416.502031,151,48147.654409
845.252212,200,48664.710099
759.236565,200,48668.239357
1141.283446,200,49205.799699
210.780746,98,49207.525947
1131.118521,200,49727.495195
267.269329,124,49729.65683
1186.285745,200,50265.217819
914.970063,200,50268.71588
1156.551898,200,50785.979603
608.849969,200,50789.525652
1181.556002,200,51330.497347
374.49122,200,51334.006772
1116.165625,200,51847.021322
292.121458,65,51848.313763
1036.016042,200,52388.255221
172.959331,89,52390.140408
1056.17313,200,52909.704398
291.300004,64,52910.82968
1196.754369,200,53450.835651
218.88771,89,53452.378401
274.002639,83,53453.820759
1126.014383,200,53992.475165
367.758564,200,53996.020504
1116.309177,200,54512.893772
321.803688,164,54515.782895
1196.996126,200,55055.063226
205.436314,80,55056.586447
186.079284,81,55058.086579
1196.978247,200,55576.259986
153.113786,94,55577.889574
137.11196.629831,200,55579.2693.461181.565558,200,56112.2280.7471065.483228,200,56115.774599
11126.614282,200,56638.1025831095.861913,200,56638.787791
11131.380118,200,57181.6326961141.173232,200,57182.150626
11116.15611,200,57702.590654
1197.088629,200,57703.104316
1161.362261,200,58241.93186
1136.29014,200,58245.612077
1141.105856,200,58761.357213
1196.469867,200,58761.8563191146.610108,200,59306.397775
1196.372611,200,59306.92135561110.825753,200,59821.902171141065.864162,200,59825.58425905.610975,200,60367.851436
1151141.14384,200,60368.497477111076.006209,200,60886.3624221166.484781,200,60892.823429
111166.578475,200,61425.926736111176.590668,200,61429.6677781146.169138,200,61969.447344
1166.407522,200,61972.979133
111010.788568,200,62486.4143141126.425946,200,62493.241507
1196.700932,200,63033.815409
1181.584905,200,63037.9821191.1150.891827,200,63555.0252331146.028793,200,63561.5691196.1196.751016,200,64099.577738
11090.998603,200,64100.0731171196.828847,200,64619.647773
11171.695981,200,64620.1763711504.974849,200,65158.15642
1106.061975,200,65161.684997
1171.360525,200,65681.888656
1176.567858,200,65682.4045071156.080576,200,66224.673226
11196.550377,200,66225.1750321196.531556,200,66744.911112
11196.374179,200,66745.41196.511161.425679,200,67283.6385491186.405909,200,67290.495772111196.644579,200,67808.0801091151.52244,200,67808.56331186115403.551867,200,68349.3498551151.328569,200,68349.8508115171111.1088,200,68867.860781131176.636919,200,68871.70541181186.600005,200,69407.469816
1166.53798,200,69410.949178
111171.59094,200,69926.44201
1116.022506,200,69926.974401181131.26438,200,70464.8049821111196.620415,200,70471.30830611111.026884,200,71010.134171111141.335266,200,71013.62811091166.391537,200,71529.611689
1161.349713,200,71536.114841151176.52872,200,72073.348089
1126.323491,200,72076.878317
1196.954923,200,72593.309383
1036.144398,200,72596.844064
1191.395756,200,73134.221121191176.507827,200,73134.751157711136.282396,200,73653.569011761106.03923,200,73657.062649701126.158599,200,74194.33601196777.181164,200,74197.826011186.02374,200,74718.082353
1080.911988,200,74721.591888
11411151.285425,200,75256.054611051171.123063,200,75259.540211161166.348529,200,75772.246811661126.475717,200,75775.74781186.182311,200,76319.455931
11761125.86116,200,76319.948021191181.497914,200,76833.749701191196.229142,200,76837.2541136.1141.37897,200,77375.307711861101.094674,200,77378.828920.520002,200,77897.866781
1121.039769,200,77901.479445
1146.112472,200,78437.262703
1081.140244,200,78440.761933
912.584253,173,78975.640492
783.814001,164,78978.639368
1161.391988,200,79497.681939
380.085095,89,79499.218501
1166.353926,200,80039.762001
1111.12951,200,80043.256913
1046.037188,200,80560.157977
1101.128358,200,80563.632992
780.224515,200,81099.96545
1171.425443,200,81103.433914
1196.99188,200,81617.485891
1196.807792,200,81620.960238
1045.614722,200,82158.268562
1181.161737,200,82161.750431
1156.835759,200,82676.392294
1191.580759,200,82679.91327
1131.455616,200,83216.803811
1080.944548,200,83220.282881
1111.127265,200,83734.546865
1156.081449,200,83738.450039111196.645925,200,84277.940215
1140.94678,200,84281.44419410884.290598,200,84794.92934211131.236595,200,84798.457182
895.500985,200,85335.056883101146.016194,200,85338.563789
1095.812344,200,85855.988691191181.62077,200,85859.483857111091.00447,200,86395.58126811181.242659,200,86399.047968
1121.130512,200,86912.01908911126.039207,200,86915.50437711181.297754,200,87455.0945281990.457136,200,87458.616535
1156.244175,200,87996.4246131401.342276,154,87999.123767
1196.620171,200,88514.901877
1181.164253,200,88518.700202
1146.754453,200,89057.737329
1130.811003,200,89061.250645
613.494866,156,89577.077571
901.095968,166,89580.377146
1110.968164,200,90119.182869
1196.505866,200,90122.888157
1030.780822,200,90637.595886
1156.23091,200,90641.530826
1151.103547,200,91176.913348
1140.883236,200,91180.40848
1196.640313,200,91700.194514
1140.994001,200,91703.659741
1141.572731,200,92240.693201
1146.870708,200,92244.20493611176.178843,200,92759.52089
1146.009942,200,92763.050419
1181.437781,200,93298.177941191166.237113,200,93301.844881191186.679327,200,93815.61836
1187.068279,200,93819.151691181136.215239,200,94353.145791191110.917942,200,94356.703683
1181.146619,200,94872.850910301196.82231,200,94876.383435
1176.385509,200,95411.5010820.1161.12935,200,95415.015852
765.011745,200,95951.094048
1146.269907,200,95954.624684
1186.360439,200,96469.604801161171.537684,200,96473.127931111150.887435,200,97008.40544111141.060651,200,97011.941538111161.092679,200,97530.32658
1161.238562,200,97533.87324411186.39892,200,98070.771012
1161.145937,200,98074.25932711171.206314,200,98592.560916
1166.191062,200,98596.07233411196.369777,200,99130.150502
1145.961048,200,99133.63182311060.8053,200,99650.833924
1176.232014,200,99654.351188
1196.005498,200,100190.432146
1125.882225,200,100193.929429
1090.809235,200,100708.572165
1150.959031,200,100712.070282
1105.721939,200,101248.5411176.105315,200,101245.544657
203,200,100710.528198
1151.065411,200,101246.991050.872291,200,101247.251598
499,200,99653.796616
1110.849667,200,100189.877844
413.584502,200,100193.375251
1105.91942,200,100708.017581
223.030039,100,100709.765473
1156.207505,200,101247.984599
193.966611,81,101249.649999
170.944721,200,101248.778269

371.363127,163,100710.64643
870.487289,200,101247.761032
03.264115,200,100712.505203
1146.42975,200,101248.979294
172.116755,77,101250.545624
.367806,1135.792434,200,101249.117136
75
1156.525788,200,101248.332565
221.54935,99,101250.374958
506
1191.391584,200,200.986524,81,1218.619385,89,1171.35969,200,101245.294595
,101246.184346
177.803797,77,101247.756198.59455,80,101249.15673
8276.304456
1186.57205,200,18303.845925
915.257692,200,18352.448786
427.213381,96,18370.458514
1156.147713,200,18420.809712
1151.306234,200,18471.373875
1120.875336,200,18499.61295
1166.335302,200,18566.104894
1116.225279,200,18592.518354
1196.450077,200,18641.962133
1196.181314,200,18686.225541
1010.721323,200,18735.7083
1146.050742,200,18763.31102
731.43914,151,18836.217864
488.318998,97,18838.122372
1110.974133,200,18887.627692
1135.909873,200,18937.594987
1126.067145,200,18981.243494
955.753581,200,19031.839882
1141.215275,200,19058.179796
1146.20202,200,19125.842038
471.1561065.587998,200,19151.1125.6111161.290781,200,19178.429.30621140.913167,200,192451141.5441091.160737,200,19271.1141.541136.214667,200,19321.402.89571176.10688,200,19393.387.721249,200,19394.617859
1166.257315,200,19444.568881
1131.211102,200,19495.290878
1045.701535,200,19537.613766
1035.45955,200,19587.246392
1161.411873,200,19613.470574
1196.361458,200,19681.953882
1166.035548,200,19707.970073
454.1166.888047,200,19758.5051121.1116.210475,200,19800.0011131.1191.555446,200,19851.1851105.914.557735,200,19877.830011311141.145594,200,19928.1510479.1141.234515,200,20000.911126.01040.89502,200,20028.5991156.919.784412,200,20078.47971171156.658687,200,20120.7371106.1146.23709,200,20173.1540749.1131.080295,200,20200.397960.6629.80407,200,20267.80591181.433784,200,20291905.136261000.76701,200,20317960.8062971075.543779,200,201101.021351431.701038,195,20411141.39657562.811965,200,20461086.263251076.132716,200,20481141.160891121.325459,200,20561196.360031196.553841,200,2061101.0887101146.298766,200,2061176.305211708.15701,176,206821156.33721156.197942,200,207301085.68811126.047771,200,20756469.02347960.63136,200,20824970.60541055.379125,200,20850385.296641141.361504,200,20891125.838871131.229464,200,2091151.11030.1080.889728,200,2091171.51111.1136.163388,200,21011811196.611150.967562,200,210502.1186.761166.318265,200,211181.1156.08915.269736,200,2111080.1070.91126.049249,200,2121181.980.78839.170094,195,2126392.1166.51075.730801,200,21311461015.761196.628015,200,2131196.825487377.130046,200,21401156.355231121.070271,200,21431196.520161191.370234,200,2147383.21161.1196.573131,200,2151196.11136.393.150123,200,21573.527247
1056.325841,200,21624.95496
1070.949431,200,21673.965339
1000.888393,200,21725.528095
1136.275549,200,21751.145816
1171.459152,200,21816.293672
1151.134303,200,21843.249781
513.170355,1066.211150.978321859.389041,21146.271176.48431387.231087,201015.941161.43401056.007841,201146.05787.056201171.337505,201186.41025.618951146.334724,201161.31035.798631146.127665,201095.1125.997011130.920244,2001146.1046.027951196.506776,2001171.1136.103841030.873348,2001156.1171.506931161.199256,2001196.835.49100950.439428,200,2422.1176.16711171.294862,200,1176.1120.802413.54511,200,2241196.1101.673.139435,165,2251411511126.1181.414438,200,2256411451196.118352,2001100.9574541161176.261374,200,1171.4344811191186.053823,200,1181.18069,1141196.766646,200,22709.136310201196.616157,200,22736.23591121412.823619,200,22808.925821141121.355732,200,22837.098921141156.399312,200,22886.50511141980.981269,200,22938.817764121125.738429,200,22981.535711511151.285374,200,23031.664510561176.031874,200,23057.27641055392.714898,200,23125.032571191126.371386,200,23151.998131191196.676191,200,23201.051611020.785576,200,23245.21174181146.392865,200,23295.245231191186.300244,200,23322.195201091181.362274,200,23394.685521131146.018434,200,23445.81575112513.372135,200,23473.054655711146.231152,200,23538.663811111151.381472,200,23565.780311961141.448082,200,23616.2831196.1106.106131,200,23659.8581196.1126.017193,200,23710.0611141.1120.804252,200,23759.183896.0826,197,23760.63639
1181.512241,200,23826.102787
1176.461007,200,23876.170594
1146.044008,200,23903.199959
1171.257034,200,23974.959733
1130.873242,200,24003.682154
1196.771364,200,24053.441365
1151.235606,200,24096.833716
1196.813496,200,24146.120085
1120.865924,200,24174.192193
1196.440918,200,24238.29424511106.246544,200,24288.16474641116.077877,200,24315.15932311963.778687,184,24380.30399411171.428678,200,24406.64673741106.056622,200,24457.967805111176.385338,200,24483.442234111166.552982,200,24556.631201141171.093043,200,24583.97521116970.549404,200,24633.495321121025.81391,200,24700.120862111131.308738,200,24726.688285101181.144267,200,24777.19592511373.466238,193,24819.96723111171.195743,200,24870.80454
1101.347979,200,24897.857911
1075.944106,200,24962.59548
1196.535607,200,24990.613926
610.768519,200,25040.989996
636.075221,200,25112.116688
1196.605303,200,25140.578626
965.303252,200,25190.914942
194.932491,74,25192.380885
1045.891704,200,25256.822931
1156.292869,200,25285.089457
1131.07079,200,25334.680503
1090.908276,200,25378.08777311176.156556,200,25427.79433511040.711459,200,25476.93518311050.923985,200,25521.43977951155.874694,200,25570.744123101106.112351,200,25599.330597111181.407318,200,25669.707767101131.063966,200,25698.019953931181.373111,200,25747.747731165371196.265507,200,25791.0411131.1196.673527,200,25841.161119111100.859235,200,25891.671111461131.619371,200,25918.821111311191.767128,200,25983965.1156805.130119,200,26012.1196.1111150.962272,200,26061.945.11101060.87427,200,26103.1176.1111156.423841,200,26154.1166.1101046.07889,200,26204.210811111186.393018,200,26251191.591111121.241265,200,26301146.221111101.416358,200,26331051.011181071.253748,200,26391086.11112720.212058,200,26421061.0411130.971623,200,264741156.59111085.637407,200,26511126.019111136.156794,200,26561196.751951176.597163,200,26591071.051081125.838951,200,2665965.883113773.512474,200,26701156.18910363.139078,150,267351171.54871151.007702,200,267621146.1111196.483324,200,26831135.964111151.207336,200,26861151.096921115.843407,200,269715.41791151176.614645,200,261121.55371191186.711102,200,21166.318881121131.141051,200,468.34998611051055.905987,2001131.418871121.935.266496,200,1106.145001146.235572,200,27161176.449271186.455056,200,27231181.479781070.946575,200,2721146.36341339895.486877,200,271126.08210111136.394977,200,271076.10560111075.856937,200,271161.1465111166.432172,200,2741000.70861111.090635,200,274861156.53371196.605882,200,27521060.873311176.357814,200,2751141.330229923.819194,200,27601100.744441156.401683,200,2766919.1002111086.027834,200,2771196.54801397.694787,200,27746874.650751091.050311,200,27811126.1081141.543746,200,27837586.58771832.142607,200,278891196.12221100.807655,200,279371121.1560860.371053,200,27987.1171.111753.299054,200,28038.71161.481146.817644,200,28079.248296
1186.403707,200,28131.042151
1081.1323,200,28158.039036
1146.137521,200,28223.590869
1050.90882,200,28250.170278
1050.733544,200,28302.035893
1196.694111,200,28345.132006
827.775823,200,28394.419978
1136.328443,200,28445.937848
1161.015752,200,28495.449837
985.842505,200,28546.180431
1136.374905,200,28573.407755
1181.635971,200,28625.37931
869.646691,200,28668.248017
1105.872418,200,28721.233227
1191.312848,200,28770.951005
1181.221772,200,28813.820982
1075.947498,200,28865.460126
854.68402,200,28892.209915
1136.529042,200,28957.311251
142.929621,51,28958.245739
1186.378175,200,29009.658723
1055.981141,200,29037.79862
1161.01896,200,29109.173835
1156.399664,200,29138.215344
1070.950949,200,29187.537033
1171.431684,200,29252.765521
1151.544802,200,29278.830073
211.685809,99,29301196.414841191.52685,200,293401126.20451196.884444,200,293881166.55191111.265668,200,294351031.06161146.050867,200,294601146.5661146.578597,200,29519.1075.925220.71116.171124,200,21196.71161.21196.606068,200,291151.1191.801191.611152,200,291196.889.797424.441956,192,29611051181.491101.15425,200,29711146823.71141.250773,200,297711911176.883.693503,200,29796.1171156.1181.44999,200,29843.510311861151.408318,200,29881.911710151151.764107,200,29929.310411961125.907418,200,29975.108511111106.061977,200,30011141.21181196.870113,200,30061176.691191196.256731,200,30081121.319251121.037479,200,3011176.41136.1081.100825,200,3011151.31171.1045.884859,200,302795.691196.1136.054268,200,301186.5925.201136.369264,200,31136.21101.081161.333324,200,31181.61196.891196.788099,200,31191.71196.831156.415404,200,3441.71080.920940.56334,200,301075.91166.31050.984908,200,301101.2379.051085.93518,200,3051166.1060.41111.335161,200,3061176.960.00905.814087,171,3062848.1121.01181.603426,200,3061071.109821106.177896,200,3071105.8777231171.154226,200,3071081.2878371146.25858,200,30821141.12888735.011594,200,308511126.13721106.289541,200,308981171.53661035.756047,200,309371191.6751196.724414,200,309841161.51031071.173158,200,310101151.28461136.515567,200,310701095.68821156.383139,200,31117697.028101126.191977,200,31141181.3124161.259962,65,3116111156.448451,200,31210.605108341046.030616,200,31261.59343118407.581441,200,31285.793047571031.123801,200,31345.831601111101.509145,200,31370.66939109848.691381,200,31417.940205111151.416011,200,31478.627467111171.5259,200,31502.844781
1161.442971,200,31550.4028051985.815579,200,31576.61725
940.027255,200,31636.751471
925.425827,200,31663.681349
965.602835,200,31710.683885
1141.208542,200,31756.309426
1116.056024,200,31803.689309
1196.659335,200,31850.603527
1196.617582,200,31889.045755
1141.292129,200,31936.280307
1151.226993,200,31961.646096
1181.377073,200,32024.014178
1136.301842,200,32048.526151
1126.019207,200,32095.640147
624.719665,151,32132.715255
1191.590115,200,32179.307974
1070.863954,200,32204.062917
874.515342,200,32271.975139
1131.455283,200,32296.89256
1040.730628,200,32344.391987
1046.07978,200,32391.693486
1121.515641,200,32427.829633
1136.376462,200,32477.688592
1156.445449,200,32501.971817
1151.559622,200,32562.245037
1151.560002,200,32586.72293
1196.539168,200,32634.940884
1141.146232,200,32673.617594
1075.908773,200,32720.747692
175.0934811136.698842,200,321111.392187,1055.886749,200,321176.557373,1115.890371,200,3382.05815,2001131.071005,2001186.481192,2001191.675905,2001196.611376,201136.336573,200,1086.007454,20402.200369,200,3458.22759,2001131.016035,2001181.753657,2001166.365106,200364.205103,1801141.310578,2001136.128834,200453.392803,200,1091.02669,2001085.879045,2001196.78654,200,1106.089193,201196.795948,200,1196.783972,201121.134701,200,1116.128881,201111.171477,200,1055.934871,201120.792559,200,1146.506746,20401.993871,145,31010.932062,21196.401951,200,31105.995697,21160.929537,200,31131.061795,2893.638301,200,331166.3231211151.138051,200,336401.949672,1171.570548,200,331197.153504,1166.480051,200,331146.453817,1056.079592,200,331191.443475,1181.564598,200,331171.408726,1146.416878,200,331121.356456,1106.060653,200,31055.942792,21121.232443,200,31116.324458,21181.537805,200,3412.23825,2001126.1853,200,31121.005303,21156.27437,200,341166.292802,1080.948416,200,341146.320845,1156.383372,200,341191.649212,1181.085216,200,34560.012337,21101.02136,200,341051.108626,1156.356869,200,341141.195408,1196.807767,200,341186.81666,2992.348134,198,34442.998539,2570.464049,174,341136.325797,1151.715963,200,341166.4041221141.255787,200,3441166.0765091196.984454,200,3451106.6467181060.977206,200,345995.946242,1040.688807,200,341171.683589,200,34595.62008
1146.306993,200,34655.845189
1156.366533,200,34681.085567
631.593705,1035.597091,200,34195.471554,61086.200566,200,399.291507,2001176.630284,1156.583278,200,34930.666355,21171.190767,200,31025.591297,2802.090577,178,341181.443845,1131.145643,200,31166.56172,201121.194665,200,1030.818821,201196.590621,200,1080.93316,2001126.155752,2001196.781998,201076.072308,200,1196.922516,200,35157.973443
1075.905614,200,35195.98237
814.94574,200,35243.706501
1151.349062,200,35268.295749
1101.10725,200,35330.143218
212.705204,144,35353.619334
1156.340423,200,35401.426309
362.684721,200,35446.438853
1111.281004,200,35495.189445
1106.038126,200,35519.535553
1121.344885,200,35567.384006
1181.569122,200,35606.354764
1136.990177,200,35653.707993
1126.223556,200,35679.344273
1141.513832,200,35738.638179
990.613422,200,35785.969334
1186.383823,200,35811.372012
596.1146.288841,200,35849.4371181.1196.877982,200,35896.7231081.1121.535599,200,35943.4221116.1121.639947,200,35989.738322.11156.314904,200,36036.551196.51065.731052,200,36063.051131.01055.928672,200,36123.321146.41035.84593,200,36147.3171161.820.191624,200,36196.0431501.1151.478762,200,36234.22310401171.268341,200,36282.072911461056.144092,200,36327.768111561181.673944,200,36367.091096.01075.757844,200,36414.21176.491101.101559,200,36439.51126.071171.596342,200,36487.0436.1141156.437584,200,365321070.11611101.147558,200,365801121181.1196.917656,200,36627.1196.841091.234105,200,36663.5462.172181.994567,60,36689.571176.21166.698497,200,36714.571146.31045.744406,200,36762.521131.61146.402252,200,36800.82433.391050.662038,200,36848.1196.4961166.261197,200,36873.1171.7581186.505739,200,36932.1156.3651075.980282,200,36978.905.34951155.925199,200,370051176.36771156.492613,200,37072.090059
1136.239177,200,37098.943506
1196.51478,200,37145.582575
800.940645,187,37181156.324171136.221705,200,3721161.4150161096.154027,200,371176.661049,1151.242881,200,371076.17224,21161.375292,200,31141.710748,21171.465454,200,1131.376518,201151.239623,200,37450.888988
1066.337869,200,37475.158146
1116.146494,200,37521.934754
1176.37145,200,37567.390423
408.878857,200,37615.199342
910.384885,200,37640.257219
1130.974925,200,37699.682849
1146.776487,200,37747.441015
1161.231207,200,37772.364244
1091.327092,200,37819.661268
1156.222594,200,37858.065656
1187.062158,200,37905.708813
1081.231024,200,37931.746688
757.779569,142,37968.321141.71105.993408,200,38016.671151.51110.890114,200,38063.311191.6893.306057,200,38108.211026.01110.989557,200,38154.111131.1191.745469,200,38179.4371176.943.654726,200,38239.643611861140.973478,200,38264.071611761035.516808,200,38312.2791166.1196.716259,200,38372.8251135.1176.55124,200,38398.036611461196.706086,200,38445.418511461176.57983,200,38470.90167115930.356013,200,38531.472179111141.363048,200,38556.767566951181.150853,200,38604.18755112275.574799,138,38649.908351191000.943165,200,38696.230361171171.555731,200,38721.530311101166.436279,200,38781.905811511196.642542,200,38807.597811861040.899568,200,38854.586511611171.423019,200,38891.942111461166.556055,200,38939.779611411186.105379,200,38963.97471191126.172974,200,39024.073561191066.555579,200,39072.944111071151.183801,200,39097.761937331196.885961,200,39165.331935.71136.461566,200,39190.71181.64990.787584,200,39237.781196.21197.071642,200,39263.406188
1181.478228,200,39323.221502
1080.872627,200,39370.860912
1075.925809,200,39395.455637
745.32091,200,39456.819762
1176.395215,200,39482.300933
1191.61988,200,39529.222005
1096.027366,200,39566.859969
1121.317303,200,39614.742539
1171.524181,200,39639.565093
955.801039,200,39707.450911
1116.113017,200,39755.975485
750.541539,200,39783.190948
1196.576898,200,39842.441773
162.000295,50,39843.481176.1086.425117,200,39891.2611181.1161.87961,200,39916.536311961196.380445,200,39977.3841091.1146.231127,200,40003.8461091.1135.995145,200,40050.911141.11161.516803,200,40111.921005.81176.427793,200,40138.54717.921191.807625,200,40184.71186.46990.968607,200,40229.71095.921136.194063,200,40277.41196.431091.172188,200,40303.11136.231176.254463,200,40362.1045.95856.069019,166,40388.291096.21156.601723,200,40434.66395.53509.823205,152,40460.251131.01141.464038,200,40499.071101.21186.841542,200,40545.401041.01196.721971,200,40591.611191.6930.136172,200,40631.351045.8858.289205,200,40677.5061121.1146.052149,200,40704.0421146.607.819244,170,40769.8861196.1121.259347,200,40795.804925.91156.336433,200,40842.281146.01156.318998,200,40880.91196.801276,200,40904.901693
1176.51873,200,40953.328911
1125.918001,200,40978.804628
1136.277096,200,41038.488506
1196.766513,200,41087.081258
476.0980.363085,200,41110.8291146.1086.468702,200,41172.3021086.1196.700619,200,41197.011161.1161.50264,200,41243.656111161141.027356,200,41289.272710301166.443145,200,41335.633411351156.358705,200,41361.931711261196.446043,200,41421.387111161130.881041,200,41470.172611411031.144576,200,41495.027811711121.308165,200,41554.7803843.1146.173135,200,41580.1801141.1166.898335,200,41627.1391171.1090.872726,200,41653.201699.695065,200,41712.640161
1146.208903,200,41739.166719
1146.125643,200,41786.652289
1126.22816,200,41832.04682711196.738552,200,41879.395533111040.771585,200,41905.54114410292.322727,200,41966.228689101171.473714,200,42014.06699211709.914648,200,42039.52129781196.514495,200,42098.88882102704.019536,191,42125.845344111156.095283,200,42173.519441191181.407307,200,42211.74651196748.671671,154,42236.08813101126.641577,200,42282.448426111060.914486,200,42329.038834111015.854046,200,42374.524471181171.567785,200,42421.854201091181.5353,200,42446.19302611121.330433,200,42507.73967511166.499004,200,42532.39610611186.726011,200,42579.98629711151.483226,200,42637.91718111196.51652,200,42663.753966
1126.24288,200,42709.737758
1146.453672,200,42748.205561
1136.520856,200,42795.30338
885.060421,196,42821.974813
1110.82646,200,42887.982671
1196.413238,200,42915.0267291667.063862,152,42959.927361
1166.616414,200,42987.053536
1196.372667,200,43045.675997
1156.226679,200,43072.86908811196.61628,200,43120.215824
1186.511438,200,43159.14165
1151.555385,200,43205.590712
898.798564,200,43252.564613
1036.264142,200,43291.305423
1146.48229,200,43314.6929931940.294933,200,43362.728266
1045.844551,200,43430.159382
1096.524984,200,43454.816513
1156.3934,200,43480.8948711910.702863,200,43528.211235
959.692198,190,43566.336078
936.856052,193,43590.039
1141.080192,200,43638.232769
1086.181381,200,43698.033483
1196.560151,200,43723.773434
1181.405734,200,43769.958386
550.931742,164,43807.053213
388.871005,200,43854.522442
641096.207553,200,43881.204931106.234002,200,43906.963232
651196.478778,200,43950.63181171362.939503,200,43999.6449655.1176.348024,200,44023.511121.21196.431501,200,44082.41824.31065.912851,200,44129.761111.458831,200,44154.735642
1196.375529,200,44214.219619
950.251401,200,44240.105819
447.11166.592237,200,44288.29411.61386.61487,200,44325.5381191.1166.195033,200,44372.39657.551196.753475,200,44397.4924.951171.553113,200,44445.4950.332697.584295,195,44487.51121.561146.298974,200,44536.71161.251136.302686,200,44584.31146.46659.925767,166,44621.01126.37940.935526,200,44644.601176.21025.600707,200,44694.611100.91005.599458,200,44752.461040.8905.015408,200,44776.99011961085.532927,200,44825.521811661146.515459,200,44863.03521131717.32883,184,44909.831639951197.022774,200,44935.162381151196.400992,200,45003.044071081141.296644,200,45028.71181.531151.104704,200,45075.4420.934312,126,45098.160216
1186.62655,200,45137.983427
899.873661,200,45184.466514
1156.137303,200,45231.359641
1116.258794,200,45270.076534
1166.747419,200,45317.093833
1085.861781,200,45343.637414
1141.147738,200,45403.05299
1191.240379,200,45428.902336
1045.699965,200,45476.034912
1196.725074,200,45541.78324
1111.286624,200,45569.352113
1010.990503,200,45614.848258
1146.180117,200,45654.060968
1161.299525,200,45700.019391
1166.625759,200,45726.685981
1080.891711,200,45786.379717
1176.579692,200,45812.676231
1196.530808,200,45858.755635
970.855734,200,45904.343775
1176.528231,200,45943.50052
1145.971152,200,45988.882173
1141.216799,200,46016.324896
1065.777427,200,46082.034901
494.267396,114,46107.598188
1146.249011,200,46132.081204
1196.74989,200,46191.805821
1161.686103,200,46216.311257
930.606902,200,46263.251854
1156.112675,200,46323.163857
565.497967,200,46347.368039
487.000747,200,46395.041127
1191.979866,200,46420.259561
1197.029602,200,46480.830948
1161.294522,200,46506.151402
945.578034,200,46552.674463
711.447682,141,46596.760477
1166.587356,200,46645.007781
1110.965907,200,46670.863696
680.991951,141,46707.567094
1186.378556,200,46755.256072
1046.185141,200,46780.176977
1151.499417,200,46840.27626511171.389185,200,46865.651713111161.564271,200,46911.727263111091.126143,200,46959.29109611955.609607,200,46996.914469111141.087,200,47044.645038
373.623356,155,47069.981915
889.72863,200,47114.839078
1005.987407,200,47162.637719
635.437677,199,47209.592023
1151.143681,200,47248.431294
382.186502,200,47294.333586
925.611072,200,47321.457837
1161.500435,200,47381.11897
945.310133,200,47407.014484
1156.475132,200,47454.221737
1131.133624,200,47513.341716
1141.472416,200,47539.567642
1120.982369,200,47584.47199
1065.885557,200,47630.74313
1176.275012,200,47677.432934
1196.761092,200,47704.20594211126.630296,200,47750.60559911005.726815,200,47789.62951111196.734201,200,47836.20588891146.534671,200,47881.481583101171.582957,200,47919.718344101166.430481,200,47965.968935111151.299861,200,47991.717911111130.889435,200,48050.91501311966.038005,200,48076.84848511151.403879,200,48123.88728911197.194203,200,48190.04223511980.985502,200,48216.50957511181.613629,200,48262.69035411085.846497,200,48301.73190869659.933355,129,48325.66427101021.000197,200,48373.249768101176.599325,200,48398.62091186698.28433,159,48457.58536111055.875532,200,48483.6934851968.847603,200,48531.021454
1191.451366,200,48569.391294
1161.271718,200,48616.46805
1116.178209,200,48642.304922
1156.344818,200,48709.621636
51110.800396,200,48734.1477591156.211884,200,48782.658187111106.259285,200,48820.5268981090.881735,200,48868.912311101196.282865,200,48892.98041041171.286951,200,48940.205358041101.055373,200,49001.550310511166.433091,200,49025.1661196.1121.402249,200,49075.7791196.1156.22307,200,49112.1321865.151649,200,49159.35396
1086.13704,200,49183.624902
1086.080525,200,49250.63102
1131.84282,200,49276.672839
387.091001,200,49324.304106
1066.116357,200,49384.892318
880.240961,200,49409.258943
1125.839168,200,49457.930237
1166.59692,200,49496.932022
1126.620836,200,49545.125947
1086.225613,200,49571.431362
1111.401449,200,49630.644243
1111.673684,200,49655.421573
1171.378106,200,49704.428
386.742174,200,49770.990842
980.959575,200,49797.27101
1136.588583,200,49844.714858
1141.329385,200,49882.535936
1070.708861,200,49928.853007
950.733588,200,49955.076154
1191.781384,200,50001.91968
1131.502019,200,50061.156262
1197.052982,200,50086.948444
1171.148586,200,50134.176179
1196.651194,200,50172.447832
755.499637,166,50218.901456
331.968187,76,50220.290338
1106.4212,200,50266.727191
1116.311516,200,50315.268361
1141.367327,200,50359.530911
183.393001,51,50360.463007
679.69585,172,50407.337267
850.537099,200,50447.195027
1196.770711,200,50493.333497
1036.128132,200,50519.582082
1116.187701,200,50579.677334
985.987368,200,50606.418217
733.310132,186,50652.314908
1196.44807,200,50691.834744
1186.874868,200,50739.90254
1136.105862,200,50785.767732
1191.566781,200,50833.44207
1146.576944,200,50878.784442
1106.329595,200,50906.684403
804.298883,200,50964.55935
1045.986642,200,50992.469136
1015.717323,200,51038.667025
1146.022924,200,51076.565575
1146.417044,200,51124.303314
265.41876,58,51125.512955
1111.279063,200,51173.229422
1171.342833,200,51234.592944
985.595994,200,51259.643274
1196.658279,200,51307.338855
1101.124866,200,51352.894135
387.074146,145,51377.78781
203.077826,62,51399.557523
1186.573034,200,51425.568651
864.031892,200,51485.465222
1101.462719,200,51532.333259
1146.682061,200,51557.957083
1106.32396,200,51618.492517
1181.279999,200,51643.760112
995.730796,200,51689.989614
1166.485711,200,51716.442138
1141.000248,200,51775.771968
396.138712,184,51801.193325
1071.07665,200,51847.739601
176.883505,66,51869.030686
805.141429,200,51916.393533
1121.199791,200,51963.905063
1150.769395,200,51988.54158
1186.347764,200,52049.282203
1176.433232,200,52074.695609
1015.687415,200,52120.967533
1106.027836,200,52160.774334
1176.766077,200,52206.939324
1015.798567,200,52253.078591
1046.097619,200,52292.817646
1096.174228,200,52339.266773
1055.928487,200,52366.108785
1143.527907,199,52434.008363
1136.051732,200,52460.853813
964.45192,185,52506.87813
1146.133509,200,52546.428056
1121.125937,200,52592.302302
1130.877207,200,52618.744506
1166.309446,200,52678.845674
1151.146227,200,52726.005925
1080.953912,200,52751.583477
955.518207,200,52811.578439
1151.506373,200,52838.401105
1116.35593,200,52885.655379
1146.208342,200,52911.318113
1130.986888,200,52977.815672
848.927214,200,53025.66708
301.633415,76,53027.41301
1106.307806,200,53086.143871
1141.543899,200,53113.468022
1161.495904,200,53158.030403
1141.466486,200,53197.774145
1136.547589,197,53244.322547
1171.286587,200,53271.257843
1171.449064,200,53317.726178
1121.394489,200,53378.527713
1111.216245,200,53404.549059
1010.761616,200,53451.575294
1145.968947,200,53497.824639
1196.360017,200,53544.897872
1115.995765,200,53571.378639
391.478594,179,53630.078412111096.042209,200,53657.378757111141.219617,200,53702.900131191090.927561,200,53762.879881081126.515679,200,53788.47104119975.695624,200,53835.794173111136.11485,200,53873.72957411145.978353,200,53921.53659811136.233013,200,53947.33308711111.142759,200,54014.83704
286.709722,160,54038.366185
1106.335903,200,54086.438914
1126.127065,200,54110.6572
193.67897,89,54148.654764
1031.297912,200,54195.064872
369.06907.451547,183,54220.61710.821141.526762,200,54245.1196.346861,200,54283.027611
1086.137324,200,54330.005357
1146.155893,200,54356.036545
263.076612,130,54414.693292
421.71196.702462,200,54441.21111.071156.357343,200,54464312.83061151.563963,200,545141151.5872991.000924,200,54557.1166.294689.697094,161,54606.6673.437940.076677,196,54630.31106.111035.652943,200,54690.21120.91060.869623,200,54715.641146.5207.725282,105,54624.1881126.1136.610601,200,1181.6368603.01196.371825,200930.3484925.648904.384174,190897.88001035.861121.183161,201101.074756,200,1196.742845,201151.562782,200,1005.93868,200337.919877,200,1086.063771,20975.802015,200,382.569943,2001196.803655,2001136.579269,2001106.203466,2001196.431316,200362.825569,200,452.928824,200790.107968,200,1095.935059,200,55259.740024
1136.322198,200,55286.810949
1085.883289,200,55346.868563
1015.432656,200,55372.307724
950.709992,200,55419.622895
246.437359,91,55443.596186
974.248285,195,55481.491861
1151.290535,200,55528.180627
255.261812,61196.782569,200,269.585895,1561196.746599,200,55622.080961
1196.280653,200,55648.978491
1156.423062,200,55695.02859
940.895359,200,55755.005452
1091.339855,200,55780.690711
1135.882239,200,55826.924403
1095.915881,200,55865.716636
1116.19407,200,55912.534434
1116.191562,200,55939.394012
1151.694507,200,55997.281966
1016.155672,200,56023.696058
1196.8848,200,56070.299994
711.775002,136,56096.884008
1191.887445,200,56162.495975
1056.421413,200,56191.166831
1040.982233,200,56237.605353
994.568662,195,56275.578332
1196.622774,200,56322.7093
1121.42593,200,56348.509722
995.435128,200,56408.660477
1091.287141,200,56456.096483
1181.640286,200,56481.646823
1131.515919,200,56542.207751
1026.062279,200,56567.769389
242.117123,76,56592.034152
1156.456977,200,56617.957552
1156.35124,200,56684.443057
1197.162418,200,56732.937571
1070.964387,200,56757.330028
543.942832,167,1086.160406,201196.539672,200,1025.907991,201126.02971,200,51196.417291,21111.393827,200,56929.063139
1196.851537,200,56977.254027
1106.180228,200,57003.834525
1116.442505,200,57052.934272
1116.176887,200,57090.085716
1040.804953,200,57137.466705
1076.340531,200,57162.353178
1181.743302,200,57230.635542
1007.406818,193,57277.694432
1156.063063,200,57302.567954
484.2488,169,57341.405088
1135.971239,200,57388.710784
1176.526137,200,57437.031603
1171.247975,200,57473.838632
1161.689642,200,57522.860695
381.720105,185,57548.492191
1136.33521,200,57608.398287
1116.182798,200,57634.070862
629.933353,163,57659.385144
1111.162532,200,57706.443408
1010.72311,200,57772.178954
1126.238556,200,57797.061201
1176.568948,200,57845.765817
1171.271107,200,57883.001239
1166.489127,200,57930.493825
1100.955934,200,57956.59271
1161.37762,200,58016.371648
1105.908985,200,58062.562778
950.730617,200,58088.647698
834.603818,200,58148.957961
1115.85512,200,58175.106281
1131.248496,200,58220.711002
608.549504,155,58266.041235
1146.372365,200,58313.04138
1120.770939,200,58339.280588
1121.781833,200,58399.445532
1110.907338,200,58423.740228
1146.046936,200,58472.229069
1120.911289,200,58497.241705
1186.412061,200,58558.7494
1141.482862,200,58605.110563
1095.912841,200,58631.285603
1141.558443,200,58690.713742
311.702549,136,58715.608992
930.640638,200,58741.226448
1146.106467,200,58808.659428
406.349601,122,58833.787183
895.706421,200,58859.226232
1115.734148,200,58907.627442
1176.696408,200,58944.681126
1196.578026,200,58992.786537
1161.366561,200,59042.127412
1186.391629,200,59078.194017
1050.706329,200,59127.135854
1176.472548,200,59151.471967
1110.633371,200,59213.068565
1005.528981,200,59237.407313
428.315923,200,59286.749816
1000.882538,200,59353.712158
1196.795024,200,59377.604444
1166.329744,200,59426.148206
1140.990707,200,59463.581583
995.494706,200,59512.966726
1100.906385,200,59537.420303
1100.968879,200,59598.801103
1141.272853,200,59624.002934
1120.936054,200,59671.416261
1146.485018,200,59731.11641
1120.87704,200,59758.637143
607.259253,160,59780.024097
1131.037142,200,59827.987338
1191.063362,200,59896.3207
1136.156636,200,59920.966212
1045.800998,200,59969.724184
1081.259121,200,60007.286773
1131.321169,200,60055.947648
1176.463713,200,60081.965517
1176.752083,200,60141.906835
1176.702663,200,60167.347404
797.187239,200,60214.549318
524.619331,162,60249.513117
1186.522711,200,60298.866823
996.178354,200,60323.190289
1151.423581,200,60391.925105
1171.180943,200,60438.655018
622.574046,133,60463.203855
819.23822,200,60488.340893
1030.913586,200,60548.677384
1116.035586,200,60574.788976
1041.203411,200,60621.973491
1135.762741,200,60660.908796
1166.490017,200,60707.632088
385.857483,127,60733.008469
1141.540791,200,60779.48258
288.573368,77,60793.83991711141.102906,200,60841.57956311120.998253,200,60868.314815921065.672319,200,60935.006971161196.609927,200,60959.672711141141.274766,200,61006.87762110292.439205,71,61008.19648811146.37333,200,61069.25482511080.919268,200,61115.62647511151.128046,200,61140.729849111111.142901,200,61200.457929831080.605826,200,61227.006337
790.109172,200,61273.17212
1196.73377,200,61313.432094
1105.910534,200,61360.441776
1090.849684,200,61407.548004
834.90998,200,61453.437195
1115.923377,200,61499.181919
392.804288,200,61526.234592
1141.036511,200,61571.173694
1176.597598,200,61611.436075
1151.254177,200,61657.753606
990.77619,200,61685.168421
1196.332208,200,61743.893089
1166.558896,200,61790.847454
1166.536003,200,61817.467006
869.787636,200,61876.703129
1186.247143,200,61903.115326
1166.220103,200,61950.431885
343.046657,124,61994.186788
1116.153685,200,62019.947886
399.478291,149,62066.61132
944.524919,200,62091.852953
1065.84764,200,62151.869847
247.367129,130,62175.368243
329.573928,1211135.937648,201196.881022,2001070.845547,2001196.466319,2001121.07507,200,1111.253767,201141.164974,200,1141.407831,200,62357.9747
1271060.802532,960.532428,201156.1196.5029511085.949716,2011611191.735582,200,62468.09811045.701064,200,62514.034484
398.310206,200,62562.775081
1176.261407,200,62588.747241
1151.140445,200,62636.992483
1196.467724,200,62675.230225
730.195348,200,62722.846303
1146.24305,200,62747.896206
1196.556361,200,62808.504773
1131.310474,200,62855.838421
402.328318,200,62880.831283
1181.464542,200,62941.772203
1131.092697,200,62965.914557
383.270925,200,63016.108024
501.556464,165,63059.43497
960.271749,200,63109.688968
980.90429,200,63133.181347
1076.48825,200,63193.950241
1176.409512,200,63218.848549
954.992333,200,63267.785056
1025.57783,200,63307.028832
1141.367221,200,63353.692206
1110.918039,200,63401.433039
194.939152,69,63402.708315
148.410901131.085395,200,6341181.4211451196.682765,200,6341090.8719641040.622371,200,635418.117859,664.094452,166,6351146.2397521130.968807,200,636341.960.7531116.271667,200,631121941.01771000.620501,200,631191196.61511086.265511,200,631096.043164,613.71136.359338,21131.40341,200,631111.472297,757.2436351181.5741196.6830821121.202771181.46361176.6112331161.406601131.22911186.3266701005.661431196.84481106.0311151146.213541186.624849,11961106950.232509,200,6401191126.403398.931778,200,64078.417.8735413.191677,200,64123.1095.1131186.486372,200,64171.1176.1141197.111157,200,64220.949.64961171.077171,200,64257408.762691146.189703,200,64301121.073081196.845072,200,64331121.049581134.898223,200,64391156.009121146.435151,200,6441448.6427151171.565115,200,64463.6945975.1106.044453,200,64502.408880.7725.722072,191,64548.381181.3409.447439,169,64575.5191196.1181.362732,200,64622.0521186.1105.737115,200,64668.7441025.1126.257616,200,64715.141070.966403,200,64741.683.3017343.522977,200,64778.1176.0631111.465963,200,64825.1196.573409.695666,200,64850.8769.6821136.16236,200,64899.81196.761126.354453,200,64936.91126.211136.438953,200,64985.6799.3821156.290388,200,65031.1196.601166.551096,200,65070.3774.599423.991515,200,65115.1749.5931025.866893,200,65141.357.91341156.381749,200,65209.184409
443.223056,200,65235.154937
1186.433806,200,65282.297482
1090.978733,200,65319.87535411196.42667,200,65367.951089
1166.212209,200,65415.568054
1036.102763,200,65453.140907
647.788287,127,65479.469594
430.656086,172,65511611166.451140.998994,200,651160.1151.33969.456896,200,6561095.965.811186.549953,200,656880.451869,1045.69498,200,65685.08269
408.236425,200,65729.61806
352.120733,118,65754890.405731181.68827,200,65801166.878581166.242977,200,6584929.96296,1161.232758,200,65950.126946,2402.913011,200,651075.71717111151.435691,200,65468.309958111166.331793,200,6995.827212,981156.298948,200,386.974902,901100.841423,200,66095.50780115860.203756,200,66133.677701111096.080085,200,66180.278114111146.575989,200,66206.730693111166.025725,200,66272.14126372815.340846,200,66319.89188740940.706523,200,66344.775392
1136.146873,200,66405.864981
341.177825,111111.240424,200,1151.824774,200,66454.45412111403.953083,91196.419038,2001196.842889,2001151.255553,2421136.055446,201111.165065,200,1191.625525,1101.072317,200,66733.135991,419.557643,170,6661100.999811046.218205,200,6670391.7843611181.471052,200,6671196.5722091121.174559,200,667387.962649,1116.421959,200,661111.408105,1020.538532,200,61181.454086,21106.284504,200,61126.170011,21196.562663,200,66976.12183
1021.371312,200,67000.101684
1116.031719,200,67059.53978
1196.404673,200,67086.548842
1100.938958,200,67133.587201
1156.290469,200,67171.456028
1176.419717,200,67219.436252
1166.266925,200,67266.599584
1166.193603,200,67312.293872
1196.492726,200,67360.530708
1091.398352,200,67384.487136
422.923627,200,67444.649568
1136.392047,200,67469.007407
1156.591412,200,67518.560636
1196.627344,200,67544.591345
339.932129,122,67580.853569
1196.170815,200,67628.266767
1166.45365,200,67675.578486
506.895501,200,67714.353538
653.150222,175,67738.903715
1051.294037,200,67787.379996
970.641754,200,67854.77842811171.237875,200,67879.70388941065.916843,200,67927.237277111066.015278,200,67966.358914101196.586469,200,68012.964533731166.149601,200,68039.67341161743.279843,198,68086.3564695.685.790049,130,68124.165910811196.407998,200,68169.6867117925.34086,200,68195.51146411096.054895,200,68256.12405211116.211659,200,68281.4944811955.607161,200,68328.688195
1126.337323,200,68375.045955
818.343158,200,68421.614095
449.470984,131,68445.481904
1186.290465,200,68492.473099
1161.570653,200,68531.263285
950.665808,200,68578.072856
1166.412362,200,68603.34042
847.514567,200,68664.124548
6531066.008349,200,68686.316911611161.267581,200,68734.30601121.407271,200,68773.859603
1146.188763,200,68822.858782
21196.22459,200,68821.824174931176.720714,200,68869.130621191146.265387,200,68914.627979351196.529629,200,68961.8971135.549.589471,200,68987.389311561121.241515,200,69047.4991121.1126.425678,200,69095.0741161.1041.572117,200,69122.0251171.1166.440836,200,69181.782597.01156.448239,200,69207.81191.41156.090919,200,69256.01176.281055.503134,200,69293.41161.551130.952325,200,69340.71111.071136.167689,200,69386.11005.711191.458829,200,69433.3544.7581171.47645,200,69478.4553.1961111.119332,200,69506.1146.0471141.333759,200,69551.1026.0401156.286304,200,69591.975.70411151.565448,200,696371096.0311611.604131,175,69662.336324
683.005904,127,69698.338196
885.001028,200,69745.430274
1091.360081,200,69771.395608
1151.345752,200,69830.937018
1106.355933,200,69880.668068
1166.366786,200,69902.827762
1186.265441,200,69971.610425
1136.193758,200,69996.562319
1086.231685,200,70044.435439
1181.363645,200,70071.154186
1046.198854,200,70130.816323
1121.034468,200,70155.916276
1055.990739,200,70202.083484
1166.381106,200,70262.505934
1171.480756,200,70289.218569
1161.230484,200,70335.786178
1116.058164,200,70374.426109
1156.480073,200,70422.018209
1086.012346,200,70448.156096
1191.533635,200,70514.802728
1136.130417,200,70560.840575
1166.327448,200,70586.452497
1086.162968,200,70647.033433
1145.821523,200,70671.0843
1141.035695,200,70719.860344
1055.840155,200,70757.594433
111091.091191.400952,200,7011118965.511186.733835,200,70106111136.101106.194772,200,701151141.327232,200,70913.698127611126.178441,200,70939.890610711045.9985,200,70987.433687741136.42949,200,71033.512961081146.473459,200,71079.487111101166.380148,200,71106.482571191075.803304,200,71167.691141191176.437134,200,71194.486001141131.352597,200,71241.65266110965.859224,200,71302.111098351191.388789,200,71328.42685111111.301397,200,71375.11108211880.48047,200,71413.490828
748718.034914,148,71440.410111151111.083904,200,71489.18611111091.075191,200,71535.598410861196.542069,200,71581.66181146964.787039,200,71628.028901131181.692189,200,71652.823541151166.100293,200,71712.76151117940.73215,200,71737.9657454617.166397,165,71785.96699
1136.355933,200,71820.811741111171.213139,200,71845.744079101176.671751,200,71894.0298211141.37527,200,71941.868292
1191.558186,200,71978.716868111040.938387,200,72026.199091001141.200546,200,72053.51927879875.117487,200,72120.500431196.659437,200,72146.808218
1146.362205,200,72194.32615411136.230081,200,72230.69390211015.304926,200,72279.737911111106.039187,200,72304.247193111176.798146,200,72365.962794981181.428401,200,72389.938081161061.207531,200,72437.733871161141.416906,200,72497.987041181076.10807,200,72522.9272911161.244014,200,72546.370003
1081.33733,200,72572.953085
1096.30123,200,72639.10826211196.961992,200,72666.36524181131.19202,200,72712.030432111191.546286,200,72772.283674111116.235197,200,72797.863086921050.840118,200,72844.4926864.985.822874,200,72882.6738362.1115.867652,200,72931.274840.31065.982339,200,72957.461191.61050.887849,200,73016.821181.2417.893862,200,73042.981763.7239.68623,63,73066.500110351166.565206,200,73113.210211961141.384507,200,73156.373011911020.780734,200,73204.96311116.665851,200,73230.166557
1191.290839,200,73291.580834
1191.663928,200,73317.846991
1196.583168,200,73366.090918
1126.268208,200,73389.928173
1171.640429,200,73449.818621
1191.341651,200,73498.59668811156.563886,200,73523.6536
1151.540946,200,73584.616612
1156.246616,200,73608.400844
1131.365728,200,73657.862947
1186.653304,200,73701.457486
1030.907432,200,73750.764846
579.228755,162,73775.779967
1116.434098,200,73834.007786
1196.46392,200,73859.874084
1171.316428,200,73908.43064
649.915995,157,73944.923272
1161.182148,200,73992.961594
1171.532449,200,74016.99599
1000.301716,200,74064.911919
1095.971981,200,74102.334826
1141.249375,200,74149.445788
1131.291984,200,74175.732437
1025.919899,200,74242.411957
1156.449899,200,74290.821886
1106.125686,200,74315.329561
1131.218909,200,74375.849512
428.414981,87,74377.493949
1196.476049,200,74425.260033
1010.730506,200,74485.066576
1015.627028,200,74511.134326
1176.432669,200,74559.241334
1035.658895,200,74585.116805
1136.152333,200,74645.253442
1141.327167,200,74672.677619
1066.090854,200,74719.437115
569.144092,151,74764.038981
975.90638,200,74810.9584
1116.164444,200,74836.96875
1181.802181,200,74896.883445
1196.534887,200,74923.040759
1176.571686,200,74971.470469
498.812579,146,75009.12904
874.689425,200,75056.109941
677.209506,189,75080.956722
1196.527219,200,75127.980026
970.528483,200,75165.075336
1171.465585,200,75213.419212
1136.127309,200,75237.109446
1181.401487,200,75306.326072
1106.139594,200,75329.123161
743.048012,153,75376.748406
1040.672185,200,75413.800379
1091.041857,200,75461.650222
1156.199418,200,75487.719647
1176.940442,200,75547.723141
1121.139729,200,75574.341959
1196.493856,200,75620.968072
889.629992,200,75679.42756
1151.385026,200,75704.807886
1171.254233,200,75752.689857
1121.130042,200,75777.329914
771.959396,157,75844.76924
741.704918,174,75869.241014
1151.340444,200,75897.371322
945.783648,200,75955.316842
794.419157,200,76002.940895
1131.323619,200,76029.007345
1101.088526,200,76087.780418
1116.198987,200,76115.676659
1181.713164,200,76162.008468
1196.814084,200,76201.62621
1010.978162,200,76247.631368
1080.954307,200,76273.172288
920.586906,200,76341.480275
409.353078,126,76363.770218
1101.083082,200,76413.78024
1186.399293,200,76437.358064
1085.854813,200,76499.911805
1141.55887,200,76522.121168
1146.280568,200,76571.496316
1186.319563,200,76606.773266
1126.333026,200,76655.720755
1171.392029,200,76703.418887
1086.21239,200,76741.099185
1126.348122,200,76789.098915
1121.083699,200,76813.525457
448.099542,200,76880.886708
1151.273919,200,76906.224112
1125.736686,200,76953.489905
669.875268,124,76977.297047871131.579656,200,77014.784411411126.22727,200,77063.149061051090.771354,200,77109.949178141111.126438,200,77148.43521161664.168169,156,77174.006511161171.435461,200,77222.308910861116.005068,200,77261.416111511126.283565,200,77308.3926703.1181.34411,200,77354.782111401171.164198,200,77400.838911661136.064099,200,77447.457811961085.897472,200,77474.135711811126.033301,200,77533.20161166.535993,200,77536.172815
1050.804506,200,77583.458356
80771.875831,188,77607.4740331136.464864,200,77656.053663
1131.039802,200,77693.748275
1156.092052,200,77740.848342
1090.857833,200,77768.410567905.542416,200,77824.27744
1176.522749,200,77850.68997
1070.673012,200,77898.448224
1025.769915,200,77943.115014
835.237916,200,77990.439216
353.30474,200,78015.889758
1125.720055,200,78076.504832
403.268696,200,78123.065116
1115.77999,200,78148.443662
519.23094,151,78187.624689
594.541242,200,78233.20927
1176.396287,200,78260.255562
1176.208754,200,78307.287688
1136.106351,200,78364.716085
1161.272079,200,78392.262182
1176.401567,200,78438.839431
645.19990.761605,200,78486.30721.06957,200,78509.037456
404.525622,165,78554.002491
1030.816014,200,78591.615142
1141.329402,200,78640.565815
1181.521394,200,78666.472667
761.25324,151,78711.992325
1176.530362,200,78750.418064
1186.46145,200,78796.637626
1125.87057,200,78823.599054
1125.877184,200,78881.600725
1081.344624,200,78907.243557
1196.699596,200,78953.852344
631.41171.426685,200,79000.7910.0821086.043743,200,79041126.029,21161.185187,200,71061.069879,21055.853709,200,7425.357829,891080.72498,200,745.565386,1451076.041047,2001166.397486,2011106.187,200,791096.025558,961.778272,182,7921050.852964699.808619,145,79311155.91391071.327112,200,793641136.14391131.20537,200,79404.1116.1671010.86541,200,79453.664205
890.314644,200,79479.513046
1035.806092,200,79546.209947
263.791631,88,79569.71025.761116.093184,200,79595.975.70421196.738645,200,79641186.36251161.186806,200,796811136.21541015.751539,200,79727497.31067436.9995.986293,2001197.071055.525745.489632,171,1145.881166.30752.055571,179,71166.21096.451136.270649,200,79886.8361.053995.493798,200,79926.21171.38407.911335,200,79972.11096.0650.875815,200,79999.7821191.1196.591746,200,80064.4971000.1196.948581,200,80091.21126.131046.105825,200,80137.1176.3951181.121834,200,80196.1035.9601176.251617,200,802231080.8607778.330737,164,80250.1055.9041111.282295,200,80295.594.5450403.009331,200,803551176.7895362.744439,200,80380.823.44281030.992279,200,80428855.04653905.263902,200,80466478.91888427.585357,8723.426839.610271131.063214,21191.591196.568991116.066908,1060.9751121.31153637.494391,1065.85561146.02441076.284045,1115.93311181.3301876.416121,11121.3591151.0966720.03288,1951196.5411075.62679.852038,176,1051.1321166.3803.405458,200,8543.99361040.1166.405771,200,1125.9690.88181121.240728,200,1166.1136.19761146.112525,200,240.562278,1791196.709088,200349.31136.399581171.574188,201070.7368.7688771196.565333,201105.403.6504611196.690931,200,8111171.1872141105.880797,200,811176.374723,1166.253991,200,811196.705547,1161.471305,200,811151.210685,679.572916,200,812480.298345,1095.93469,200,811161.319703656.192995,200,81351090.949721151.713156,200,81411196.551081086.112082,200,8141075.952715443.708002,108380.81176.496561085.744139,20885.291166.42321196.498059,201161.21995.844251020.975722,201161.11015.812481005.870181,201181.31146.244981196.4523,200,1196.6769.34361106.308694,200,817381005.86961010.773274,200,81775716.484321136.773786,200,8182766.3651691121.007583,200,818980.824513,1015.977801,200,811120.824523,730.792464,200,8191196.2350581151.006025,200,8191136.0664791196.417863,200,8201040.756301865.649098,200,82061091.348031116.44491,200,82115691.458001136.423957,200,82141131.059821156.175993,200,82201161.57000723.143576,179,82231732.19881176.490733,200,82278598.506641166.575367,200,82311191.125131106.050587,200,82361141.471741156.047059,200,82411171.096981196.645454,200,82451116.270711151.311219,200,8249660.261528915.587166,200,8252745.85726,1076.111012,200,821196.60993,21121.348466,200,82608.837704
1156.318504,200,82656.490408
1116.131252,200,82722.720161
1181.58223,200,82747.842772
956.568241,192,82795.022969
356.215734,101,1196.674829,20720.857489,200,81171.18727,20736.327463,200,81055.671025,21171.499616,200,1106.110981,201076.124655,200,1031.465409,201015.760294,200,895.512597,2001030.944942,201131.244967,200,1040.715142,20743.200556,159,1136.153789,201191.293526,200,1035.59311,200700.397701,200,1196.817409,201141.275363,200,880.232466,2001081.224424,2001146.178428,200840.247931,200,1090.963715,20720.320528,166,81106.459101,2731.603205,200,83660.953793,11121.228144,200,8990.691244,201151.222321,200,1015.750977,20980.753982,200,1111.099157,201126.491228,200,1186.42869,2001091.046776,201146.453894,200,884.882732,2001161.031132,2001161.301908,2001120.905075,200895.107888,200,1181.757958,20722.33687,189,83154.587741,71151.439374,200,810.166683,2001116.056762,2001130.867872,2001116.169946,2001186.421472,201181.568881,200,930.490323,2001171.441377,2001181.456603,200985.667804,200,1086.043379,201156.062568,200,1141.313482,2805.281123,176,841100.936159,1176.373929,200,841151.143897,1166.193578,200,841156.236748,1181.426464,200,841085.8159781096.096462,200,8421131.2309831146.447496,200,8431005.6622171060.599774,200,8431126.24976,291.412305,80,84391156.10040990.521642,200,84435552.431501176.518492,200,8448958.460071161.226089,200,8450749.6096651161.309416,200,845418.721889,1145.784612,200,841141.308246,1166.303267,200,841105.809885,1110.918926,200,841120.869472,1161.071112,200,841095.662467,1046.033861,200,841171.40608,21191.561864,200,1176.284706,201156.130003,2001126.069078,200700.794747,173,258.082657,94,1146.215351,201111.015075,200,945.295387,2001126.182741,2001156.411229,2001151.136927,2001161.137779,2001146.417157,2001070.757021,2001135.806166,2001156.036674,2001146.200151,2001186.709786,2001085.884354,201000.772421,200,1156.222498,201160.972214,200,1115.88398,2001000.593243,2001196.448401,200301.115423,92,81060.724974,1151.027689,200,851095.935562,1196.655943,200,851181.120775,915.454387,200,854980.340833,1176.356288,200,851166.047032910.433514,200,8554743.9445041065.816845,200,8551100.8163911176.536741,200,8561181.3074741156.21046,200,85671176.38582858.852067,200,857021121.40501131.147445,200,857631186.15121146.024841,200,858091176.10241130.824585,200,858351091.37191151.324602,200,859021061.00931070.945764,200,85928975.139911191.07845,200,8597920.702478446.760637,200,86011196.31121191.647464,200,860601050.81251055.792257,200,861071131.10491051.119235,200,86132633.325641076.195392,200,86191196.497211141.073279,200,86211015.839981080.865272,200,86261145.98929980.57628,200,863011196.3855840.347574,200,86352.1141.1021124.652762,200,86375.1176.1671196.677744,200,86443.410.78231151.224939,200,864921125.96771120.741713,200,865171121.14231085.935123,200,86577665.540371156.161877,200,86601035.57191985.570613,200,866501141.081186.238448,200,86688.01196.41156.289574,200,86736.081070.91181.5753,200,86781.51811131186.603294,200,86820.829910951196.253841,200,86867.513511561101.295455,200,86892.901511311186.597306,200,86959.0321101.1131.493803,200,86984.0481131.1106.07293,200,87032.357611461196.623492,200,87070.726310761191.195404,200,87119.3720119919.78704,200,87165.86689911111.087953,200,87191.0384221759.186446,186,87250.000208
1196.406213,200,87276.451365
1115.675784,200,87323.887908
1176.257413,200,87361.480645
525.557755,153,87408.970843
1171.207698,200,87434.832127
1030.659447,200,87500.609673
1191.68218,200,87527.380115
1141.066609,200,87574.709842
1171.438331,200,87612.96438381176.187034,200,87660.493274
739.131676,200,87687.156869
1075.583669,200,87746.589221
1171.354108,200,87793.023458
75.288685,33,87793.63274611156.241467,200,87819.637709111156.252232,200,87880.092855111186.253578,200,87927.389697111196.302205,200,87952.532729421026.00064,200,88020.413361111196.456166,200,88045.07191939935.613206,200,88092.364696101165.867732,200,88117.383901761196.385255,200,88178.50752117810.087744,200,88203.576601101196.404526,200,88251.127171181005.643047,200,88311.661941141161.313181,200,88339.160501111196.939666,200,88384.190111081161.181836,200,88422.500471171121.412089,200,88470.139101131111.078609,200,88496.745431101136.437036,200,88563.600951061196.386802,200,88610.4228411408.869489,125,88635.375033111035.664414,200,88674.131531091095.926159,200,88720.63057103686.195828,188,88747.321799101040.906158,200,88793.468865971116.328024,200,88831.80081196976.030089,200,88879.340561101186.462876,200,88904.419801121025.531577,200,88965.924071191151.427955,200,88991.833311661196.830117,200,89038.76491181850.610457,200,89105.874981191186.383969,200,89130.309221121176.246297,200,89179.661325301186.291882,200,89217.2061156.1090.750767,200,89263.801440.81025.793424,200,89290.11136.021176.340869,200,89350.31000.771181.164032,200,89398.01150.991050.916205,200,89422.61176.191196.575123,200,89484.2678.015689.6332,188,89509.6690.8171191.469348,200,89556.1186.6951186.571179,200,896021186.29481081.143299,200,89641176.63111130.994204,200,896741130.85511105.93437,200,89721.1086.4921196.493379,200,89781.1090.8851196.668419,200,89808.1136.3711196.324992,200,89854.875.4451663.644122,144,898901156.56891165.993318,200,89911130.993371030.725783,200,899573.494076,1171.386958,200,90778.430399901196.537765,200,91191.709611201065.898798,200,1181.43581130.1131.130701,2001166.219161181.1151.098268,201126.2358961196.1141.113177,201196.3844021176.1176.383943,201171.0813081111.1191.373642,201151.2551581146.1045.924622,201196.6488771131.1186.643368,21110.8960371111.3966.059268,201070.6854951100.1166.341361,201171.16258,1176.1126.049536,21156.163759,771.7805.442667,201000.737705910.81181.330969,201130.829161141.785.445383,177,1060.73361080.1106.098428,200,1131.19031196.814.790835,200,91171.492310051070.857487,200,91040.992859,2907.568709,188,901101.032461,1171.007019,200,9985.978926,201130.991975,200,1171.335113,201106.001251,200,1186.454396,201146.339678,200,1181.219007,21151.594819,200,91196.512923,21110.907212,200,91106.12105,20710.793735,200,91136.391891,21076.076092,200,91196.977296,2428.443988,200,911156.383013,1166.455955,200,911171.614791,986.123579,200,9121071.0622821196.718025,200,9131025.7959811010.710933,200,9131040.7921011101.405482,200,9141176.1903261196.594615,200,9141161.1348311171.023423,200,91494.316883
371.544914,149,91511141.087261171.422759,200,91566.97667
1196.928634,200,91606.016404
1095.801146,200,91653.980408
1171.425008,200,91678.988133
1196.653007,200,91745.365458
1110.795229,200,91772.016832
1146.544377,200,91816.975265
1181.597051,200,91878.614355
1131.143793,200,91903.622372
468.618035,200,91952.466881
1196.540561,200,91991.048663
1181.342018,200,92039.215727
1196.525749,200,92065.609109
1166.534156,200,92110.162675
1196.556526,200,92150.461134
1121.386476,200,92198.747966
965.774382,200,92244.282684
1166.301949,200,92290.699
653.450893,149,92314.745985
733.213559,200,92362.642493
1191.54577,200,92400.133415
1121.054114,200,92447.342347
398.281243,200,92494.061987
1171.107041,200,92532.4392
1116.278901,200,92579.855729
1161.460632,200,92606.122279
1196.731067,200,92665.125742
1130.806313,200,92689.882803
1146.222705,200,92737.50869
1150.972183,200,92783.349213
1145.94808,200,92830.31681
1191.476666,200,92876.456486
700.490925,198,92902.697754
1115.903741,200,92961.959841
1030.866055,200,92986.910409
413.209984,152,93010.865306
1161.057826,200,93072.02355
1196.852262,200,93119.38993
1196.793118,200,93145.33186
1156.277648,200,93204.564571
1156.2541,200,93231.023833
734.61879,200,93277.045737
1176.18408,200,93323.458309
1111.001791,200,93370.597468
1186.666435,200,93417.609374
1151.289324,200,93455.653489
1006.09613,200,93501.711322
1161.480117,200,93529.162731
1171.524159,200,93587.228476
883.157709,200,93613.963282
1151.060855,200,93659.817446
1141.237542,200,93687.093149
1196.953932,200,93746.079353
1176.369539,200,93793.905501
835.513042,200,93819.122526
1196.660206,200,93883.886859
1176.516422,200,93910.395775
171.250471,44,93932.642573
201.463655,70,939331186.33091146.194527,200,939941171.2436874.262991,200,94019.1150.9241090.956928,200,94067.1106.1371000.955039,200,94104.1085.8181196.891327,200,94152.1166.1661151.734309,200,94198.1166.306855.453011,200,94237.551892
975.580738,200,94284.604196
148.634879,36,942811011046.0875.407914,200,9433011171166.1186.422117,200,943771118953.6804.232536,200,94426.1161176.1196.385065,200,9445211611020.1161.440518,200,9449811161186.1196.675751,200,945381191151.31191.555161,200,94585.21071.071116.127697,200,94611.31196.501166.188437,200,94670.31096.141086.258738,200,94718.1146.2191166.294972,200,94742.704.10371141.416842,200,948021131.06171196.605092,200,9482960.491903747.773999,163,9481100.9897541151.483908,200,9491196.3859051156.377519,200,9491076.198238919.638946,200,9499792.3891511146.018408,200,9501176.3587561141.562625,200,950784.424744,1196.506014,200,951045.77158,21106.247819,200,91196.594934,21161.240459,200,9965.653158,201186.368716,200,1196.931709,21171.445808,200,9748.869815,21171.35537,200,951080.947202,1196.935194,200,951121.011234,731.563454,157,9541196.8968041181.495718,200,9541156.502321196.596619,200,95501126.317901090.857978,200,95531166.118821030.695489,200,95591196.570501196.850884,200,95611181.290831151.34664,200,956641196.57851141.282892,200,957021081.111075.956311,200,95749.71156.381196.775612,200,95797.81161.21085.778737,200,95835.0965.0561196.644161,200,958831151.25671146.13713,200,959081080.91041196.921795,200,959751136.0029894.765835,200,96001.1176.2941141.062712,200,96048.1070.851126.27355,200,96108.77645.601196.649234,200,96134.91105.941196.627437,200,96181.51151.351145.976566,200,96207.7970.76965.488235,200,96267.33519.611085.956991,200,96292.71146.271000.529549,200,96340.81176.1181.700792,200,96378.761116.41176.529835,200,96425.41055.781166.13395,200,96472.631196.41196.438847,200,96518.661156.81135.962818,200,96564.501146.1636.637379,200,96590.4461141.1131.08489,200,96649.958854.21096.259319,200,96677.101131.21151.120726,200,96722.58879.521111.333359,200,96782.11110.871106.284259,200,96808.51161.191000.818664,200,96855.41181.24813.891013,196,96893.01161.041176.224698,200,96940.71196.641196.541025,200,96966.41171.431015.887187,200,97032.61196.51145.985105,200,97058.851161.11126.028194,200,97106.591115.8910.528029,200,97168.361774.81135.948731,200,97193.1141.1301050.723006,200,97240.1196.3761020.668181,200,97266.1101.0261141.284513,200,97327.384.8735354.565903,137,97351.1106.1421050.997912,200,973771191.3531000.909212,200,97438.1065.8411121.290736,200,97485.1146.1728.838876,200,97510.5931146.1181.380771,200,97577.31126.04935.715276,200,97603.556033
1171.348493,200,97649.65044
1130.951287,200,97688.737045
1126.23441,200,97738.431229
1186.333353,200,97784.050197
1196.69559,200,97822.403234
1156.161132,200,97869.863341
591.198232,173,97894.503313
418.912119,120,97917.400161
1105.880485,200,97957.377677
1156.300944,200,98004.212084
1171.299003,200,98051.353091
1196.700426,200,98095.963728
1151.204234,200,98143.51834
1186.43656,200,98170.205286
1151.283373,200,98228.592376
1166.481446,200,98255.017735
1196.518972,200,98302.589172
1126.190955,200,98362.761701
1141.066272,200,98387.331645
1176.175883,200,98435.334883
418.529913,200,98460.965286
345.214093,126,98499.252336
1196.822451,200,98546.411743
1131.163873,200,98572.513543
1131.394065,200,98639.717516
1110.960237,200,98665.758858
1151.264282,200,98711.633242
1186.386721,200,98771.707349
1050.699103,200,98797.923121
1065.862965,200,98844.479026
452.934577,97,98846.282613
1176.320582,200,98907.778178
1101.134784,200,98954.4264
1181.367238,200,98979.077498
1101.191938,200,99039.854463
1010.925575,200,99063.928029
382.000933,129,99088.339471
1150.932705,200,99154.085344
1141.064815,200,99181.329145
1126.033404,200,99227.710531
1166.321376,200,99275.768253
1161.115137,200,99312.461389
857.76379,200,99361.730259
473.889046,200,99386.113668
1106.229408,200,99446.154682
1131.030604,200,99471.965625
1161.439174,200,99519.256135
1090.894552,200,99557.88896
1146.074258,200,99604.601831
1191.203947,200,99653.336481
1161.268966,200,99698.053751
1141.179894,200,99745.3397
1110.892964,200,99770.520923
1156.378323,200,99830.642696
964.862083,200,99856.50126
1121.074667,200,99903.342148
694.123159,200,99964.467272
1045.769614,200,99990.079084
860.42421,200,100037.218185
1166.294762,200,100075.356609
1125.970289,200,100122.090077
1130.947757,200,100147.672913
1191.446333,200,100214.108514
1141.389814,200,100239.375676
441.042353,95,100263.377841
1075.788781,200,100310.091549
980.41708,200,100349.409078
1196.884316,200,100397.518418
1030.409828,200,100421.660744
1055.752821,200,100480.806322
1121.113139,200,100528.801796
1171.049493,200,100554.290917
1115.887096,200,100613.273658
1176.265663,200,100640.144805
1176.199967,200,100687.321427
930.220954,200,100732.521065
1125.749653,200,100779.508201
1116.293854,200,100825.660796
749.459247,188,100852.942559
970.561692,200,100912.111723
424.09339,200,100938.074489
719.294565,178,100985.513074
1146.096945,200,101024.299769
879.165362,200,101070.820447
1035.935728,200,101094.630356
1055.827875,200,101158.346322
1146.426512,200,101181.783128
1141.478838,200,101230.90939
9.637278281110.996688,200,101206.034001031.103447,200,101253.043536
24,200,101250.892225
1.229475.054253,200,101250.758649
.408925

1161.603572,200,101205.45078
1156.1181.1911186.65782,200,101202.9910.593535.140124,1196.60557,2335.498548,84,101232.258847
1161.357091,200,101181.889982
908.979975,200,101208.291203
016,183,101180.354892
1110.893418,200,101229.473531
325.08286,132,101251.363415
3627
