#{"t_start": 1667173529.4324846, "env_id": "CustomMyoChallengeBaodingP2-v1"}
r,l,t11101.491409,88,169.625565
69.833391,79,170.127289
233.471481,137,170.827949
267.319976,123,171.448181
97.079655,109,172.046849
402.441631,200,173.093104
190.602943,200,174.078532
308.061417,200,175.073906
338.292277,167,176.014564
331.769665,102,176.593311
406.121234,200,177.75857
647.186427,200,178.850428
717.012954,200,179.902469
704.190213,200,180.852529
385.717276,200,181.856347
1066.258614,200,182.782126
183.570592,200,183.791995
78.630701,88,184.233871
441.637139,200,185.18785
89.406063,100,185.686218
1040.954656,200,186.630248
187.05445,200,187.710654
996.18094,200,188.822805
975.710988,200,189.931255
181.215309,200,191.079335
196.947978,178,382.463083
207.541197,167,383.484313
91.28135,87,384.019037
191.308072,200,385.205745
1166.685154,200,386.421884
187.546153,200,387.649231
94.722533,106,388.297622
186.224008,200,389.506618
191.982582,200,390.712325
632.263469,200,391.932973
183.663709,200,393.171222
64.595096,71,393.604613
264.889232,200,394.821783
146.459399,151,395.67794
183.224625,200,396.784756
636.631098,200,397.933895
193.305181,184,398.954017
182.287606,194,400.052192
1056.077752,200,401.151063
82.348787,90,401.646502
451.345961,200,402.744298
699.166475,200,403.865547
295.784601,100,404.431235
328.981344,200,405.572852
334.926305,147,406.392647
391.562364,187,604.500642
732.878303,200,605.559946
273.41231,200,606.521697
450.306566,200,607.663054
1176.289192,200,608.782214
357.965411,200,609.960823
186.762186,200,611.084849
166.078284,144,611.843913
276.985072,200,612.882117
72.857049,82,613.433753
258.152749,200,614.563104
187.108777,200,615.624266
370.089156,200,616.678845
82.156714,93,617.158026
602.984515,200,618.198795
344.039705,200,619.231801
193.085803,200,620.283253
595.191543,200,621.502732
540.37764,200,622.743964
651.12828,200,623.966833
112.664426,83,624.471409
140.240996,148,625.385701
297.553201,200,626.608253
60.51372,65,627.016824
110.439923,119,627.735991
189.377523,200,828.415088
49.407299,55,828.728876
106.105327,93,829.227026
101.186159,110,829.795494
446.95466,200,830.858834
589.283479,200,831.994492
903.817457,200,833.116508
545.515062,200,834.161355
395.435303,200,835.308525
186.70395,200,836.441547
407.958842,200,837.522018
63.027744,71,837.937232
378.843003,200,839.234786
575.156943,184,840.575176
354.717353,159,841.716028
899.094439,200,843.048093
209.45311,95,843.581951
452.902362,200,844.698553
117.279335,97,845.251436
302.888358,200,846.350596
235.579234,192,847.643825
312.287782,169,848.832077
249.085998,200,850.305005
458.791236,200,851.815733
373.500732,200,853.220036
194.911352,138,1112.007909
227.534219,125,1112.787977
366.797266,193,1113.962113
627.573681,200,1115.196934
460.691179,200,1116.369085
1060.581428,200,1117.575794
213.463156,200,1118.811492
357.314293,171,1119.826731
319.112045,200,1120.941646
322.569762,200,1122.184121
1035.479199,200,1123.431995
348.735136,200,1124.498637
96.847615,106,1125.071661
970.096372,200,1126.409528
203.251579,170,1127.460457
186.055113,200,1128.741959
578.361069,200,1130.064445
328.605247,163,1131.216829
580.909067,179,1132.37445
211.875573,200,1133.59096
412.290038,200,1134.742351
117.011449,131,1135.50178
406.216361,200,1136.663887
530.860096,200,1137.930018
745.320953,200,1139.209212
824.8953,200,1345.49367
188.741323,200,1346.717654
393.432552,200,1347.885626
61.668925,68,1348.280094
477.009629,200,1349.473873
67.468492,72,1349.895169
940.250869,200,1351.147198
60.490661,65,1351.526418
384.857747,200,1352.602639
629.781602,200,1353.685295
415.681491,200,1354.737192
724.238885,200,1355.738656
181.253302,200,1356.644172
185.234925,200,1357.543682
664.656204,200,1358.529684
900.150219,200,1359.697815
629.231184,200,1360.87243
593.854465,200,1361.896699
794.38036,200,1362.854701
842.014362,173,1363.632486
198.599627,93,1364.045959
309.342202,200,1364.917746
87.741059,99,1365.360341
304.699966,200,1366.260916
262.63991,200,1367.210449
688.333437,200,1576.867447
73.247067,84,1577.291519
271.953285,200,1578.55658
469.79935,200,1579.749147
299.788321,200,1580.960999
224.587531,111,1581.575433
273.127966,200,1582.593631
664.094202,200,1583.675554
262.888137,200,1584.991367
1166.410706,200,1586.34052
268.05282,200,1587.589578
934.61639,200,1588.826448
373.958976,200,1590.131062
499.618838,200,1591.377475
51.782261,59,1591.817493
319.25346,200,1593.183331
79.553385,88,1593.722961
950.760701,200,1594.826448
784.764532,200,1595.892755
266.935812,200,1597.070968
287.570802,200,1598.274652
209.218682,200,1599.344156
383.55528,200,1600.57822
180.585825,200,1601.740373
447.09644,200,1602.995502
182.767789,200,1814.873295
500.049311,162,1815.707948
100.972731,93,1816.194114
360.764206,200,1817.323536
738.710256,200,1818.539057
185.680003,184,1819.607444
924.63323,200,1820.587524
268.608239,200,1821.741784
175.04988,187,1822.935607
82.382279,92,1823.516989
65.257604,38,1823.760307
242.899763,200,1824.944465
372.342503,200,1826.232263
421.834894,200,1827.50394
300.284292,200,1828.845663
262.038661,200,1830.136155
1171.950908,200,1831.26273
309.340778,200,1832.745821
181.339216,200,1834.110373
545.158476,200,1835.415687
885.354201,200,1836.873643
508.703104,200,1838.106881
840.329596,200,1839.574162
496.268123,200,1840.991564
742.71983,200,1842.452754
920.533887,200,2061.65486
313.426579,200,2063.620329
183.186539,200,2065.273377
1029.752833,200,2067.088002
561.817868,200,2068.896592
940.815774,200,2070.53703
131.927678,145,2071.773211
463.221697,200,2073.47781
430.192293,200,2075.175883
48.516906,55,2075.675389
674.37041,200,2077.37215
1176.534815,200,2079.089424
263.956111,200,2080.462808
361.231834,200,2081.62704
325.211641,200,2082.772522
693.795732,200,2083.91596
280.48211,200,2085.047829
114.46765,128,2085.77445
182.302127,200,2086.975675
1040.713288,200,2088.201651
533.150061,200,2089.447384
733.107913,200,2090.694186
521.765971,200,2091.974016
184.048603,200,2093.321471
808.271611,200,2094.698794
208.43445,200,2372.669587
1041.226583,200,2373.788359
1065.975874,200,2374.869641
281.201272,200,2375.979234
106.949845,119,2376.581065
583.811791,200,2377.622775
312.993975,200,2378.674669
1046.290607,200,2379.761539
187.637166,200,2380.739787
935.218461,200,2381.702687
790.208346,200,2382.817719
243.70285,200,2383.89829
184.551626,200,2384.927799
222.853664,200,2385.983421
178.519095,145,2386.757615
183.91895,200,2387.914189
64.855016,69,2388.322135
189.259501,160,2389.248569
338.522152,200,2390.421446
472.580462,200,2391.581707
1056.419645,200,2392.735813
332.122713,200,2393.8965
175.211115,188,2395.095242
344.821657,200,2396.409158
459.869514,200,2397.57357
194.148163,200,2626.386506
445.505131,200,2627.658619
1060.498231,200,2629.004409
552.377066,200,2630.381253
418.755519,200,2631.681464
319.861703,200,2632.83317
322.496299,200,2634.014934
1021.763818,200,2635.004921
78.608613,88,2635.439608
182.428383,200,2636.480396
570.764913,200,2637.5466
242.481632,200,2638.632065
249.731662,185,2639.607565
109.9572,123,2640.251712
429.035026,200,2641.279285
279.506473,200,2642.382071
232.558931,134,2643.163801
334.592345,200,2644.336834
181.228021,200,2645.521418
615.948909,200,2646.695738
329.301214,200,2647.827457
194.516159,200,2648.92141
984.77381,200,2650.056017
152.096693,163,2650.991037
423.460738,200,2652.145194
185.993005,200,2865.96759
517.22466,200,2867.125582
183.937263,200,2868.242312
492.196859,200,2869.407213
184.590595,200,2870.545285
106.68921,110,2871.174481
528.042129,200,2872.311398
193.854773,200,2873.448142
541.614768,200,2874.588924
1120.774658,200,2875.68753
189.286846,200,2876.815466
28.350396,33,2876.999871
307.147234,162,2877.914729
227.715501,200,2879.025715
1066.679779,200,2880.125285
512.631122,200,2881.286851
737.906949,200,2882.489464
358.50882,200,2883.735327
400.028926,200,2885.007504
467.888166,154,2885.958529
194.02804,200,2887.023673
346.532914,200,2888.079232
279.431041,120,2888.695791
186.14107,200,2889.738519
92.583752,102,2890.279295
82.559217,93,3100.812055
170.431437,183,3101.897877
186.25443,200,3103.321948
512.577674,200,3104.640065
794.835858,200,3105.71829
268.83046,200,3106.809653
181.117921,200,3107.872835
299.028373,200,3108.943444
1136.1447,200,3110.025694
230.1025,199,3111.085933
267.237812,200,3112.152027
309.966677,138,3112.893281
527.382174,200,3114.082933
98.193664,110,3114.711176
106.980527,117,3115.327224
706.273993,200,3116.425219
530.805471,200,3117.517136
479.895398,200,3118.596787
46.60266,53,3118.879125
147.81278,110,3119.45887
1152.111795,200,3120.533176
1086.326282,200,3121.566075
985.502121,200,3122.518135
281.166279,200,3123.611457
124.414913,136,3124.425943
508.577525,200,3385.048576
216.122287,200,3386.140781
328.759343,200,3387.214624
707.468951,200,3388.303143
364.056206,200,3389.446348
1045.697061,200,3390.616843
703.213973,200,3391.767159
1016.278175,200,3392.897025
1065.940544,200,3394.046225
187.750186,200,3395.136597
299.658203,200,3396.201145
405.410065,200,3397.279207
95.246491,109,3397.852611
535.55773,200,3398.928576
671.061046,200,3399.980376
1187.631966,200,3401.055561
543.591118,200,3402.12289
466.464725,200,3403.195922
694.169777,200,3404.281245
549.692225,200,3405.383371
363.005659,200,3406.423317
1125.901273,200,3407.479256
183.083185,200,3408.5166
60.70472,69,3408.882519
481.499043,200,3409.945364
354.037285,200,3618.572945
311.4411,200,3619.715197
401.496169,197,3620.789077
234.485043,200,3621.849289
385.157314,200,3622.927407
51.003776,58,3623.235376
185.859848,200,3624.293957
457.449476,200,3625.358287
315.858056,200,3626.399913
535.173435,200,3627.516677
212.573623,200,3628.589186
100.488191,107,3629.328653
301.102873,200,3630.646944
406.604106,200,3631.896642
311.883713,193,3633.331491
252.997045,200,3634.682487
612.756949,192,3635.968149
1095.482713,200,3637.25886
1130.727732,200,3638.587436
194.22761,200,3639.740841
463.849938,200,3640.775541
288.005782,200,3642.009349
1061.261653,200,3643.312463
384.796638,200,3644.486001
185.03229,200,3645.528633
713.506247,200,3855.24082
230.072977,200,3856.299243
348.13043,200,3857.318377
194.501923,200,3858.380477
415.512602,200,3859.485999
181.647472,200,3860.526434
49.039751,54,3860.865113
804.503904,200,3862.170355
483.749221,200,3863.49381
1000.032897,200,3864.834033
349.211087,200,3866.215274
1165.756592,200,3867.471421
707.528551,200,3868.55154
185.308349,200,3869.591043
91.318174,102,3870.139623
462.436083,200,3871.210877
323.021139,200,3872.291306
292.045566,200,3873.351672
118.023111,129,3874.012261
429.465586,200,3875.066057
201.122334,136,3875.788552
844.935869,200,3876.866978
1029.843973,200,3877.902553
227.664736,200,3878.974303
38.261924,44,3879.214952
929.41295,200,4080.001773
423.855372,200,4081.183786
491.081005,200,4082.271958
391.360967,200,4083.381135
298.815103,200,4084.462284
254.203577,200,4085.528787
400.591685,200,4086.585815
343.245958,178,4087.516365
524.386083,182,4088.469823
521.846692,200,4089.4978
749.074478,200,4090.626723
669.526334,200,4091.741606
306.040502,200,4092.739299
192.599428,200,4093.95201
789.684847,200,4095.038178
88.432351,98,4095.575685
186.14605,200,4096.64267
432.993666,200,4097.701027
233.313801,200,4098.785953
179.874744,200,4099.938786
385.12239,200,4101.148319
127.3434,83,4101.623032
136.890124,50,4101.928753
1071.60199,200,4103.117564
251.526475,200,4104.301183
433.090866,200,4304.648859
291.102654,200,4305.90558
446.239941,200,4307.157271
190.558925,193,4308.308075
589.255509,200,4309.56862
316.611799,127,4310.365613
365.485671,200,4311.598093
561.002088,110,4312.264462
306.402167,200,4313.402865
298.009343,200,4314.579091
524.528555,200,4315.754941
289.493145,200,4316.862301
1081.608528,200,4317.986461
152.795695,163,4318.904889
543.664773,200,4320.031131
322.054322,200,4321.218153
544.141087,200,4322.426626
50.578725,56,4322.741551
688.168516,200,4323.862431
204.344933,88,4324.375497
688.104851,200,4325.53223
45.684228,51,4325.816944
703.552841,200,4326.902728
264.056595,200,4328.129629
356.124888,200,4329.22398
354.115283,200,4579.227376
317.93017,200,4580.596524
193.611311,200,4581.566629
214.322934,200,4583.114184
1009.204907,200,4584.455119
920.643656,200,4585.621685
331.032372,200,4586.873945
183.3146,200,4588.083905
471.463848,200,4589.32445
597.482061,200,4590.572233
76.524013,86,4591.09867
1024.881246,200,4592.318612
586.566647,200,4593.563917
523.126815,200,4594.801047
320.827241,192,4596.009127
180.443601,200,4597.242985
456.721167,200,4598.473993
257.165422,150,4599.404542
595.488682,200,4600.620825
616.579795,200,4601.852914
262.074313,200,4603.102157
428.18238,200,4604.306255
181.141781,200,4605.548117
408.701596,200,4606.802933
1165.659602,200,4608.018041
381.172863,145,4801.183261
267.503788,200,4802.210533
183.496033,200,4803.252591
582.242404,148,4804.063707
270.096372,200,4805.122701
421.348475,165,4806.000907
621.701082,200,4807.043997
531.383605,200,4808.088055
914.278424,200,4809.134539
422.613531,200,4810.275872
258.553266,200,4811.464257
895.739522,200,4812.709102
98.727217,107,4813.361688
587.922685,200,4814.589561
303.406852,200,4815.840016
188.267133,200,4817.062005
333.43267,200,4818.286148
394.339106,200,4819.508464
865.23886,200,4820.75371
380.213014,164,4821.765168
278.089092,200,4823.00403
1121.12346,200,4824.241268
102.726002,114,4824.936456
359.869761,200,4826.143412
128.878714,140,4827.002913
544.420388,200,5019.39712
253.176478,200,5020.726986
321.376985,200,5022.137305
1040.91734,200,5023.655457
1166.647009,200,5025.015158
389.342701,200,5026.421965
989.83247,200,5027.558957
183.015678,200,5028.679712
597.511108,200,5029.905629
187.54706,200,5031.129077
318.803019,200,5032.330278
319.172852,200,5033.556392
51.949113,40,5033.80135
155.692249,101,5034.418908
497.99421,200,5035.646636
546.325022,200,5036.885807
1065.524614,200,5038.174608
227.149139,200,5039.517304
750.252667,200,5040.850497
348.07307,200,5042.107417
192.77599,200,5043.412945
254.139936,162,5044.405437
232.16563,200,5045.615273
573.899899,200,5046.853
186.062581,200,5048.10123
603.077103,200,5241.606629
180.723048,200,5242.745405
504.693719,200,5243.877229
362.220617,200,5245.007575
1180.929917,200,5246.104502
489.591028,200,5247.228252
563.057785,200,5248.338306
133.741976,146,5249.181267
180.607904,200,5250.33154
284.083431,200,5251.47264
748.479675,200,5252.602251
145.028489,58,5252.939745
217.631461,200,5254.098266
186.199982,200,5255.309663
38.826824,44,5255.577427
456.916687,200,5256.792131
183.531224,200,5258.007939
68.576635,75,5258.464423
180.726941,200,5259.713156
262.940034,200,5260.933225
206.635287,139,5261.816555
252.72571,200,5263.031617
1141.109503,200,5264.296892
541.849725,200,5265.520354
124.734317,134,5266.372829
84.553324,91,5506.090308
217.263375,200,5507.189716
246.523369,144,5507.940604
64.747163,72,5508.321835
39.67484,46,5508.62284
1071.903194,200,5510.019201
376.89473,151,5511.062962
793.225576,200,5512.512988
1056.616712,200,5513.979563
180.712048,200,5515.227358
411.526272,200,5516.457835
288.242275,56,5516.834327
865.018109,200,5518.105153
589.032702,200,5519.194284
162.518821,181,5520.397971
185.269338,200,5521.708572
293.09661,200,5522.947111
285.117433,200,5524.032912
459.326985,200,5525.44653
592.592526,200,5526.716029
485.283069,200,5528.067372
507.500843,200,5529.454832
55.048127,63,5529.821571
181.310903,200,5531.00317
652.399454,200,5532.169135
257.532128,200,5728.222819
510.518357,200,5729.298559
353.957213,200,5730.534944
321.653111,200,5731.997917
350.768944,161,5733.115302
749.508644,200,5734.63447
308.873277,200,5735.941622
416.726373,200,5737.338877
315.267989,200,5738.659785
187.038379,200,5739.833267
1100.986078,200,5741.085776
183.647763,200,5742.452492
602.736085,200,5743.7563
583.106828,200,5744.908966
268.06639,200,5746.174203
180.016705,197,5747.310735
378.692906,200,5748.413423
728.268666,200,5749.678426
379.332937,200,5751.088861
306.419368,200,5752.386897
91.611544,101,5753.01346
1110.462395,200,5754.277214
186.78442,200,5755.460263
386.84545,194,5756.683128
182.739024,200,5757.909823
187.096513,168,5958.202017
582.598316,200,5959.283909
217.552152,200,5960.463665
1197.635143,200,5961.740471
62.31428,71,5962.107507
537.843108,200,5963.095328
421.986561,200,5964.252566
507.459988,200,5965.673245
187.686303,200,5966.994989
319.90541,115,5967.766028
173.352249,174,5968.960405
1146.095492,200,5970.22267
623.976808,200,5971.283134
17.56757,21,5971.420738
181.78137,164,5972.48839
402.921611,128,5973.246543
1065.538957,200,5974.544914
189.926666,200,5975.849525
192.560768,200,5977.181263
371.983685,102,5977.764327
685.694988,200,5978.898664
181.172182,200,5980.102526
1020.604305,200,5981.330914
180.299285,200,5982.418717
276.45534,200,5983.516276
339.643817,200,6179.771108
187.052081,200,6180.973857
909.082806,200,6182.091497
183.430093,200,6183.234395
51.882837,56,6183.543783
80.541284,85,6184.013049
124.270963,85,6184.499643
497.112201,200,6185.675526
1025.174004,200,6186.820178
179.293703,200,6187.973084
1006.36304,200,6189.093483
1065.896572,200,6190.471208
79.436558,86,6191.06982
272.132507,200,6192.604371
623.174024,200,6193.855828
443.307379,200,6195.349342
525.406266,200,6196.734437
332.531273,200,6198.165517
768.671965,200,6199.564831
182.500612,200,6200.676111
351.392611,200,6201.806701
879.9326,200,6202.930913
829.683881,200,6204.080938
889.855774,200,6205.223717
185.25401,200,6206.367814
452.717823,200,6402.429048
674.219733,200,6403.575176
173.888225,174,6404.516563
1096.339182,200,6405.646058
531.785337,200,6406.763757
483.736031,200,6407.901745
506.681497,200,6409.184403
349.667912,200,6410.634917
676.301428,200,6412.118293
1160.744058,200,6413.691748
112.324366,121,6414.4507
73.678386,73,6414.910638
59.409127,64,6415.411152
607.223915,200,6416.876263
975.665156,200,6418.175168
253.813575,200,6419.591545
182.14998,200,6420.985728
1001.053455,200,6422.400765
50.289764,54,6422.795577
203.336751,200,6424.177595
349.549671,200,6425.545853
623.809531,200,6426.762908
379.197775,200,6427.864599
355.843749,200,6428.978888
469.78883,200,6430.164014
1105.659701,200,6680.408169
1075.817186,200,6681.575672
228.827476,200,6682.72593
268.315259,200,6684.188018
211.773882,200,6685.628993
63.4938,68,6686.152744
232.692752,200,6687.568022
180.579813,200,6689.024127
180.984941,200,6690.28775
231.809297,137,6691.117804
442.151862,200,6692.397084
439.920745,200,6693.555527
361.139674,167,6694.488173
581.413375,200,6695.619055
830.043171,200,6696.773955
180.999248,200,6697.893767
984.305768,200,6699.035319
403.766995,200,6700.145906
249.489199,116,6700.797063
383.014868,200,6701.909481
339.437207,200,6703.059772
703.348131,200,6704.202365
421.949221,200,6705.357699
187.931422,200,6706.545308
330.908804,200,6707.774338
1056.110284,200,6906.775363
754.066432,200,6908.086211
329.42973,185,6909.253676
278.614555,125,6909.972225
196.146129,200,6911.145264
424.724598,200,6912.557812
517.91875,200,6913.748367
187.737023,200,6914.85702
1005.667962,200,6916.000612
334.504973,156,6916.888479
188.402534,200,6918.030538
570.504323,200,6919.169457
495.967035,164,6920.1645
273.087426,87,6920.745277
506.204299,200,6921.950083
181.509734,200,6923.342145
491.624792,200,6924.609098
583.732772,200,6926.017512
52.900957,61,6926.363484
182.897305,200,6927.573808
264.425278,200,6928.683736
132.987859,101,6929.275146
770.083336,200,6930.426914
193.670052,200,6931.521606
65.038713,74,6931.937655
1175.486955,200,7136.074357
183.788801,200,7137.238933
792.983926,200,7138.500094
203.431917,200,7139.823107
289.59466,120,7140.573976
410.911396,200,7141.666645
970.026835,200,7142.872628
486.343702,200,7143.987162
387.769734,200,7145.268971
124.515929,58,7145.616919
844.149576,200,7146.760234
266.428504,194,7147.972448
639.30487,200,7149.235174
69.124984,76,7149.667872
553.755482,200,7150.903701
363.167552,200,7152.026947
343.587255,200,7153.163184
950.429054,200,7154.365488
335.246545,200,7155.578614
328.49071,169,7156.647986
186.736376,200,7157.86871
295.865197,200,7159.107636
183.049719,200,7160.337269
769.621101,200,7161.573919
744.861717,200,7162.809983
653.428887,200,7361.155427
261.009015,200,7362.543523
959.192471,200,7363.584294
568.622799,183,7364.529621
180.35517,200,7365.804534
284.383724,200,7367.042701
179.643459,200,7368.12272
920.065233,200,7369.243597
224.17182,147,7370.119694
53.192639,59,7370.479915
985.251508,200,7371.523329
263.185853,200,7372.510744
217.995459,99,7373.089514
182.479829,200,7374.223218
528.316815,200,7375.374823
915.116693,200,7376.526491
185.270439,200,7377.654036
77.43588,85,7378.151029
126.166732,137,7378.922514
346.981424,200,7380.048413
181.514152,200,7381.278853
179.133511,132,7382.087603
207.474807,200,7383.320436
513.591648,124,7384.101118
824.832076,200,7385.344554
803.897494,200,7633.773335
798.75572,200,7634.852596
546.214101,200,7636.086972
60.557045,69,7636.465584
538.368521,183,7637.495544
384.070172,189,7638.554258
701.865874,200,7639.678696
83.71475,92,7640.209602
1081.905631,200,7641.365316
193.981604,200,7642.487173
493.686913,200,7643.61194
437.562727,200,7644.730824
516.600083,200,7645.88606
1070.754746,200,7647.020566
869.367431,200,7648.155766
403.013146,200,7649.289
398.339722,200,7650.400619
186.902087,200,7651.562982
571.055916,200,7652.679267
1024.639053,200,7653.797988
306.099443,200,7654.918152
216.168732,183,7655.941513
399.788338,200,7657.074172
810.025674,200,7658.342739
127.75368,82,7658.812158
186.541313,81,7858.856822
257.246639,200,7859.982574
482.765796,171,7860.965449
279.653343,186,7862.021222
181.776983,200,7863.122158
118.387135,126,7863.825015
389.251968,200,7864.939332
370.209098,200,7866.086837
859.914102,200,7867.229593
1071.152912,200,7868.418372
574.567963,200,7869.823823
126.35595,76,7870.404716
184.354379,200,7871.824017
731.912697,200,7873.142854
190.300727,200,7874.341332
79.461657,85,7874.966716
54.625615,60,7875.38693
286.19562,158,7876.523164
72.207823,81,7877.038734
179.698406,200,7878.352132
540.558291,200,7879.709938
183.523161,200,7881.07801
536.176411,163,7882.081227
954.571625,200,7883.233625
35.35431,41,7883.543093
470.645459,158,8083.047658
386.225256,200,8084.131323
774.91822,200,8085.203445
302.104565,200,8086.254636
65.408158,74,8086.608222
945.336261,200,8087.843515
63.696841,68,8088.25836
187.102405,200,8089.310939
223.181765,200,8090.28047
551.356597,200,8091.345086
60.586352,69,8091.674903
721.875862,200,8092.688538
457.88892,199,8093.637196
323.409965,200,8094.772345
180.518387,200,8095.850072
181.467277,200,8097.053409
226.345695,158,8097.914881
1000.450476,200,8099.225144
288.535089,200,8100.644295
382.427368,200,8101.893965
345.122573,200,8103.176336
182.652909,200,8104.174504
179.793986,200,8105.349447
181.717136,200,8106.363453
37.290482,41,8106.608748
180.539649,200,8310.697838
704.404458,200,8312.079957
444.002147,145,8313.129714
59.34715,69,8313.624703
311.705084,128,8314.52547
686.029908,200,8316.056458
155.744887,155,8317.181432
365.838001,169,8318.300864
859.173719,200,8319.69897
105.094051,116,8320.404196
110.833012,54,8320.673141
803.3149,200,8321.916862
623.075301,200,8323.383736
215.5553,200,8324.824159
179.63142,200,8326.243755
365.76339,200,8327.722971
621.43629,191,8329.073529
281.00029,200,8330.547285
185.61166,200,8331.990183
261.062828,190,8333.040129
1005.604818,200,8334.143946
819.312404,200,8335.309312
100.233524,94,8335.847565
71.132457,80,8336.306957
179.81079,200,8337.466847
470.326592,200,8535.975812
929.72426,200,8537.206149
1040.495255,200,8538.702362
414.269095,200,8540.02222
363.130181,200,8541.36533
374.088325,200,8542.763884
1056.245514,200,8544.027157
400.7934,200,8545.101714
152.35202,145,8545.860836
180.457682,200,8546.89649
107.929612,122,8547.547596
24.809322,29,8547.707701
350.462723,200,8548.754889
1050.630443,200,8549.838652
1030.059057,200,8550.90661
86.160167,95,8551.419853
584.188276,200,8552.513036
189.077433,200,8553.578358
986.511144,200,8554.665444
1036.038487,200,8555.713988
178.540149,200,8556.766971
1151.070497,200,8557.834312
95.692127,105,8558.412901
353.899506,200,8559.475301
1062.118452,200,8560.5485
484.003284,168,8807.904297
569.099027,200,8809.138186
491.499762,200,8810.289985
848.775662,200,8811.479437
1135.513219,200,8812.668634
1191.888244,200,8813.794304
432.986749,177,8814.780596
49.233141,56,8815.094201
330.344481,200,8816.247277
123.527425,136,8817.045767
699.240437,196,8818.162962
240.543102,200,8819.270828
187.577632,200,8820.412357
191.579952,200,8821.509497
188.278788,200,8822.651226
1035.348436,200,8823.919994
582.174329,200,8825.125417
340.20902,200,8826.392216
747.886716,200,8827.580367
349.41147,200,8828.681253
485.445191,200,8829.763286
388.864768,174,8830.693055
181.946007,200,8831.971578
251.423994,75,8832.545277
443.635157,200,8833.772697
1177.720747,200,9032.228914
181.631795,200,9033.375464
674.334445,200,9034.524287
210.552061,200,9035.643952
179.68761,200,9036.753382
327.659887,200,9038.015866
599.123551,200,9039.212005
679.434768,200,9040.439337
228.239535,200,9041.769817
198.580821,200,9042.926629
574.140504,139,9043.721381
299.313668,116,9044.510427
1024.602976,200,9045.867059
839.186846,200,9047.161004
69.850778,79,9047.716819
181.281644,200,9049.061506
444.205797,200,9050.296615
149.159192,78,9050.726954
34.265653,39,9050.951385
112.021162,118,9051.613692
224.644968,200,9052.735343
1187.054143,200,9053.892122
257.154302,200,9055.082454
59.319239,68,9055.584454
288.1526,200,9057.155309
623.316916,200,9266.227844
819.524439,200,9267.639777
179.070149,200,9268.939002
180.816547,200,9270.263421
454.620525,200,9271.530401
1080.509464,200,9272.77639
217.962862,184,9274.030946
1000.68703,200,9275.181437
254.382265,200,9276.236495
854.28517,200,9277.297617
336.605897,200,9278.38383
181.570803,200,9279.558003
308.001988,200,9280.664578
432.669712,172,9281.602023
854.555889,200,9282.806797
631.204799,200,9284.083935
513.214233,200,9285.310441
190.377812,200,9286.715996
941.182719,200,9287.981814
957.862501,199,9289.389468
784.268241,200,9290.740688
254.914317,200,9292.002904
275.279843,80,9292.470143
94.65993,103,9293.051044
63.652482,72,9293.459129
528.94263,200,9493.923164
268.39734,200,9495.031207
233.583423,200,9496.132926
294.942996,200,9497.530997
528.151466,200,9498.762511
364.864474,200,9500.22167
194.32794,200,9501.506797
309.252135,200,9502.716235
191.713243,112,9503.402037
884.238005,200,9504.743591
135.593928,147,9505.725921
755.053948,200,9506.9382
674.785208,200,9507.972827
1060.607295,200,9509.060084
600.950912,200,9510.103488
181.23053,200,9511.132233
578.055372,200,9512.20974
809.869571,200,9513.258465
129.823649,144,9514.040714
180.762351,200,9515.111077
183.161212,200,9516.179062
437.359901,200,9517.248663
87.342902,97,9517.760645
632.068595,200,9518.814798
86.988852,96,9519.345583
208.709487,182,9772.616993
540.190676,200,9773.779052
345.074418,200,9774.91803
263.048952,200,9776.083246
261.774126,200,9777.229293
309.872988,200,9778.342977
239.851924,200,9779.475939
268.523207,200,9780.600512
748.189539,200,9781.704935
73.700326,80,9782.164322
462.798824,200,9783.312212
483.592529,200,9784.415151
1045.658965,200,9785.539212
182.345764,200,9786.669545
258.045889,200,9787.799582
258.269626,200,9788.911077
261.844713,200,9790.07583
773.012622,200,9791.240203
318.58927,200,9792.347908
351.111915,200,9793.491613
1010.343187,200,9794.597597
293.508049,200,9795.727221
651.971857,200,9796.854715
581.400747,200,9797.96839
342.720587,200,9799.115206
794.423115,200,10006.869431
360.646253,132,10007.605932
1045.902096,200,10008.767873
179.769054,200,10009.893533
693.77944,200,10011.022413
157.306817,129,10011.756227
181.64303,200,10012.899513
560.023163,200,10013.988781
576.2137,200,10015.122298
517.32779,200,10016.253692
383.601247,200,10017.415565
126.292622,65,10017.751081
509.168767,140,10019.033337
528.772511,200,10020.860707
224.001291,200,10022.45806
597.969631,200,10024.027638
182.99191,200,10025.720897
1061.663278,200,10027.575421
459.781838,200,10029.419258
954.674614,200,10030.920719
758.002955,200,10032.205225
985.534944,200,10033.304593
991.195543,200,10034.454621
72.853907,83,10034.919369
272.305848,200,10036.073715
424.631287,200,10241.570492
1017.101312,200,10242.928183
64.269186,71,10243.319048
642.851439,200,10244.455102
189.767269,200,10245.609131
471.65673,200,10246.717545
226.837628,200,10247.894067
349.771276,78,10248.345378
466.446466,200,10249.590297
436.360927,148,10250.508632
1072.09775,200,10251.738744
282.921755,200,10252.966299
798.881433,200,10254.192645
371.413438,200,10255.414794
1009.605158,200,10256.668854
187.357744,200,10257.906079
620.81459,200,10259.190012
1014.784188,200,10260.408174
994.749665,200,10261.651011
357.985584,200,10262.910694
1045.770349,200,10264.138085
1171.516465,200,10265.375766
444.397985,200,10266.611893
744.611817,200,10267.816567
230.987623,200,10269.053288
734.675809,200,10476.460493
369.4546,200,10477.76985
1181.476155,200,10478.973725
469.749011,200,10480.141369
328.709355,200,10481.306014
335.864744,200,10482.499485
585.638653,200,10483.685247
474.490272,200,10484.859472
354.382566,200,10486.041597
492.47251,200,10487.231061
565.587187,200,10488.426187
186.48106,200,10489.588911
216.209212,163,10490.528818
183.082114,200,10491.707964
592.466173,200,10492.872911
202.830108,200,10494.062267
184.802545,200,10495.221945
844.298349,200,10496.406601
241.750987,200,10497.574152
543.373968,200,10498.733019
205.313972,79,10499.200904
27.054222,32,10499.384931
299.626277,181,10500.423744
302.531257,200,10501.601921
184.935019,200,10502.702348
743.862683,200,10701.98266
739.973157,200,10703.264876
142.653664,155,10704.175922
257.789931,200,10705.42216
356.875488,191,10706.624331
186.539627,200,10707.832661
181.581533,200,10709.062332
1151.727997,200,10710.294735
461.490067,200,10711.50511
1196.561535,200,10712.706015
343.821457,200,10713.963414
793.734575,200,10715.208259
235.226949,200,10716.434925
478.729341,200,10717.685012
793.901381,200,10718.929092
870.043226,200,10720.123529
1110.69182,200,10721.356306
925.332758,200,10722.560021
184.000384,200,10723.735455
207.769718,200,10724.898763
325.643804,110,10725.567208
1045.106764,200,10726.751808
241.482436,190,10727.856107
577.356971,200,10729.011488
842.932427,174,10730.028893
364.966059,200,10983.034217
308.974747,200,10984.276834
47.444032,54,10984.64414
723.610727,200,10985.992147
287.905923,200,10987.460989
538.695061,200,10988.942209
153.282511,126,10989.841443
843.691324,200,10991.317468
798.281077,200,10992.589869
186.414008,98,10993.157632
189.687437,200,10994.28014
345.963394,186,10995.354494
1055.392139,200,10996.475164
605.993351,200,10997.641853
1185.470684,200,10998.911589
1125.90964,200,11000.121168
278.936718,178,11001.233315
182.788114,200,11002.451377
187.376689,200,11003.69862
177.634438,88,11004.256419
190.754055,200,11005.460614
430.360637,200,11006.692826
181.717122,200,11007.914599
180.484523,200,11009.155937
633.445169,200,11010.391319
470.052138,200,11206.87815
221.509428,151,11207.80224
1090.921569,200,11209.152451
327.787016,200,11210.121688
325.875431,179,11211.285078
186.169407,200,11212.553589
497.847645,200,11213.712155
738.635369,200,11214.837944
321.486169,200,11215.974403
1066.621325,200,11217.119966
653.390284,200,11218.267592
649.812068,200,11219.442163
363.590754,200,11220.597994
1031.38258,200,11221.799924
472.507552,200,11223.021297
642.896839,200,11224.236409
657.854473,200,11225.481289
934.219596,200,11226.731855
67.172872,75,11227.211803
992.158585,200,11228.447594
70.939245,79,11228.936822
151.190286,163,11229.926639
1066.553201,200,11231.155581
173.663136,189,11232.309863
723.908937,200,11233.537439
1125.753144,200,11441.553552
909.134149,200,11442.818889
50.548856,56,11443.171894
692.653727,200,11444.408545
300.095126,200,11445.633674
184.587418,200,11446.893343
371.164878,175,11447.956765
749.122435,200,11449.185154
566.158497,200,11450.427434
959.497482,200,11451.659541
73.018584,83,11452.175027
96.112352,104,11452.81687
181.178808,200,11454.057102
894.664608,200,11455.275512
315.047587,200,11456.534605
357.848885,200,11457.766428
185.856587,200,11458.998469
566.378934,200,11460.244929
662.634894,200,11461.466361
195.470242,200,11462.719116
894.940408,200,11463.974123
36.571337,43,11464.23428
338.154675,181,11465.339402
183.272371,200,11466.557335
118.136126,120,11467.291305
233.155005,200,11663.432698
687.178403,200,11664.772896
717.590257,200,11665.91066
47.886048,55,11666.234124
418.255769,200,11667.359301
739.679477,200,11668.475627
303.141119,200,11669.597225
331.282884,200,11670.774523
579.136681,200,11672.015681
1191.280895,200,11673.253865
455.217962,200,11674.463907
622.872573,200,11675.712316
1177.453049,200,11676.984549
548.920241,200,11678.204111
384.333315,200,11679.429578
129.527624,80,11679.919265
103.17084,108,11680.579499
945.743067,200,11681.782701
46.669353,54,11682.122475
494.175098,200,11683.348466
400.642456,200,11684.579002
844.030808,200,11685.815909
390.372068,200,11687.075596
1155.450211,200,11688.316586
1182.79809,200,11689.513419
276.160357,85,11938.762469
782.14196,200,11939.969763
538.128709,200,11941.419705
392.315307,200,11942.869104
664.228529,200,11944.161237
568.755468,200,11945.3424
180.100008,190,11946.441801
1181.631698,200,11947.646827
61.313468,68,11947.997511
334.072804,200,11949.271773
1181.894365,200,11950.273589
158.31762,169,11951.216519
46.411271,53,11951.602365
855.133304,200,11952.802422
413.912244,200,11953.999862
443.883908,200,11955.281642
342.607364,152,11956.366613
551.281357,186,11957.494972
181.040166,200,11958.58631
272.686805,200,11959.694315
310.028108,200,11960.859174
1161.659131,200,11962.376818
183.348192,200,11963.661646
1105.094537,200,11964.97098
181.410981,200,11966.170306
435.913241,200,12167.877911
940.388724,200,12169.014744
863.086836,200,12170.15629
308.353701,200,12171.300561
185.554627,200,12172.416545
358.005378,200,12173.557488
391.631833,200,12174.706785
277.26378,200,12175.88311
304.676763,200,12177.10664
231.296489,200,12178.681608
102.329215,111,12179.525871
779.971349,200,12180.736111
404.646636,125,12181.494088
335.129008,200,12182.719283
383.406317,200,12184.103489
432.699763,200,12185.467794
484.184686,199,12186.706714
183.182779,200,12188.097002
183.901908,200,12189.158497
498.859814,200,12190.122442
474.344138,200,12191.273584
409.245146,200,12192.458799
273.715013,200,12193.611419
227.177623,137,12194.442094
262.46821,200,12195.647635
132.890132,142,12395.248631
183.144315,200,12396.392051
533.621674,200,12397.529351
54.803696,62,12397.893871
625.209089,200,12399.044221
550.957168,200,12400.160546
310.280806,200,12401.297465
287.070878,200,12402.41373
1016.001398,200,12403.525853
703.778683,200,12404.622153
570.72603,200,12405.76511
1136.630165,200,12406.899013
185.929721,200,12408.020456
460.565908,200,12409.108233
180.92046,200,12410.266398
481.747808,200,12411.468307
435.067657,196,12412.679684
187.107502,200,12413.856537
462.860767,200,12415.012647
635.486557,200,12416.197192
507.145537,200,12417.379423
1150.92476,200,12418.590077
180.145427,200,12419.758577
452.523073,200,12420.943003
416.053193,200,12422.108757
342.898096,200,12622.337202
174.166461,187,12623.382942
168.789897,155,12624.264033
52.973379,60,12624.610586
186.256875,200,12625.749988
622.777215,198,12626.904643
664.558371,200,12628.027422
353.630914,200,12629.132856
527.968819,144,12629.94691
216.901998,200,12631.080906
49.728427,49,12631.363673
182.672861,200,12632.499264
59.89613,67,12632.892468
374.510305,200,12633.996471
587.889205,200,12635.130315
626.898173,200,12636.24988
191.665522,200,12637.438599
181.669377,200,12638.728605
181.105243,200,12640.046923
463.39337,184,12641.205734
533.724003,200,12642.434833
568.234808,200,12643.670379
437.142105,200,12644.904611
321.663231,200,12646.149253
469.435954,200,12647.397412
475.669176,200,12837.218566
799.0996,200,12838.370137
494.777995,200,12839.514441
478.251664,200,12840.658416
509.967422,200,12841.800242
296.625647,200,12842.937218
303.712917,200,12844.06409
1010.171835,200,12845.20592
889.717674,200,12846.340133
855.923374,200,12847.484879
460.790501,200,12848.602807
980.218984,200,12849.732461
252.604548,200,12850.887899
91.380556,61,12851.236526
110.644892,121,12851.92645
456.507642,200,12853.021954
310.099386,200,12854.153857
645.558504,200,12855.297798
400.076809,200,12856.44415
869.313347,200,12857.591043
149.832116,96,12858.133464
624.462928,200,12859.29312
52.599858,59,12859.632128
1066.730167,200,12860.860563
181.668186,200,12862.153575
179.533227,200,13118.453835
1120.437732,200,13119.574901
313.559062,200,13120.695439
549.055672,200,13121.825119
620.630093,200,13122.959341
425.756119,149,13123.821838
418.218759,97,13124.39318
671.318326,200,13125.535123
412.050357,200,13126.708979
353.507591,178,13127.718446
697.101272,200,13128.855012
518.167123,200,13129.971035
674.122907,200,13131.125608
748.534475,200,13132.279187
180.715396,200,13133.397112
444.910402,153,13134.35
263.661177,200,13135.757515
985.430437,200,13137.054828
382.058593,200,13138.211777
213.787098,200,13139.352335
179.886,200,13140.447826
420.825514,200,13141.594441
449.293099,200,13142.724394
193.514534,200,13143.81818
123.805863,73,13144.286111
318.394127,200,13341.222927
597.37005,200,13342.395415
559.959876,200,13343.540185
435.087195,200,13344.691452
365.040316,143,13345.521379
383.260392,200,13346.639445
415.89508,200,13347.795048
914.993695,200,13348.962696
347.759905,163,13349.88862
347.589294,200,13351.023645
989.794968,200,13352.211981
344.118606,200,13353.458317
55.843069,62,13353.831813
1010.227579,200,13355.05757
550.748507,200,13356.265241
176.915095,157,13357.223342
181.392397,200,13358.371659
597.426068,200,13359.518708
316.185371,200,13360.635872
506.399421,200,13361.747617
340.071228,200,13362.916238
318.156938,200,13364.122203
633.067176,200,13365.358018
190.785382,200,13366.615849
629.146043,200,13367.859876
434.582832,200,13564.343598
350.99301,200,13565.442404
364.381071,200,13566.502891
517.161427,200,13567.583581
633.841127,200,13568.754113
349.779163,200,13569.923326
348.498494,180,13570.995622
212.693732,200,13572.158421
500.171059,200,13573.339798
184.183001,200,13574.540759
77.11439,86,13575.051461
182.657877,200,13576.228846
181.388321,200,13577.374624
273.220788,200,13578.585573
889.21842,200,13579.841305
391.644957,200,13581.086446
183.82045,200,13582.31448
257.827468,200,13583.546643
33.381865,39,13583.786552
391.302867,200,13584.991873
437.548055,183,13586.117962
337.910126,200,13587.374524
633.543833,200,13588.62061
888.723345,200,13589.849918
1025.92539,200,13591.091005
474.862875,200,13787.514472
649.464793,200,13788.761077
182.548698,200,13790.114895
954.643684,200,13791.340253
808.784741,200,13792.362296
878.896548,200,13793.426059
602.719484,200,13794.500635
356.036005,200,13795.575675
934.987725,200,13796.638397
292.369803,81,13797.099777
184.36604,200,13798.154616
702.129124,200,13799.245814
378.169362,200,13800.427601
404.456235,200,13801.609061
640.745619,200,13802.809983
504.0042,200,13804.053706
1162.166383,200,13805.288945
459.43213,200,13806.51433
461.854181,200,13807.778867
354.299823,200,13809.052761
108.039193,79,13809.541778
566.761003,200,13810.789086
53.314754,59,13811.149613
471.210248,200,13812.4072
238.748203,200,13813.654313
450.43638,200,14066.789464
185.740625,200,14067.975808
487.316214,200,14069.107509
671.724315,200,14070.272212
1151.199049,200,14071.408818
198.664095,200,14072.556118
1197.81188,200,14073.727367
1166.277974,200,14074.863405
1106.523218,200,14076.001115
97.424326,106,14076.59393
179.728425,200,14077.747026
396.017061,200,14078.904511
199.736516,100,14079.480288
849.69288,200,14080.64339
182.23394,200,14081.816069
182.872081,200,14082.992526
329.305398,200,14084.157798
604.14451,200,14085.357852
889.416533,200,14086.549927
684.41972,200,14087.735942
869.840296,200,14088.880128
491.581287,200,14090.005047
568.679116,200,14091.132787
445.967216,200,14092.262974
564.534187,191,14093.328414
180.687877,200,14294.290203
180.170909,200,14295.350705
138.301921,95,14295.871098
348.153967,200,14297.03425
353.045301,200,14298.184685
989.576905,200,14299.390191
242.675603,200,14300.525367
335.966623,200,14301.653495
1067.344672,200,14302.816738
624.776493,200,14303.962763
1182.188437,200,14305.131928
318.174205,200,14306.268192
352.922201,200,14307.378003
607.981892,200,14308.538457
1150.659989,200,14309.70765
795.229808,200,14310.869174
33.069259,39,14311.098444
527.307518,200,14312.228351
185.286386,200,14313.354019
641.744084,200,14314.512821
184.809981,200,14315.665123
579.651258,182,14316.708014
1135.623012,200,14317.886562
349.637176,200,14319.040839
406.94591,200,14320.216099
484.067896,200,14518.432495
396.915407,200,14519.646681
353.702911,200,14520.993537
336.031459,200,14522.313308
643.740537,200,14523.551071
1175.866359,200,14524.857782
859.469142,200,14526.09524
180.01809,200,14527.331339
787.333143,200,14528.583722
774.166163,200,14529.810136
110.507682,107,14530.480877
384.33837,200,14531.719404
288.415066,200,14532.965749
517.442009,200,14534.180485
435.921928,200,14535.394397
420.7617,200,14536.63486
52.041704,59,14536.996816
459.599117,200,14538.198121
996.504512,200,14539.440454
137.091893,148,14540.345819
784.19691,200,14541.577667
591.426971,200,14542.800306
288.571812,200,14544.023324
394.133014,200,14545.227498
738.665603,200,14546.480938
768.001731,200,14742.287084
501.476334,200,14743.599109
289.701804,200,14744.72158
436.317167,192,14745.717605
626.875555,200,14746.794445
228.229035,200,14747.848835
185.665866,200,14748.906484
280.517002,159,14749.763829
187.762399,200,14750.851469
365.037188,200,14752.017764
276.991386,194,14753.082211
1020.414768,200,14754.136256
686.262386,200,14755.191502
327.085538,200,14756.269948
547.540406,200,14757.334567
446.99159,200,14758.377819
384.499468,200,14759.417253
619.073917,200,14760.527886
644.99847,200,14761.699858
794.430353,200,14762.865883
510.847882,200,14764.07724
242.39497,76,14764.565639
242.148547,176,14765.661061
182.438763,200,14766.875474
333.822856,200,14768.109085
225.754865,69,14964.873178
570.376711,200,14966.259741
279.03898,200,14967.62562
1070.754749,200,14968.691957
183.230918,200,14969.738299
603.356731,200,14970.789366
689.296885,200,14971.859928
1070.536281,200,14972.945666
342.601266,200,14974.044598
209.772945,200,14975.118265
190.837787,200,14976.165948
183.701025,200,14977.342981
611.02661,200,14978.531454
188.744799,200,14979.686664
151.691133,93,14980.263652
300.129398,200,14981.418154
584.286828,200,14982.563687
995.543103,200,14983.728533
643.620737,200,14984.893552
683.227414,200,14986.061985
300.428137,200,14987.240942
421.275912,200,14988.416825
1155.173781,200,14989.467806
1152.15218,200,14990.524571
825.341969,200,14991.580272
722.58333,200,15250.736956
482.233665,200,15251.790339
178.836877,200,15252.867517
38.154961,44,15253.112343
569.632316,200,15254.241615
559.161576,200,15255.517938
651.500783,200,15256.603857
711.544584,200,15257.769885
339.335016,200,15258.833195
502.673973,200,15260.094706
636.57207,200,15261.112492
393.13644,157,15261.975405
535.129512,200,15263.122577
441.594067,200,15264.059835
635.674207,200,15265.072342
522.435723,200,15266.066489
405.773817,200,15267.231586
465.175151,200,15268.573695
350.869582,196,15269.652948
191.546657,200,15270.706302
142.082343,152,15271.521134
234.813003,200,15272.583177
572.423411,193,15273.598979
824.604401,200,15274.785272
914.966697,200,15275.951144
643.03245,200,15478.464067
679.394578,200,15479.587633
1076.164429,200,15480.774057
652.168149,200,15481.788076
582.952423,200,15483.023299
557.428201,200,15483.97487
98.550739,104,15484.440563
1051.185814,200,15485.514466
504.830627,200,15486.525379
533.255262,200,15487.56288
761.809057,200,15488.644768
450.909038,159,15489.490577
489.429319,200,15490.515735
252.961975,200,15491.585638
518.931464,200,15492.655515
181.339158,200,15493.708645
593.27843,200,15494.727107
358.34715,200,15495.763869
884.398451,200,15496.937533
213.674107,200,15498.102714
698.884585,188,15499.189937
288.706558,200,15500.362178
190.001022,200,15501.530478
427.438206,200,15502.697355
939.747485,200,15503.866372
984.972028,200,15709.434183
890.783623,200,15710.599183
465.401081,200,15711.72517
689.02137,200,15712.832574
398.491998,200,15713.969424
334.009377,200,15715.098108
389.17572,200,15716.221251
903.822577,200,15717.338367
295.374866,58,15717.675334
229.611304,172,15718.645741
180.020238,200,15719.802749
768.705057,200,15720.913589
363.132685,200,15722.052101
889.335073,200,15723.22792
505.202232,200,15724.376961
1000.870446,200,15725.513355
581.431834,200,15726.64292
532.657931,200,15727.820568
181.491507,200,15729.038254
155.238027,142,15729.889866
469.521245,200,15731.092617
187.625077,108,15731.72315
1140.976496,200,15732.841793
350.118672,200,15733.976061
808.106311,200,15735.116645
559.564604,200,15936.418969
180.346313,200,15937.550235
515.611695,200,15938.681633
185.897485,200,15939.813463
1077.550271,200,15940.92841
317.436742,200,15942.036023
388.458881,200,15943.165541
904.45183,200,15944.317863
381.265927,182,15945.344105
1046.528287,200,15946.494314
347.29157,200,15947.631096
262.762246,152,15948.506609
179.57774,200,15949.626043
120.575198,82,15950.101273
454.354601,200,15951.231203
194.772696,200,15952.379152
723.453573,200,15953.470484
182.673154,200,15954.578501
850.343044,200,15955.686402
1041.743651,200,15956.810656
800.070865,200,15957.920639
238.707084,200,15959.038515
446.079917,200,15960.154862
485.309648,200,15961.308938
601.230934,200,15962.435435
443.236508,200,16215.858185
178.015016,200,16217.003028
534.981191,200,16218.097559
219.350987,182,16219.143897
717.044958,200,16220.23042
433.135447,200,16221.417723
1075.795543,200,16222.657609
378.704111,200,16223.912297
561.044794,200,16225.099689
485.03482,200,16226.207219
261.497713,200,16227.356311
579.153808,200,16228.463854
320.843948,200,16229.570395
629.605035,200,16230.683466
181.519044,200,16231.779134
48.451287,56,16232.119863
1066.069976,200,16233.565593
181.44587,200,16234.828174
198.241511,200,16235.880835
878.854489,200,16237.279315
338.219839,200,16238.689043
1076.413417,200,16239.970973
579.986405,200,16241.042371
864.438198,200,16242.099294
195.354217,164,16242.963077
557.386021,200,16451.39851
643.41316,200,16452.502542
517.367568,200,16453.727967
582.352065,200,16454.900405
1019.937026,200,16456.013276
272.324085,200,16457.245862
545.131357,200,16458.39871
754.625406,200,16459.542042
581.199985,200,16460.430434
874.765172,200,16461.519205
1091.550451,200,16462.594424
516.847328,200,16463.673523
180.668731,200,16464.740521
863.975762,200,16465.808892
323.710628,200,16466.895506
112.626004,126,16467.566314
107.759765,109,16468.146001
182.684504,200,16469.224587
1046.171427,200,16470.306438
804.866778,200,16471.376995
351.045014,200,16472.446354
422.929066,200,16473.528517
220.845378,111,16474.125742
941.763156,200,16475.207041
511.967956,200,16476.281997
165.671149,176,16682.181996
590.80715,200,16683.451457
181.087189,200,16684.622358
29.027095,34,16684.797916
295.09101,200,16685.869919
352.899942,200,16686.943774
181.183421,200,16687.980234
184.00178,200,16689.026159
626.276379,200,16690.084553
523.489825,200,16691.151976
731.866533,200,16692.227788
769.004059,200,16693.288342
1105.511774,200,16694.375465
432.707468,200,16695.429893
775.299795,200,16696.489922
313.197942,200,16697.553799
579.715735,200,16698.611667
186.273685,200,16699.648158
465.541938,200,16700.710573
95.378955,71,16701.081963
178.386687,200,16702.143309
298.623973,200,16703.167433
193.541625,200,16704.206886
322.845043,200,16705.269113
779.128822,200,16706.355101
201.234214,185,16911.013498
1041.090185,200,16912.313183
370.038471,200,16913.433156
315.346798,200,16914.623597
56.843516,65,16914.983484
814.528019,200,16916.122179
300.887923,200,16917.255143
743.782463,200,16918.379807
180.561274,200,16919.532599
622.035599,200,16920.657942
213.064342,200,16921.808049
57.09666,64,16922.191711
80.85003,89,16922.701924
182.061661,200,16923.815182
606.034286,200,16924.942154
899.268746,200,16926.063568
608.994412,200,16927.202106
1075.728092,200,16928.356949
508.783708,200,16929.497663
323.208909,200,16930.668336
1055.596438,200,16931.801576
550.281734,200,16932.955121
418.933642,200,16934.14506
935.540158,200,16935.923289
615.904093,200,16937.637641
321.215209,200,17143.513365
955.040883,200,17144.645132
283.562418,200,17145.773799
884.806039,200,17146.867543
293.382365,98,17147.406685
968.651797,200,17148.479772
128.339602,141,17149.244178
995.569008,200,17150.361762
924.524494,200,17152.204017
94.534303,106,17153.136226
1155.456207,200,17154.872329
516.917313,200,17157.037504
122.212921,82,17157.729115
466.630967,200,17159.436881
156.664549,167,17160.790373
407.652763,200,17162.644339
363.117632,200,17164.408126
451.910098,200,17165.547984
585.684797,200,17166.693559
82.971476,94,17167.216789
717.529852,200,17168.380569
181.762705,200,17169.553783
306.387631,200,17170.694595
608.525262,200,17171.931961
182.809598,200,17173.219232
273.840664,200,17431.693513
276.905163,200,17432.75993
506.850412,200,17433.85122
380.042221,200,17434.916766
182.575622,200,17435.986832
718.457899,200,17437.065506
338.870875,125,17437.74108
643.539949,200,17438.811164
164.897457,80,17439.23447
518.042579,200,17440.313833
498.173826,200,17441.397273
612.589137,200,17442.477257
945.011902,200,17443.538832
703.173925,200,17444.627867
183.111591,200,17445.753636
597.625233,200,17446.952795
90.013552,100,17447.530596
672.126377,200,17448.675637
835.014108,200,17449.880023
185.02183,200,17451.035196
1030.447065,200,17452.208798
1071.518742,200,17453.283699
899.918289,200,17454.353216
105.259707,110,17454.925822
236.558334,200,17455.973437
473.85286,200,17659.036209
466.538567,200,17660.112081
514.643402,198,17661.147622
408.183852,200,17662.227773
799.090798,200,17663.289681
924.219866,200,17664.362942
427.20199,200,17665.455696
170.502032,79,17665.908605
309.522842,83,17666.393253
842.48229,200,17667.557876
80.733692,90,17668.082447
420.040083,200,17669.271463
302.171448,200,17670.414204
349.132418,200,17671.57296
676.999145,200,17672.739133
74.688468,74,17673.185308
180.419653,200,17674.344412
59.72226,68,17674.74298
271.006875,200,17675.918305
1019.75713,200,17677.102245
480.103848,200,17678.267504
637.916508,200,17679.413741
1171.725812,200,17680.586744
465.759028,200,17681.781379
128.930442,95,17682.323318
1056.550069,200,17890.399989
183.653541,200,17891.64244
177.340151,160,17892.632406
261.471662,191,17893.801593
331.511642,168,17894.860568
1160.950432,200,17896.121948
675.535209,200,17897.341295
783.961741,200,17898.595712
696.28737,200,17899.791806
604.826232,200,17901.012651
625.751428,200,17902.247836
1180.976478,200,17903.480474
280.619797,79,17903.982877
667.355793,200,17905.223511
632.85666,171,17906.296246
182.754841,200,17907.908213
355.176817,200,17909.631268
788.36997,200,17911.622644
1091.369335,200,17913.356579
450.562427,200,17915.01434
677.916129,200,17916.928513
1151.867705,200,17918.47379
257.153624,200,17919.804708
1036.489845,200,17921.222777
278.565217,200,17922.718518
626.262359,200,18125.759753
136.123338,139,18126.644895
598.622946,200,18128.158707
1096.945997,200,18129.96521
600.42313,200,18131.722006
1010.520043,200,18133.392493
400.098787,104,18134.156533
190.921962,200,18136.030605
728.409594,200,18137.851655
633.445927,200,18139.532198
930.110066,200,18141.293334
451.471672,200,18142.747132
181.804212,200,18143.996085
449.81255,200,18145.231827
954.202714,200,18146.449936
331.550535,200,18147.719112
344.578056,138,18148.568456
180.429111,200,18149.802766
438.939455,200,18151.040725
694.832176,200,18152.297353
217.022307,197,18153.481302
558.033346,200,18154.707041
62.828453,71,18155.147504
185.17459,200,18156.387539
312.986881,200,18157.633252
632.957557,200,18359.95198
423.458139,200,18361.084964
703.204829,200,18362.239038
465.86345,200,18363.377113
185.196449,200,18364.528797
336.110208,200,18365.673208
558.863285,200,18366.84426
469.112926,129,18367.600576
181.264831,200,18368.725559
241.824825,200,18369.853626
186.805259,200,18370.991652
431.672395,200,18372.135796
305.074457,200,18373.244875
1172.013822,200,18374.371268
929.316037,200,18375.63554
181.810228,200,18376.861258
1071.571966,200,18378.091653
1055.488037,200,18379.315654
603.013417,200,18380.481117
569.660091,200,18381.607465
198.56302,200,18382.825546
1051.142829,200,18384.109796
178.816328,200,18385.373158
448.551996,177,18386.468248
425.522273,200,18387.678213
138.851834,84,18645.04615
1021.700559,200,18646.25391
647.15017,200,18647.34656
949.591139,200,18648.438134
178.492971,200,18649.493443
410.395683,200,18650.577923
368.471095,200,18651.660978
572.539376,200,18652.742002
53.427801,61,18653.061308
334.308258,104,18653.628137
889.863508,200,18654.705843
505.38375,200,18655.852431
1160.363109,200,18657.038716
545.161042,200,18658.210349
782.262626,200,18659.285143
986.518766,200,18660.334229
474.492378,196,18661.363871
714.51452,200,18662.416791
1076.264155,200,18663.50054
708.640273,200,18664.624103
191.525572,200,18665.70698
190.874744,200,18666.779092
315.553903,200,18667.839416
90.758572,71,18668.192646
262.86582,184,18669.422516
673.532667,200,18873.588997
494.521439,200,18874.662673
1015.074777,200,18875.745035
696.307792,200,18876.837273
974.893824,200,18877.93346
183.312676,200,18878.997489
240.890095,200,18880.081718
495.883713,200,18881.172299
1014.987367,200,18882.342177
458.245498,200,18883.50067
814.423273,200,18884.62197
44.194643,43,18884.862283
299.08057,200,18886.007077
415.667035,200,18887.464101
1010.54914,200,18888.669572
482.61361,200,18890.001002
854.697654,200,18891.337219
274.340314,200,18892.610905
539.628397,200,18893.924843
179.982225,200,18895.16138
1105.758265,200,18896.498328
1165.524908,200,18897.741131
479.12813,200,18899.137832
77.424108,84,18899.732179
364.373212,200,18901.030903
273.520414,200,19104.926805
378.136268,200,19106.079452
321.945397,200,19107.216933
181.0603,200,19108.325348
250.503267,200,19109.462254
823.150336,200,19110.615033
502.276952,200,19111.74693
555.672425,200,19112.908391
793.527007,200,19114.221339
181.300216,200,19115.381437
454.921022,157,19116.235343
804.297194,200,19117.363291
1096.42373,200,19118.543736
182.85779,200,19119.562849
79.854489,64,19119.878663
1111.690971,200,19120.867972
358.154263,200,19122.310399
154.415714,113,19123.124552
348.430343,200,19124.500813
229.83015,200,19125.76772
180.752569,200,19127.043193
261.666157,200,19128.196075
773.652173,200,19129.32707
546.08778,200,19130.455248
1076.302435,200,19131.610969
312.86114,200,19333.264471
280.682331,200,19334.440454
1060.390402,200,19335.562114
184.942965,200,19336.698838
330.553628,181,19337.712158
1131.030915,200,19338.881961
378.907352,200,19340.155906
329.920325,200,19341.392051
180.953436,200,19342.611337
672.006322,200,19343.925628
407.94333,200,19345.296534
344.826813,200,19346.457759
178.021679,200,19347.558412
694.745571,200,19348.683543
274.700828,172,19349.642091
246.083695,165,19350.587266
984.74024,200,19351.756662
200.035361,188,19352.841476
878.456154,200,19353.960429
181.160623,200,19355.068655
547.129969,200,19356.204786
283.792952,200,19357.341746
400.626348,200,19358.454142
903.318968,200,19359.672717
293.370534,200,19360.911582
229.689631,200,19616.186633
596.978987,200,19617.259877
568.067737,200,19618.31744
317.445902,200,19619.387341
266.290841,118,19620.01206
653.439134,200,19621.051991
655.38155,200,19622.229902
975.261026,200,19623.403258
330.371838,200,19624.594154
263.560244,114,19625.218352
257.641879,200,19626.289554
288.671228,130,19626.969052
22.7914,27,19627.113648
920.120842,200,19628.164068
799.769594,200,19629.216391
179.915578,200,19630.281861
1145.93429,200,19631.340837
1049.941014,200,19632.415044
434.223273,200,19633.470895
198.205405,82,19633.89712
364.034994,200,19634.956288
360.558197,200,19636.021304
651.921247,200,19637.08356
1066.752698,200,19638.127022
573.914993,200,19639.155253
623.52313,200,19843.192361
184.231321,200,19844.278297
223.471184,200,19845.360823
713.080515,200,19846.422147
243.52592,200,19847.566534
643.853012,200,19848.726832
699.134775,200,19849.874092
835.134107,200,19850.934232
182.231249,200,19852.005442
463.80731,200,19853.067276
764.60444,200,19854.152085
184.03437,200,19855.193115
603.03536,200,19856.309661
333.437612,200,19857.708402
849.879352,200,19858.928564
874.098965,200,19860.208935
662.904716,200,19861.528861
92.327518,99,19862.124176
481.439722,200,19863.388991
258.392406,200,19864.764469
925.067947,200,19865.959424
637.565401,200,19867.466038
960.055355,200,19868.928524
281.882923,200,19870.513035
625.869015,200,19871.788862
1166.965108,200,20071.410254
716.830173,200,20072.558475
228.538781,88,20073.056008
779.953566,200,20074.223437
1177.326932,200,20075.412476
184.851497,200,20076.652308
324.907701,200,20077.893214
122.858922,134,20078.700859
798.82831,200,20079.933873
1126.367674,200,20081.126834
212.855599,200,20082.236823
194.857778,200,20083.348235
380.844918,200,20084.508
534.686425,200,20085.62858
1090.689487,200,20086.753021
491.028592,200,20087.988058
562.335548,200,20089.12323
531.189433,200,20090.504296
196.049459,200,20091.937507
87.232712,50,20092.305978
425.480335,143,20093.278041
551.169907,200,20094.54348
282.757123,200,20095.778635
773.333939,200,20096.930495
628.986438,200,20098.306671
588.732549,200,20299.12249
368.293648,200,20300.412432
359.03024,200,20301.662663
377.434305,200,20302.927872
602.402949,200,20304.151176
189.553063,179,20305.26757
73.852985,83,20305.77033
308.763303,200,20307.017731
780.069243,200,20308.255157
543.736603,200,20309.437542
182.165709,200,20310.580737
182.197972,200,20311.691269
182.372316,200,20312.836133
442.744675,200,20313.901832
112.735542,123,20314.700813
58.545923,62,20315.084985
1040.3384,200,20316.560648
231.303777,200,20317.819982
404.994624,200,20319.013147
427.781045,200,20320.567203
236.282862,200,20322.064014
383.94001,200,20323.339232
101.22697,110,20324.088025
313.672635,200,20325.487722
236.038142,154,20326.520957
296.273449,140,20527.960631
178.010952,200,20529.227557
346.343371,200,20530.474214
310.414073,200,20531.726276
271.3936,200,20532.954636
690.752473,200,20534.212191
1011.350149,200,20535.469442
453.730459,200,20536.72121
190.408808,200,20537.929565
623.302539,200,20539.131205
678.210227,200,20540.324558
628.844741,200,20541.493454
869.79918,200,20542.619074
1140.807878,200,20543.725269
1146.32688,200,20544.840694
394.301159,200,20546.192339
299.867089,200,20547.633584
392.780984,200,20548.953337
639.244447,200,20550.232387
318.40753,200,20551.497893
1183.209234,200,20552.572855
348.459218,200,20553.639858
1136.842083,200,20554.700767
180.439219,200,20555.734836
477.94738,200,20556.793765
1145.908159,200,20818.554473
574.917961,200,20819.653253
863.246241,200,20820.755953
1009.534823,200,20821.820905
708.905997,200,20822.898388
295.38525,200,20823.95961
557.971892,200,20825.014036
169.517862,89,20825.488042
394.646681,200,20826.573871
183.933167,200,20827.635911
405.494347,200,20828.67753
42.696729,49,20828.945419
509.93059,200,20830.027239
208.909185,200,20831.144136
565.415195,200,20832.321206
313.809709,200,20833.717553
512.102781,200,20835.067462
694.088247,200,20836.196522
516.802634,200,20837.302516
194.793811,200,20838.413656
196.946101,200,20839.548995
784.380801,200,20840.68492
291.003122,200,20841.900482
83.368397,52,20842.228646
293.1944,200,20843.594886
355.093087,200,21053.210197
389.345694,200,21054.415052
990.533457,200,21055.691104
525.129064,200,21057.1486
180.70579,200,21058.479737
256.783057,70,21058.955915
182.262446,200,21060.292696
376.528405,200,21061.676756
1046.653462,200,21062.784575
171.602587,143,21063.661846
883.846497,200,21064.834431
383.570604,200,21066.166888
1077.366371,200,21067.417634
436.918845,200,21068.622666
1056.572106,200,21069.870824
335.088174,200,21071.119025
544.578685,200,21072.322598
378.343016,200,21073.506468
683.322723,200,21074.628184
837.167178,200,21075.773658
184.074462,200,21077.107066
493.213221,200,21078.78217
335.167222,200,21080.654456
493.058495,200,21082.602825
188.320385,200,21084.46371
466.356781,200,21301.554034
600.849787,200,21302.811321
664.89535,200,21303.903803
443.511162,200,21305.044904
337.054333,200,21306.196053
207.957953,200,21307.328487
181.607542,200,21308.477177
747.432564,200,21309.626892
198.944367,200,21310.812452
495.480814,200,21311.99549
1049.944515,200,21313.138021
428.638991,200,21314.312904
328.486727,200,21315.396675
254.306597,200,21316.443478
652.759282,200,21317.507221
703.950845,200,21318.546583
613.962785,200,21319.617812
445.51711,200,21320.691991
631.046167,200,21321.76157
302.295774,200,21322.842767
686.085023,200,21323.920586
572.473616,200,21325.006928
497.747452,200,21326.094679
487.940096,200,21327.251287
595.065675,171,21328.26775
1055.472786,200,21528.665301
405.471272,200,21529.831621
534.216048,200,21531.007012
232.234465,200,21532.153809
181.884347,200,21533.354865
683.687475,200,21534.53322
130.928966,142,21535.371955
960.253248,200,21536.51535
874.754903,200,21537.690836
442.062104,200,21538.88232
179.301821,200,21540.045956
307.71473,200,21541.238369
93.809733,103,21541.849826
694.541858,200,21543.042949
603.539899,200,21544.218221
301.021349,200,21545.381098
330.24995,126,21546.105041
295.033803,200,21547.287269
519.822229,200,21548.459527
603.575281,200,21549.631008
28.061804,31,21549.811261
293.970563,200,21550.941544
636.907346,200,21551.999149
460.315375,200,21553.162775
694.882405,200,21554.311685
442.303792,200,21805.958009
579.31944,194,21807.09923
334.206502,200,21808.245537
661.567659,200,21809.37434
365.920327,200,21810.511209
301.864127,200,21811.632264
86.438602,95,21812.154629
500.485198,200,21813.240968
330.380151,187,21814.280026
452.198992,200,21815.435491
875.391199,200,21816.5295
429.970655,200,21817.888817
689.251199,200,21819.180348
874.124359,200,21820.440125
232.738643,200,21821.83281
614.860497,200,21823.036546
671.323337,200,21824.095255
829.264002,200,21825.237065
70.081091,78,21825.702779
309.414712,200,21826.846766
498.505837,200,21827.980359
60.929955,49,21828.264691
552.882831,200,21829.419723
328.276982,200,21830.551051
183.314492,200,21831.680512
399.546033,196,22033.331417
181.210741,200,22034.770252
1150.923371,200,22036.163942
114.729094,125,22037.099323
540.988217,200,22038.459032
809.694388,200,22039.919334
374.512197,200,22040.931298
1085.526292,200,22042.340507
465.022858,200,22043.849003
209.951514,200,22045.009532
83.595135,92,22045.551838
383.037668,200,22046.693151
253.53934,200,22047.822654
222.256629,200,22048.966922
789.119968,200,22050.117774
319.712657,188,22051.188898
203.419016,200,22052.347278
762.770696,200,22053.85918
416.932933,200,22055.440852
86.288453,95,22056.192492
364.624602,200,22057.7965
322.621041,200,22059.320259
470.856185,200,22061.016554
621.059913,200,22062.689857
934.88187,200,22064.386545
634.32398,200,22272.019719
293.457896,134,22272.78694
491.141657,200,22273.954029
592.708146,200,22275.081658
467.394612,200,22276.250221
1051.261189,200,22277.381874
543.095898,198,22278.531722
604.355704,200,22279.675315
201.532629,198,22280.774355
798.066317,200,22281.904751
389.739257,200,22282.99588
545.347261,200,22284.105083
180.355734,200,22285.249414
924.850387,200,22286.414825
765.027988,200,22287.553475
154.147941,166,22288.508297
485.840088,200,22289.670305
180.973313,200,22290.748172
979.820441,200,22291.802548
190.934035,200,22292.857973
638.721174,200,22293.910303
768.588112,200,22295.023625
457.394635,200,22296.182021
491.582113,200,22297.409559
1106.759941,200,22298.503156
739.006823,200,22501.082957
521.785527,200,22502.238376
404.679327,200,22503.389837
401.407228,200,22504.512598
233.479831,200,22505.641141
945.553365,200,22506.789372
713.706586,200,22507.945664
1031.233214,200,22509.120397
889.417681,200,22510.275904
995.948287,200,22511.4451
184.168108,200,22512.59989
105.10281,64,22512.986114
883.948108,200,22514.16522
194.527976,200,22515.360655
177.806454,190,22516.449292
990.50071,200,22517.624755
383.1152,200,22518.802082
556.074472,200,22519.967625
530.131296,200,22521.133201
798.684998,200,22522.211847
627.454325,200,22523.346995
1136.557561,200,22524.43271
797.410148,200,22525.518836
303.738934,200,22526.617673
317.123825,200,22527.736464
190.256957,200,22724.520773
530.251925,200,22725.69635
180.60445,200,22726.829877
252.670414,200,22727.928333
999.897202,200,22729.083186
773.342677,200,22730.230951
477.00662,200,22731.407331
555.180599,200,22732.58008
1172.251916,200,22733.803916
1071.587187,200,22734.967995
1036.084265,200,22736.139228
1025.97468,200,22737.299917
950.07571,200,22738.472185
783.571862,200,22739.655583
499.349719,200,22740.818099
213.208565,200,22742.003839
178.769497,192,22743.150557
397.666069,200,22744.325952
424.093167,200,22745.50186
756.746377,200,22746.685052
761.281322,200,22747.847212
293.183696,200,22749.074268
1070.866953,200,22750.327699
259.441523,125,22751.109469
183.433066,200,22752.342131
668.444687,200,23004.741443
410.904546,160,23005.690608
627.742211,200,23006.812304
418.323461,200,23007.998272
193.74005,200,23009.066342
505.752728,200,23010.096452
614.492974,200,23011.398695
182.26057,200,23012.796466
1110.899506,200,23014.111914
803.190923,200,23015.360398
436.732913,200,23016.506516
768.644663,200,23017.634797
45.761753,50,23017.924069
633.594568,200,23019.059244
198.917528,200,23020.187241
854.341638,200,23021.298799
1031.168476,200,23022.443856
376.917301,156,23023.337765
298.691107,200,23024.450148
647.344092,200,23025.661678
1010.746803,200,23027.053434
1121.949591,200,23028.548156
193.943426,200,23029.961666
123.566294,132,23030.832615
178.593367,200,23032.114146
117.174516,125,23232.873177
287.942749,200,23234.272233
890.505674,200,23235.623313
454.18314,200,23236.743816
395.571101,200,23237.905767
487.830841,192,23239.009857
182.490643,200,23240.148526
473.377062,200,23241.308622
828.40246,200,23242.46454
452.203488,200,23243.60431
621.686706,158,23244.502084
194.912014,200,23245.659827
632.803902,200,23246.796196
989.733503,200,23247.944016
37.436753,43,23248.190152
749.598415,200,23249.352616
329.674606,200,23250.491169
349.23268,200,23251.639493
467.201149,200,23252.764492
1015.704196,200,23253.904956
420.694094,197,23255.139256
415.408375,200,23256.64689
386.617811,200,23257.875909
369.472131,200,23259.0049
539.897887,200,23260.184632
334.060991,200,23468.045231
80.948181,61,23468.399195
1030.313593,200,23469.581939
546.166216,200,23470.729693
106.234049,116,23471.381354
554.888322,200,23472.506652
294.355978,200,23473.63562
181.766464,200,23474.768095
512.758118,200,23475.912976
495.738182,200,23477.073024
816.841295,200,23478.226774
651.467933,200,23479.354209
616.943848,200,23480.47742
183.209015,200,23481.607203
328.832596,200,23482.740266
1181.153069,200,23483.877657
278.67843,200,23485.146456
180.766952,200,23486.289464
775.145976,200,23487.452394
116.327378,126,23488.151528
622.031903,200,23489.31057
276.243344,96,23489.873568
546.318082,200,23491.014586
401.598578,200,23492.244914
186.336324,200,23493.490331
736.607586,200,23690.628493
535.725724,200,23691.773024
920.477466,200,23692.929411
864.478675,200,23694.092454
195.356596,200,23695.229412
1150.487842,200,23696.359828
567.048615,200,23697.492672
281.83483,200,23698.621882
404.858134,200,23699.78471
974.778601,200,23700.908579
272.107357,200,23702.061512
398.741694,200,23703.210616
476.991114,200,23704.352668
135.291154,151,23705.193924
1000.299081,200,23706.311101
185.096073,200,23707.442718
1055.8595,200,23708.62297
378.193246,113,23709.257149
278.566685,159,23710.159921
383.609569,200,23711.390024
645.381768,200,23712.54117
1015.701149,200,23713.682624
623.629834,200,23714.795814
521.156965,200,23715.959823
139.821592,95,23716.513164
511.53281,193,23965.488428
296.528654,177,23966.432149
190.248049,200,23967.543148
552.934729,200,23968.688179
759.771522,200,23969.73767
629.211629,200,23970.808146
394.878076,200,23971.898185
58.202918,63,23972.237561
298.098821,200,23973.33785
181.985101,200,23974.421346
540.653391,200,23975.494086
697.532408,200,23976.552157
210.012806,200,23977.623063
1161.699288,200,23978.716495
352.848243,200,23979.790109
433.584899,200,23980.906576
789.632257,200,23981.971984
1172.716118,200,23983.041235
678.317625,200,23984.088559
624.847057,200,23985.171232
361.22556,200,23986.243939
247.4279,87,23986.81976
186.75924,200,23988.105224
179.391197,200,23989.250652
644.140974,200,23990.393611
792.859624,200,24190.931497
894.365352,200,24192.127756
470.088003,200,24193.30529
1081.78565,200,24194.489824
599.072824,200,24195.691759
259.219826,200,24196.882778
261.362754,96,24197.391721
469.195798,200,24198.464068
899.356727,200,24199.516194
364.43546,200,24200.581193
298.638414,165,24201.50401
180.389435,200,24202.534733
344.726321,200,24203.596443
855.015463,200,24204.752051
369.190231,200,24205.853279
671.454986,200,24206.980688
652.816457,200,24208.107996
662.698439,200,24209.24291
486.075158,200,24210.367889
1006.497215,200,24211.519161
293.977896,200,24212.656775
1034.859773,200,24213.77507
884.96912,200,24214.883682
712.365617,200,24216.001412
471.474401,200,24217.08141
323.73691,200,24417.205151
1170.797347,200,24418.320939
802.703799,200,24419.471451
575.075021,200,24420.609731
500.524537,200,24421.748945
478.076995,200,24422.978003
1090.58743,200,24424.169288
890.488462,200,24425.368599
603.912098,200,24426.534468
1044.753265,200,24427.717935
88.288506,62,24428.081995
140.281149,154,24428.982365
182.666582,200,24430.135301
935.430922,200,24431.275271
181.725831,200,24432.429363
989.794245,200,24433.597917
621.067979,200,24434.709719
552.652967,200,24435.864908
744.06248,200,24436.980644
889.446511,200,24438.102368
614.350195,200,24439.244788
710.75619,200,24440.373351
181.066148,200,24441.501843
243.803416,200,24442.654637
62.024447,67,24443.080947
338.597853,200,24641.523524
649.990289,200,24642.735393
380.310052,200,24643.906183
675.726552,200,24645.136194
641.665012,200,24646.395678
787.272183,200,24647.60943
181.851778,200,24648.848261
328.183833,175,24649.896013
591.995226,200,24651.151428
192.461636,200,24652.3901
182.158984,200,24653.521212
463.202533,200,24654.643484
712.921635,200,24655.765493
615.292727,200,24656.83727
539.453376,200,24657.952208
634.261406,200,24659.094495
268.158243,200,24660.208251
179.50746,200,24661.293119
734.275416,200,24662.419547
101.597449,98,24662.974132
1020.526421,200,24664.126868
779.527788,200,24665.264709
853.589075,200,24666.45262
485.066546,200,24667.697554
407.601786,181,24668.807651
910.06459,200,24867.166824
335.989097,167,24868.105234
510.114115,200,24869.212005
417.890856,200,24870.436578
268.757822,200,24871.674684
604.847808,200,24872.911714
635.908196,200,24874.134182
125.767988,136,24874.990366
492.972353,174,24876.075903
1055.889128,200,24877.303726
281.339019,200,24878.535754
581.360102,200,24879.744498
299.474763,200,24880.990312
102.302587,71,24881.424488
1041.387908,200,24882.720774
344.300002,200,24884.03082
183.960823,200,24885.355828
986.483499,200,24886.664481
365.616383,200,24887.978251
560.636743,200,24889.196676
335.58809,200,24890.432232
1035.778419,200,24891.693332
559.065588,200,24892.932524
980.411102,200,24894.166135
567.481529,175,24895.245641
134.627196,146,25150.249996
294.2724,161,25151.110578
186.816851,200,25152.175987
933.975767,200,25153.258313
394.96635,200,25154.318063
351.403716,200,25155.394307
769.039264,200,25156.464488
182.118488,200,25157.554486
944.268127,200,25158.642313
1177.342875,200,25159.709098
747.447576,200,25160.77098
482.50886,200,25161.873725
696.451657,200,25162.931013
243.852671,200,25164.020855
673.852486,200,25165.108372
400.513911,200,25166.245961
308.274732,200,25167.401207
789.282732,200,25168.582967
692.556879,200,25169.751436
1116.39647,200,25170.933151
795.481184,200,25172.121122
732.382706,200,25173.299583
316.147635,153,25174.275474
970.265165,200,25175.518256
772.803713,200,25176.759406
1024.601626,200,25377.374798
721.479868,200,25378.633531
450.195603,200,25379.798335
53.808602,53,25380.106375
553.300093,200,25381.270484
266.359074,200,25382.43381
618.661248,200,25383.594004
449.857001,200,25384.758079
183.736732,200,25385.933441
40.026292,46,25386.218245
460.324805,200,25387.396076
611.430517,200,25388.550894
1025.024213,200,25389.717091
975.63052,200,25390.905134
336.478045,200,25392.077834
356.656809,200,25393.271756
194.218656,200,25394.434307
419.636312,200,25395.651477
348.603159,200,25396.926697
144.088593,94,25397.530584
434.851866,200,25398.837039
182.064124,200,25400.05708
446.443454,200,25401.289849
236.805043,147,25402.189896
388.308483,135,25403.043403
677.259346,200,25600.175777
542.923295,200,25601.406318
186.56221,200,25602.64074
126.066788,137,25603.494525
1021.272653,200,25604.719984
742.032165,200,25605.98091
648.234338,200,25607.226251
182.520947,200,25608.468679
203.161129,138,25609.311359
186.17222,200,25610.549356
262.292326,76,25610.999533
425.121218,200,25612.268314
377.285202,200,25613.509914
338.962862,200,25614.756441
63.705347,58,25615.110677
382.767802,200,25616.348197
77.146177,86,25616.868428
649.163739,200,25618.122253
180.479046,200,25619.387119
126.711797,121,25620.159455
488.885735,200,25621.472701
663.432667,200,25622.763736
582.37026,200,25624.043912
531.647638,200,25625.362727
696.254355,200,25626.666914
444.714267,200,25828.048173
83.944465,91,25828.548917
29.454711,35,25828.756239
1076.973643,200,25829.918374
900.205192,200,25831.098307
1181.889897,200,25832.249155
50.795278,56,25832.571222
1071.06531,200,25833.740826
181.270249,200,25834.897154
414.911081,200,25836.130143
269.820893,200,25837.357707
444.657283,200,25838.601767
729.489263,200,25839.831511
182.453485,200,25841.063066
723.913015,200,25842.297096
703.039959,200,25843.523877
153.899216,104,25844.183277
182.957756,200,25845.365195
213.323057,200,25846.543054
793.976061,200,25847.700079
539.724513,200,25848.905989
403.870356,200,25850.124438
184.49635,200,25851.263203
425.201041,200,25852.413755
180.14731,200,25853.544803
338.983414,200,26121.857316
424.380039,200,26123.116541
383.908857,200,26124.355958
1045.3869,200,26125.585549
680.47936,200,26126.774628
485.223341,200,26127.945601
900.632015,200,26129.128976
339.438149,161,26130.042071
583.281905,200,26131.447812
884.992759,200,26132.774304
335.268448,200,26133.846978
91.5098,104,26134.408029
580.661103,200,26135.472952
1140.858452,200,26136.566814
854.438607,200,26137.672449
806.26404,200,26138.801126
773.575995,200,26139.887927
651.490613,200,26140.976433
482.373344,200,26142.096491
309.904748,200,26143.196043
450.182407,200,26144.304723
181.827993,200,26145.45051
394.796874,200,26146.65641
1181.264022,200,26147.844599
33.631994,39,26148.082502
534.798822,200,26361.951715
624.499448,200,26363.393046
179.851712,200,26364.651631
697.361504,200,26365.849758
363.06428,146,26366.709919
571.606385,200,26367.874072
383.439316,183,26368.903181
66.164141,74,26369.322412
814.191527,200,26370.444922
454.002555,200,26371.551522
312.183703,200,26372.662866
642.54969,200,26373.764743
531.631804,200,26374.892509
554.107057,200,26376.08284
592.32212,200,26377.181083
1056.067936,200,26378.270837
369.118687,200,26379.393889
187.303569,200,26380.509714
467.924191,107,26381.113026
183.071766,200,26382.334884
439.037204,200,26383.439128
158.327214,125,26384.191248
288.145279,186,26385.317785
412.142643,163,26386.292415
210.470888,200,26387.508685
413.482936,200,26607.335888
518.804404,200,26608.47982
548.936947,200,26609.627205
92.113586,89,26610.173242
1025.740326,200,26611.36872
551.923978,200,26612.558282
60.162485,66,26612.946056
227.127878,128,26613.689007
671.00947,200,26614.868018
423.225984,200,26616.009324
1026.077007,200,26617.15692
384.033001,200,26618.297493
744.606938,200,26619.499176
183.209864,200,26620.655824
733.110879,200,26621.818716
1166.378698,200,26622.993977
1086.401701,200,26624.175225
608.516561,200,26625.359553
395.7597,200,26626.52589
110.87382,122,26627.237415
246.599257,196,26628.361629
627.265266,200,26629.51414
1045.892843,200,26630.833182
1075.797652,200,26632.104041
705.171542,200,26633.383619
,24504.963317
413.449927,200,24507.131341
185.903568,200,24509.247583
85.850861,92,24510.236647
438.784989,200,24512.359058
58.552814,58,24512.970471
905.067002,200,24515.12674
1055.795625,200,24567.455813
746.709914,200,24569.673
181.759252,200,24571.775198
617.961671,200,24615.32234341031.552,200,24617.542377
152.431454,159,24619.326316
600.039088,200,24621.558418
211.206967,200,24623.857397
280.052871,200,24626.115724
188.680913,200,24628.355519
386.304435,200,24631.177652
283.99464,200,24633.9798
726.458574,200,24636.806588
793.735687,200,24639.624614
180.845542,200,24642.419282
999.013219,200,24716.232874
300.236909,200,24719.174358
656.777782,200,24721.892387
324.505312,200,24724.675372
481.290844,200,24727.39791
424.908457,200,24730.111851
568.20861,200,24780.647421
1110.644849,200,24783.383822
879.790076,200,24786.128064
714.66581,200,24788.349503
603.163542,200,24790.484555
307.707802,200,24792.936879
182.903249,200,24795.634821
1186.842476,200,24840.84533
824.500452,200,24843.110011
1057.053799,200,24845.333186
205.073904,200,24847.633086
727.154446,200,24849.918877
1040.718249,200,24852.178459
1076.729762,200,24854.510449
168.971383,62,24855.240796
181.339825,200,24857.841875
79.540064,59,24858.661281
341.278209,200,24861.513436
1136.30044,200,24864.39714
693.180749,200,24867.295814
181.897821,200,24870.127845
181.712199,200,24943.848693
813.485471,200,24998.676555
798.406152,200,25001.537944
943.992026,200,25004.388663
78.339335,63,25005.291552
391.883884,150,25007.4346.802181.969372,200,25010.939089
577.510613,200,25014.347341
385.818307,200,25017.9180.097703.585107,200,25021.93638
495.108614,200,25025.268389
638.126243,200,25028.142915
537.243486,200,25030.944275
309.163001,200,25075.9307
810.015498,200,25078.567407
408.505524,149,25080.150606
658.868775,200,25082.27376
529.000789,200,25084.377011
60.502236,69,25085.103021
277.194333,112,25086.36353593588.234824,200,25088.49870541247.389437,200,25090.64689111581.050597,200,25092.77621811682.076008,200,25095.3279443327.725935,200,25147.2632251175.64586,110,25148.813758
1130.875666,200,25151.543788
362.306546,200,25154.3532415677.996188,200,25225.0809651260.975013,200,25227.9539066739.159766,200,25230.740179
505.487116,200,25233.630021
441.020457,200,25237.131438
1140.354001,200,25240.67767
504.760522,200,25244.186336
181.220408,200,25247.633053
180.202947,200,25251.123713
182.745819,200,25254.649056
424.133935,200,25258.09906
481.957346,200,25261.043632
116.507446,99,25262.629022
861.8766,193,25305.757444
577.623914,200,25307.876678
276.800158,200,25310.084508
277.738493,200,25312.22803
964.573895,200,25362.206324
182.476331,200,25364.400694
518.030003,200,25366.556109
493.279912,200,25368.788429
165.365373,172,25371.017898
328.226906,200,25373.777171
264.511726,200,25376.571471
185.815193,200,25379.293664
150.824077,132,25381.123577
975.419954,200,25452.823763
220.336266,79,25454.1276561185.206449,153,25456.7951515283.799124,200,25460.3011526314.569687,151,25462.96899521066.37194,200,25466.45359641065.977508,200,25469.65820180643.452674,200,25472.46319261855.579859,200,25475.36732524343.741013,200,25478.22214804.816093,200,25479.385241
794.353585,200,25482.254457
899.497736,200,25485.105867
752.920304,200,25573.791968
476.300558,200,25576.588645
769.429811,200,25579.303903
466.498775,200,25581.8678172495.620387,200,25584.103827201131.362314,200,25586.3751724.235.154632,200,25588.621869.5443.502548,200,25590.9141161.513.54136,200,25593.14126614270.705024,166,25594.99872166607.875047,200,25597.28478854679.256282,200,25599.54752463236.078263,200,25601.80341121781.514775,200,25673.56362328605.350017,200,25676.44404330539.136872,199,25679.113898
363.517457,200,25681.852173
848.386283,200,25685.25292
565.80452,200,25688.584441
215.908699,200,25691.359682
125.998945,112,25692.887656
1121.297991,200,25743.598975
305.676039,200,25747.750987
974.457602,200,25751.629053
980.150895,200,25755.72442
402.329674,200,25759.503594
327.33744,193,25799.410223
793.961526,200,25801.643297
92.337736,68,25802.424794
1031.326918,200,25804.711802
430.623976,200,25807.034407
239.652442,200,25809.865319
797.310894,200,25812.702666
655.444378,200,25815.500099
498.071607,200,25818.298864
311.01698,200,25820.891164
185.955694,200,25823.361407
94.384258,58,25824.151727
613.428156,200,25826.948879
434.172138,200,25829.823056
1036.102712,200,25900.617889
1125.773174,200,25903.748001
182.969558,200,25906.966892
727.133073,200,25959.550858
622.654803,200,25962.411505
194.022778,200,25965.367927
62.979932,68,25966.518682
179.283609,200,25970.274162
568.017884,200,25974.187824
183.349832,200,25977.609318
694.013123,200,25980.418651
443.928756,200,25983.192991
182.662541,200,25985.967441
1081.434089,200,26028.118893
563.351446,200,26031.189808
990.702078,200,26034.087424
496.71844,200,26037.491725
515.235611,200,26040.9806
525.608236,200,26045.270666
1155.394915,200,26049.212542
283.713733,72,26050.722786
796.907404,200,26055.422972
1080.160528,200,26059.108094
800.540353,200,26061.460108
538.985214,200,26063.751261
590.381728,200,26122.096787
632.36029,200,26197.394538
180.97748,200,26200.414963
77.545964,85,26201.5332663.101.29639,111,26202.775201151172.173801,200,26205.0293541716.19104,200,26207.65819
294.032934,200,26210.677024
180.260789,200,26213.746185
358.870591,124,26215.845374
181.672217,200,26218.791601
1041.270469,200,26221.753636
623.729851,200,26224.807257
533.779654,200,26228.091957
173.365129,82,26229.510947
467.721123,200,26233.322937
1047.131838,200,26278.328155
181.307842,200,26281.20721
439.522777,200,26284.117949
204.410493,200,26286.941943
784.545304,200,26290.402644
1172.548998,200,26293.550202
976.171466,200,26347.157364
610.148316,200,26350.810565
1071.298048,200,26354.235395
559.87286,200,26358.092398
390.588597,200,26360.828694
529.086493,200,26363.025189
179.207252,200,26435.003767
1140.570566,200,26437.394416
429.266119,200,26439.693277
1086.118044,200,26441.979339
186.298205,200,26444.273041
1156.340259,200,26446.651743
464.588066,200,26449.625499
512.686245,200,26452.631763
1191.024114,200,26456.173087
444.761165,200,26459.685502
257.765287,200,26463.318106
1151.649101,200,26466.441262
133.44461,144,26468.622616
390.850428,200,26519.458515
318.0047,200,26523.26979
914.807512,200,26581.569506
182.185221,200,26585.829793
1027.018867,200,26590.1065
168.101801,135,26592.596135
179.767323,200,26595.489996
70.353705,78,26596.392126
181.526994,200,26598.725983
576.379194,200,26601.020207
271.532393,200,26603.390772
697.202235,200,26605.725465
784.498336,200,26608.02721
297.16471,163,26609.989242
64.032204,71,26680.836627
330.802841,200,26683.682622
163.669571,109,26684.961798
629.202383,200,26687.253175
642.10902,200,26689.775998
568.733654,200,26693.077692
379.779677,200,26696.367774
574.644386,200,26699.605626
90.828699,95,26701.40407
70.812883,78,26702.869404
03,200,26700.997156
184.409005,200,26704.789754
813927
791.466416,200,26696.200485
501.200073,200,26699.566489
325.096977,200,26703.230636
,200,26694.015401
665.025569,200,26697.469362
182.415635,200,26701.106839
126.351653,135,26703.54458423.924239,200,26706.043486
07
,26698.917282.6323.783362,200,26702.40181.505401147.225148,200,26704.09464
9669
599.33264,200,26698.736234
149.058488,162,26701.574045
905.354878,200,26705.228709
13885
703.601187,200,26704.272664
00,26691.214374
262.439463,200,26694.176614
183.196548,200,26697.713784
529.864796,200,26701.292038
.12676
524.423648,200,26694.264371
356.339809,144,26696.820126
1182.416387,200,26700.159609
1036.965509,200,26703.810468
7264
