#{"t_start": 1666767595.1764657, "env_id": "CustomMyoChallengeBaodingP2-v1"}
r,l,t161120.977186,200,476.1633511060.909757,200,479.06984210468.85938,200,1109.270441
1150.860982,200,1111.282081760.451348,200,1741.636096
1065.425471,200,1743.673351031648.890604,200,2397.3521931164614.755019,200,2400.2311195.862615,200,3026.23238369801196.102302,200,3029.732901171.619462,200,3688.4078158411020.730734,200,3691.2257911761115.566991,200,4298.1100.972096,200,4300.664608
811085.1121.114986,200,49511961995.977758,200,4961.2421180.8107341196.446901,200202551.9314.078713,200,5601.111181684.838229,200,6250.676191095.983648,200,6252.4733745.115679.985.609607,200,61015.34211041.001171.434182,27201196.11161076.193365,200,925.855.835.59031,200,7537.8528.9331170.396198,200,8168.919.909.989457,200,8168.5621191.512158,200,8811.780255
465.10301197.103934,200,88161185.95591114463.763602,200,9945.063710870.202675,200,9431116.59531196397.790266,200,1196.666611186679.989127,200,11156.41031104890.947842,200,101195.51171.532607,200,10725.661110.9021865.658209,200,11346.541.925.3387599.928119,200,1535.830958,111010.281148,200,689.498311090.991375,200,1201195.7095581071.341015.285811,322.40671066.401196.388.73326785.7740.077424,1021.139207,2297.45455841161.261273,200,131101125.951030.1125.914696,20010711930.11111106.058313,200,1111110.662866,200,1451186.497342794.9399855.794639,1175.1100.1195.934762,200,15138.729182.9624.950824,21121.013459,1115.873429,665.00945.455996,233111955.434005,21055.287064,1116.1005.501181.163507,200,16720.0568.8971146.230989,200,11055.1075.1156.976848,200,170659.47960.024363,200,17060.01086.14664.7813810901075.7590654.439.446707,281004.981524,1015.1919.973654619.222893,200744.16785.0981080.564812,200975.742981.177192,24731166.57679.887182.90869,200,18961.371126.4944.99755211091141.74414489.3695.1397189.2511146.9187850.521191.622819,2031090.88854.399900.780083,200,20236.870.477963,200,20878.941126.7624.24041085413.8107,201196.0850.59147730.16940.322951156.188.6442639.753609,200,21531.1010.741742,200,22148.378205
278.245669,200,22150.267536
1146.15451050.9936.075154906.574.284005648.609984,200,22791071.33545101195.711052,201197564.124991,200589.472.0186411557.943111156.456661,200,2405335.7735990.964401,200,24062.1171.5691115.551046750.3078011740.276124,200,24681051.16751181.903152,200,25331.246698101015.9980930498.960.27148511661196.108296,200,25961.935804
914714.5306830.42392835.774781195.9580671070.817709.131186.455114151190.4881135.91126.541105.88091111.300521196.669.94524.12081196.708441,2001095.9985.1187.315785,200,27914.017662.318442.842613,2398.418073925.740741,200860.6971851166990.551130.1010.419034,200111191.240811,21136.37698960.411724.408855.23574.275667,200,21155.980979.9851197.3542810997865.354784,200,29841669111176112611971031120.925446,2001110930.91381110.97042,283.61126.1080.731067,200,31137.221071073181689.837296,945.728726,201081.438929.932332,200,31755.5543.433.717811,200,31756.12291080.559343,200829.831627,200,1135.24940.083219,2252.81196.511991.885.54731860.858207,20011146.910.289813,200,33021.7601055850.321965,1166.4951019.81170.372771,200,1195.621942,423.1176.377233,200,34284.79820.12900.265716,200,34286.751180.81905.558697,200,34932.84820.17805.071114,200,34934.911040.1398.361456,200,518.7595805.361060.898418,201075.40161111.11700.03731070.898434,200635.631135.946565,20805.0802111197.530074,200,36818.471901050.431095.043397,200,36821.1120.718940.625432,200,37467.11005.26750.500498,200,1196.894935.145539,200,38084.066268
2483603.858172,200,380428.701110.626524,200,38727.81126.491095.742941593.581154,200,3871180.646559,200,39341.45022
995.896331,200,39343.533653
1111025.631040.5561106.101844,1120.77280719.878388,200,399851000.833303,200,40601.1197.57965.339831,200,401116.130694,1197.225466,200,41245.93757161195.334965.1196.168411,200,111095.801126.3215985.414012,2111120.929491081.935.861604,206611176.838892,200,42512.019711272.555923,200,42512.5571119111197955.863238,200,43152.6286322.930.207353,200,43154.737911.0850.2263.037031,200,43779313.521.774045,200,43780.588910111065.744591,200,44423.865210604.33177,200,44427.351711191181021100.981996,200,450411030.31100.740629,200,45043.091147.11171.752825,200,45685.8921040.764.8572915.317512,2001101.33589.549303,200,46298.13123119670.06202,200,46300.0421196.696524,20955.994608,200111121.067751,200,46947.760878101101171.449161190.246874,200,41976.099379,200,47573.048926661111.363114,200,48218.35771041196825.183299,200,48222.075141040.589584956.037591,200,48831170.936961,200,48833.56142426709.752878,200,49477.3294855674.647135,200,49479.36763112940.989976,200,50090.9538671070.790351,200,50093.346456111196.217638,200,50739.883036791025.547349,200,50742.265461101197.383022,200,51380.74773681175.782333,200,51382.65871075.995962,200,52005.462766
694.49676,21106.153728,200,511196.674434,1121.667681,200,571066.32973,2471.234183,200,915.637341,200,53269.140422
100287.90467,21070.82626,200,5980.504901,200,53915.645088
1196.683046,200,53918.043808
1197.401887,855.358844,200,545576.087919,719.080667,200,51196.240782,200,55178.057925
545.245427,16761.499254,168,4920.452757,201196.474319,200,227.783895,87,627.395996,1321196.728662,200,56439.5568
628.930638,200,56441.623405
1111.060256,200,57056.498317
424.195843,200,57058.733579
709.208387,200,57703.7001041202.359616,103,57704.805988
854.951332,200,5738.503961,41954.914372,200,1195.462821,201125.614815,200,1095.752789,200,58969.518123
161.498238,1539.030494,200,58972.038091171152.342115,2001011.25291196.81196.807767,2001196.047275,2001161.212177,2001165.993328,870455.107367,115,60229.830398511110.729964,200,60842.8133481192.815141,200,60845.230471
899.585521,200,61485.547611661175.580404,200,61487.653011611171.35373,200,62129.239213
819.753547,200,62131.329213
442.030093,200,62746.1679211728.973514,200,62748.263091
1126.461385,200,63387.54858106530.680346,141,63389.034264931080.852551,200,64006.04721106799.802931,200,64008.197845
1170.952702,200,64646.556235
212.554411,156,64648.1750446.1136.114811,200,65260.13177
401.801323,132,65261.681256891090.736429,200,65904.2291197.685.371405,200,65906.329756
940.635274,200,66518.786118091070.259209,200,66520.892307
1197.464834,200,67164.111121.31056.055848,200,67166.197556
1091.616194,200,67784.41131.38800.392642,200,67786.618376
934.86794,200,68429.801147.3637.288567,158,68431.457702101085.39154,200,69045.4895.234520.213422,200,69047.548714
1195.774695,200,69692.1041.072208.554888,200,69694.91010.6975.186379,200,70306.527740.0679.576302,200,70308.647851
1171.55298,200,70945.071185.1103.539038,89,70946.0687321.709.839648,200,70946.02721197.195263,200,71580.370775
11156.371945,200,71583.3475081132.00476,200,72197.878275
81406.92196,200,72199.6423561197.425938,200,72841.9927
519.2885.486501,200,72845.0471151.263855,200,73457.797138
514.511207,200,73459.93571
1136.0960.172666,200,74096.12890.418379,200,74097.320039
114111166.987097,200,74709.1435141191.017647,200,74710.273311961131.505134,200,75348.79351197240.501853,200,75350.87082874.997271,200,75965.366772
764.91130.152089,200,75968.2895.8111197.105782,200,76607.658.971055.960688,200,76608.5960.1901814.416846,200,77221.1136.155900.814863,200,77222.41136.331146.299456,200,77866.01090.88576.111433,200,77867.981091.140617,200,78485.520077
825.4796.003808,200,78488.1531197.370969,200,79136.66354
680.350842,200,79138.573585
970.298451,200,79758.511755
895.747974,200,79760.334056
1116.6975.767622,200,80409.7261064.959488,200,80412.030004
1136.277887,200,81030.77687
11951140.947792,200,81032.4580950.1100.672803,200,81684.372683.6443.539198,200,81686.44710401096.198304,200,82322.8481076.090673,200,82325.415502
1101.321809,200,82948.08088
1090.549494,200,82950.08906
895.1191.032726,200,83588.900678.875858,200,83589.94318
995.1195.854582,200,84211.0711196.524.573558,200,84213.08161139965.696966,200,84853.61104661564.411482,200,84855.549562
4853.923436
1180.44621156.499523,200,84857.16985
200,84855.396527
1.220539,200,84857.644355
6.724101,200,84856.179205
13.850224
1136.34069,200,84854.379815
95.863195,103,84855.381553
.960384
1076.452556,200,84855.504909
372.105738,96,84856.438313
,13959.903018
1191.101594,200,14014.98548
1086.11283,200,14091.353864
1101.107686,200,14119.578403
1195.811845,200,14174.652656
1005.777077,200,14221.070852
1196.453667,200,14280.036034
965.662385,200,14310.062727
420.927531,127,14332.49721
1050.557075,200,14410.136013
1111.575195,200,14469.147456
905.975908,200,14493.421665
986.206203,200,14575.547395
1100.73291,200,14605.819898
1196.785531,200,14658.212831
810.846917,200,14707.496532
940.902144,200,14766.764661
1166.276511,200,14794.057573
1136.195359,200,14866.44827
1165.966972,200,14926.135972
1196.250067,200,14954.233064
870.792404,200,15029.717219
536.119507,174,15060.485167
945.185658,200,15113.829232
1116.31945,200,15141.740297
1076.302138,200,15224.6766
1116.44085,200,15253.712411
1085.899533,200,15307.176183
880.644094,200,15356.215764
1195.89859,200,15413.877296
1066.042063,200,15466.129968
762.513125,147,15516.949293
41.540693,45,1551166.61412,1005.449454,200,151176.89169,21135.815874,200,11181.849791,21126.623311,200,1690.055061,201156.28834,200,11186.482054,21121.234155,200,1413.221108,2081.180053,55,1571026.23086,1156.725858,200,1569.644702,201196.292996,200,1146.046424,201001.002005,200,765.3466,200,11010.952237,21005.554928,200,11011.005004,1141.386648,200,161195.5853491131.091556,200,161885.487306,127.587621,51,1118591.057206840.453583,200,16111161.34406810.406628,200,16211055.747531090.984093,200,162644.750925,1195.390076,200,161131.214991,1060.266857,200,161191.148319,740.113597,200,1641051.145888985.434982,200,1655834.637449820.379831,200,1651081.162344710.347649,200,16641196.985031045.69088,200,166561081.37301096.4084,200,16707.2893.2281150.790078,200,16754.588.4812785.423837,200,16816.955.2131076.150147,200,16845.667621
1196.441546,200,16911086.09652714.50844,200,16977.1061.1031146.386946,200,17007.300825
1080.766467,200,17060.865.6234905.910867,200,17115.074602
1131.114422,200,17175.955.8208865.059786,200,17204.153198
1050.452019,200,17278.721805
1055.930587,200,17334.685916
1181.3946,200,17362.8880.571925.841714,200,17439.269788
1166.436284,200,17471.11190.821151.36381,200,17525.9655
1091.788141,200,17573.594303
725.198834,200,17632.714451
468.039848,180,17663.2943945.1196.100791,200,17739.5701197.965.868761,200,17771.25801126880.47985,200,17829.696645101030.815549,200,17902.525219111196.051579,200,17930.943077771100.643225,200,17991.986829051141.205449,200,18038.07691136387.449035,200,18098.645661011086.044324,200,18129.71725114603.631564,200,18184.97075395805.182072,200,18227.623528111055.672412,200,18277.316331191195.589142,200,18328.84142688718.452553,200,18386.122321051136.675993,200,18443.3271005.1125.873828,200,18473.328359.81040.434331,200,18551.96229.281156.846138,200,18583.1166.1661155.456627,200,18631196.499671196.296099,200,18714.656149
1100.85678,200,18744.927881
1141.939032,200,18799.213021
328.855201,200,18848.205089
1115.983104,200,18906.576167
1146.526022,200,18937.381505
1096.200773,200,19012.504817
85.082588,54,19013.181013
730.367434,200,19075.076277
306.025766,132,19105.1870.165975.906357,200,19149.51065.781145.891389,200,19208.71176.711121.257985,200,19268.41140.78599.268687,200,19294.12930.74835.082606,200,19367.37980.691171.566625,200,19398.41146.301035.813411,200,19452.21196.101196.035871,200,19500.01151.321181.495534,200,19556.6991.167640.073832,200,19611.31185.351096.004654,200,19663.11136.401111.027885,200,19720.01176.501071.034692,200,19747.253793
1096.11396,200,19825.314926
1170.981742,200,19855.361905
1196.678175,200,19912.0088511428.180587,200,19960.779761
1095.927963,200,20019.21492
820.568133,200,20073.62324
1196.966337,200,20121.7822771881.074674,200,20179.010549
1050.889408,200,20210.485581
990.91315,200,20286.489217
1191.481577,200,20317.6623
1195.757344,200,20375.094918
1086.101736,200,20446.301574
1101.144311,200,20477.52907
518.574877,196,20534.544835
780.594048,200,20562.263302
40.688082,44,2061176.121111890.725423,200,201186.1722111675.056905,200,2061086.20103,1185.755773,200,21106.201504,2921.555207,200,1191.340904,201035.695415,200,1100.698531,201121.347314,200893.073958,184,1030.678548,201197.615147,2001186.335212,2001146.664266,2001091.286413,200464.659855,200,1045.378831,20940.911321,200,2669.205204,201071.016688,200,1191.361194,20839.513097,200,21091.000585,21156.04569,200,211166.469713,1026.256053,200,21725.278661,21055.58619,200,21091.210123,21121.390657,200,1684.566397,20805.132846,200,21136.32785,201101.018417,200,1101.282176,201141.1787,200,211166.995826,1197.473693,200,211196.47514,21136.26243,200,21195.48399,201196.911592,200,679.39942,200,865.050633,201106.511349,200,950.297285,2001196.352704,2001116.31502,200,1116.224587,201051.118086,200,666.465776,177860.763516,200,1197.18431,2001131.099406,2001060.901066,200774.291134,1861171.686882,200589.219794,200951.056041,200,1040.835449,20875.701117,200,2685.515685,201131.030717,201005.531772,200,1126.531029,201156.234976,200,637.08798257.0930.354012,200,1140.96071030.1091.179006,200,653.25531091.2624.216149,200,1076.4928554.61196.376532,200,690.45791071.31131.297282,201131.113461050.81025.838607,201126.26691070.941162.108299,201110.66341091.941186.725209,201141.6831182.127966.132945,2001045.7001161.651191.737623,2001176.633815.2461196.843437,2001111.26730.27131121.617301,201126.381146.15841131.201346,201196.1196.723833498.618738,2001075.930.1116731180.5253,200,21196820.766621055.848709,200,21021191.814001196.951398,200,25831096.0812405.058757,167,231081186.96411136.597061,200,231111186.629197,200,23330.68643101196.412109,200,23361.379532101095.421798,200,23417.560815231191.404751,200,23467.619315
831.295874,200,23524.352101
740.028824,200,23555.782089
830.146406,200,23627.028269
1015.747941,200,23656.101725
975.285229,200,23715.721965
1191.211492,200,23787.034158
1056.17411,200,23816.215029
1120.815097,200,23872.677436
870.859825,200,23919.26908
1166.381644,200,23976.553086
945.550567,200,24008.364075
1030.988973,200,24085.625055
1196.258778,200,24142.087591
1146.082226,200,24174.048339
1075.729858,200,24245.229526
664.648876,200,24277.202946
1186.659588,200,24333.93243
905.820972,200,24363.007194
865.713062,200,24435.640964
940.093116,200,24464.293666
1121.325096,200,24521.12941
590.012594,200,24593.40333
619.336453,200,24623.577733
41.471464,45940.708155,200,496.193317,163735.335457,200,1025.513303,201111.432975,200,1000.892337,201191.555283,200,1196.963919,201096.179388,200,24885.542004
1121.736718,200,24937.373493
1126.073718,200,24971.196295
699.814012,200,25044.187584
1131.524555,200,25076.381499
775.54138,200,25133.390826
722.928715,200,25185.476859
1191.319814,200,25247.29613
1135.828863,200,25279.7864
1146.206051,200,25356.735816
1191.839208,200,25413.808855
1176.849348,200,25446.934034
1046.003038,200,25519.209613
1156.545381,200,25550.994421
966.018804,200,25608.029906
500.119503,200,25637.404983
1136.422576,200,25714.680034
901.106077,200,25773.001077
900.574511,200,25802.73966
42.175406,46,25970.622612,21126.205114,200,21171.534461,21195.817256,200,2970.111583,20745.57617,200,25326.8036,132844.59761,200,26047.897129
1005.689962,200,26079.216449
603.382704,165,26137.402049
801.145638,200,26184.515926
960.778827,200,26241.621884
1166.45424,200,26271.270725
591.339782,136,26319.909977
945.149178,200,26371.305348
1181.148125,200,26404.007744
1155.958313,200,26481.815348
824.914571,200,26536.506137
1197.716005,200,26564.416231
955.19123,200,26625.53009
965.173038,200,26680.465813
990.302108,200,26736.754951
1041.050093,200,26769.672557
1116.460813,200,26849.229801
1046.400804,200,26878.548392
845.485992,200,26935.063229
1131.576845,200,27014.023996
1091.405923,200,27044.148944
1126.481276,200,27101.374411
1191.230274,200,27148.861901
830.830518,200,27207.321733
855.957516,200,27236.788653
1136.455095,200,27317.341287
515.131092,167,27347.336
509.936634,200,27404.448619
1000.916938,200,27452.65235
980.095218,200,27509.955367
1141.192189,200,27565.418006
815.620223,200,27595.36682
1120.349117,200,27670.852296
775.340995,200,27699.216793
1111.071781,200,27756.463634
1126.601046,200,27803.925936
765.557781,200,27860.179151
965.399042,200,27889.800213
1091.496861,200,27969.299043
1192.126993,200,28026.019716
1086.02622,200,28057.14087
1181.120126,200,28132.70108
1075.780878,200,28162.365334
1196.584571,200,28219.688411
1126.227993,200,28266.537268
1121.362847,200,28324.798613
865.632084,200,28383.017405
1050.485369,200,28431.740282
835.867786,200,28489.390616
569.623106,200,28517.302755
262.720872,200,28598.905171
1176.70565,200,28629.985332
930.668823,200,28686.168824
1121.694112,200,28734.184702
360.58236,152,28790.352391
767.528733,178,28819.54671
1105.988588,200,28878.552526
1121.142068,200,28923.989794
1071.13884,200,28981.482584
1120.727076,200,29009.863612
839.992405,200,29083.736402
1197.498893,200,29113.75962
1056.062111,200,29170.85674
1055.910626,200,29251.830043
1116.142357,200,29283.951148
1181.057619,200,29342.76901
1116.057295,200,29392.187299
1197.474475,200,29452.459012
1141.780956,200,29481.39085
1121.362496,200,29557.106379
248.02598,145,29586.871372
1176.331461,200,29645.839097
1196.540909,200,29678.244218
1197.122181,200,29752.331766
1101.085169,200,29783.10503181197.411502,200,29841.525713111195.899501,200,29893.89071610624.854107,200,29950.63773211106.776866,200,30006.8483151900.413514,200,30053.8384697719.688777,200,30111.325624101196.790526,200,30140.410328111125.891111,200,30214.399444111186.274052,200,30243.12767
1170.211251,200,30300.2022
1140.785092,200,30350.198049
1145.94616,200,30405.998137
1135.614769,200,30460.951683
1196.921136,200,30513.74733
1195.157576,200,30568.721659
839.564356,200,30597.767596
1135.933427,200,30655.35384
840.389522,200,30703.193479
1101.643625,200,30759.465557
1116.587535,200,30817.586133
995.629168,200,30864.280849
1196.877317,200,30920.386654
537.0676,200,30953.201181
1171.588553,200,31026.937333
332.362575,200,31056.214241
574.073904,200,31112.949527
1061.171817,200,31164.068005
739.544024,200,31219.930008
1131.718183,200,31276.338899
1151.337815,200,31323.782034
1011.3049,200,31379.630053
1021.101955,200,31408.792991
975.326808,200,31484.335213
1126.212604,200,31512.594671
1197.725804,200,31570.366962
705.027591,200,31646.630607
1055.744107,200,31673.782735
1136.823431,200,31728.808522
1005.845419,200,31779.598687
1180.947003,200,31837.315155
1015.554214,200,31868.116842
1091.13399,200,31925.161172
1025.316132,200,31973.657128
1151.608097,200,32027.672559
1055.267562,200,32084.941278
850.709694,200,32131.603735
584.184045,200,32188.773068
1146.177347,200,32217.722215
773.088891,148,32266.028419
839.911536,200,32321.977544
1050.969559,200,32378.690111
1197.223373,200,32430.399852
1106.040586,200,32485.397943
1010.554929,200,32515.411577
232.497033,200,32590.973831
1086.138821,200,32620.127594
314.747889,135,32648.361604
774.811179,200,32704.230738
437.588071,200,32777.981715
915.446314,200,32806.798605
1016.224173,200,32863.898068
1106.017155,200,32911.195203
612.820447,1641146.293482,2001135.645218,2001055.49146,200920.583095,200,1015.760009,201195.949243,200,1015.729074,21196.795084,200,1091.234294,201185.376842,200,573.801579,200638.329529,200,960.448761,2001141.266775,2001181.639311,200765.93549,156,31005.55655,201035.301806,200,1196.82063,2001196.308752,201121.136185,200,664.024059,164875.124999,200,1085.96081,2001186.231873,200,33555.133654
935.901332,200,33610.028946
1161.023039,200,33640.646409
1111.045427,200,33717.444942
1126.247567,200,33775.745698
1101.251941,200,33803.736493
1111.341883,200,33878.321511
1035.62438,200,33907.980248
1126.472435,200,33964.006324
1161.316094,200,34014.083746
1136.54505,200,34069.870878
1197.285591,200,34126.48309
1065.531461,200,34175.032409
1065.58238,200,34230.075486
1006.006102,200,34258.05157
1146.32635,200,34338.201996
1196.322824,200,34366.121742
1121.249768,200,34423.15017
1195.89535,200,34475.060063
1116.073594,200,34530.143536
1121.558404,200,34585.397729
1131.545665,200,34634.824241
1001.218579,200,34690.0243
1086.31279,200,34719.475856
910.389949,200,34776.578621
1140.838985,200,34822.146732
1005.69741,200,34877.74988
1186.312718,200,34935.331644
34.296693,38,34958.516407
910.970771,200,34986.932571
1136.216671,200,35043.90496
985.301926,200,35100.797024
886.139537,200,35146.686283
1197.030402,200,35203.12978
730.561687,200,35231.70494
1031.372319,200,35306.571311
1010.29073,200,35334.997928
1166.380781,200,35393.129353
1196.837225,200,35440.704275
1036.062326,200,35495.146216
1116.552051,200,35551.895743
985.479609,200,35605.902807
1186.435095,200,35660.705196
885.699523,200,35690.729406
1155.875565,200,35765.931529
1096.020138,200,35794.027347
1090.061482,200,35848.154317
1131.509235,200,35925.710379
1190.783758,200,35951.895643
1105.990118,200,36008.67212
1176.181738,200,36057.664576
1106.08169,200,36110.758619
930.739477,200,36140.187607
995.799853,200,36220.977971
945.496452,200,36247.716169
1170.785678,200,36305.036694
1120.932272,200,36363.72619
1166.209448,200,36409.992365
944.929676,200,36466.443793
854.844468,200,36495.367915
1131.424991,200,36571.531397
198.608752,200,36601.947605
1045.563045,200,36660.402957
1196.257222,200,36734.769787
539.393311,200,36763.769263
1086.714432,200,36820.103474
1081.062211,200,36875.550012
1035.891502,200,36929.009933
388.493048,200,36958.77511
1140.661227,200,37034.919323
1005.195822,200,37062.027405
1106.129313,200,37119.143542
1121.353509,200,37197.644168
442.81936,138,37224.062077
1095.628781,200,37253.514662
1010.969572,200,37309.874509
1116.421871,200,37359.582992
1041.333966,200,37410.937604
1090.797138,200,37440.403849
1085.932527,200,37518.549134
1181.641746,200,37574.963444
1121.324379,200,37604.569465
749.899916,200,37679.490486
950.349604,200,37708.410518
1031.627169,200,37764.186035
1001.117508,200,37813.62859
1196.178888,200,37867.104237
1025.687278,200,37924.139858
1121.001067,200,37972.89405
1171.62668,200,38026.698326
905.847277,200,38056.361571
1131.33595,200,38137.15104
975.683162,200,38167.320052
779.72245,200,38221.276095
1025.400251,200,38269.978573
1196.332799,200,38327.981706
1106.113241,200,38382.40542
1115.967142,200,38430.414336
860.253672,200,38487.35105
1197.499959,200,38515.632386
915.242825,200,38570.19718
1121.4793,200,38622.398698
1195.18078,200,38671.674482
1090.933176,200,38728.866333
755.224411,200,38782.766572
492.856226,170,38809.205951
745.136382,200,38864.750912
1016.092642,200,38941.341659
1125.873485,200,38968.512419
1065.896109,200,39023.178882
1196.745967,200,39073.46827
1196.442961,200,39126.684469
1021.587404,200,39156.701013
1166.159738,200,39232.562733
1105.930407,200,39263.774449
1135.952493,200,39314.256457
910.776786,200,39396.286654
1196.651664,200,39426.913851
1030.392318,200,39479.17269
915.591173,200,39507.864862
1090.934243,200,39585.944451
1196.962742,200,39610.997896
1166.490255,200,39667.8802
1196.154149,200,39744.881046
1115.229186,200,39771.219365
945.29268,200,39828.917392
914.73092,200,39876.973075
1090.376256,200,39930.795168
1020.816971,200,39957.329573
1136.477663,200,40038.520419
825.483749,200,40069.004532
1186.601354,200,40121.776192
820.375487,200,40200.015297
995.967076,200,40226.374421
1196.407032,200,40281.097619
1195.445855,200,40330.562619
1070.856714,200,40387.549096
1185.666737,200,40415.975378
1005.055385,200,40491.048305
1196.474382,200,40549.341872
1090.865929,200,40573.629883
1186.227624,200,40655.360462
960.874305,200,40685.853967
214.41775,126,40714.806946
1186.491713,200,40768.329743
1121.21477,200,40817.384346
1085.689842,200,40875.661404
1171.496962,200,40901.860513
1150.354823,200,40978.30103
1085.836514,200,41034.68394
1105.639092,200,41061.284841
1110.767583,200,41137.996417
1126.34303,200,41169.284313
1197.056661,200,41219.635713
1175.637073,200,41272.416151
674.679722,200,41331.189619
1145.878169,200,41383.965986
1196.444609,200,41431.400357
449.39324,200,41490.090286
707.758796,168,41515.27012
1120.782343,200,41573.071453
829.829695,200,41621.069898
1195.903969,200,41674.639521
1196.001711,200,41705.350485
1106.169497,200,41781.040885
809.625582,200,41810.811018
865.790807,200,41865.652602
970.583975,200,41919.342779
1176.592646,200,41977.423743
1196.857919,200,42030.805502
1155.940948,200,42079.546545
1146.50328,200,42138.324436
1195.254237,200,42164.620549
1096.239795,200,42239.414527
1141.623618,200,42270.925637
1015.438016,200,42324.453288
1085.586462,200,42401.43303
1080.504919,200,42431.948739
755.104411,200,42484.795342
1036.225053,200,42535.654337
328.981116,130,42566.215133
1100.897345,200,42623.66733
870.481927,200,42650.019936
1101.289353,200,42725.577908
925.426778,200,42755.533548
515.321942,199,42810.4982
1105.883616,200,42884.302516
1196.983612,200,42914.653299
1021.199026,200,42968.369912
1050.373931,200,43016.281353
1101.448732,200,43075.087695
1110.772209,200,43102.053909
1035.770952,200,43178.613178
1090.381825,200,43237.758554
1045.429502,200,43265.20845
765.155283,200,43340.165417
1130.895955,200,43371.487412
694.329085,200,43427.978284
1096.105376,200,43454.755286
1080.977262,200,43532.31852
1175.238619,200,43562.381273
795.149202,200,43614.996857
1160.490953,200,43697.894854
940.287223,200,43728.373828
1116.28525,200,43780.830719
889.749587,200,43833.646711
1196.782445,200,43891.930645
1116.736223,200,43918.689156
1080.725371,200,43994.273988
1026.022418,200,44052.841252
1135.909461,200,44078.452216
1150.609408,200,44154.683698
760.168014,200,44183.24191
1166.833558,200,44237.349908
1135.618277,200,44285.080261
1161.110177,200,44345.161763
940.322841,200,44372.236705
1191.553998,200,44450.393729
1141.608818,200,44508.647563
1091.098747,200,44536.619064
960.288225,200,44610.221192
1185.456843,200,44639.694965
789.726488,200,44695.586222
1196.933865,200,44722.351275
1126.423589,200,44801.609347
790.041235,200,44858.400395
1061.008932,200,44885.334819
1009.958296,200,44962.465181
795.564944,200,44991.787498
1121.107549,200,45043.519325
804.962582,200,45095.856573
1197.761572,200,45155.055682
865.550219,200,45182.339462
1197.502043,200,45257.018101
1141.533394,200,45316.517127
1161.602922,200,45341.649438
1161.578324,200,45416.800115
50.387439,55,45417.542295
995.452798,200,45475.296154
794.594631,200,45502.735801
1080.972598,200,45577.057126
725.042233,200,45607.968584
990.528433,200,45659.642932
885.05984,200,45739.952983
886.163674,200,45770.687583
1106.632184,200,45822.44216
1051.160644,200,45870.81968
1096.656614,200,45927.455995
939.863522,200,45956.185196
1015.188067,200,46026.862503
1100.779967,200,46058.751188
925.889898,200,46112.493528
1070.531423,200,46185.590913
1105.624876,200,46217.227711
725.292765,200,46270.773812
1071.100662,200,46300.859375
961.192286,200,46380.933083
971.203375,200,46411.960235
965.895597,200,46465.344083
1016.134301,200,46539.412735
956.183888,200,46569.989124
921.074486,200,46622.667335
1196.811759,200,46671.587663
1126.812519,200,46730.62652
635.323828,200,46759.988491
820.613407,200,46833.340591
865.400366,200,46864.000328
1055.612463,200,46920.596244
1140.779975,200,46996.585221
909.978134,200,47027.001626
1010.718107,200,47082.692065
1101.208991,200,47128.783972
25.977242,29,47129.121701
1080.933182,200,47188.821877
1136.704662,200,47244.29655
765.032173,200,47291.32115
1140.777299,200,47350.04825
30.935899,34,47350.471382
1081.06761,200,47407.599643
1046.129876,200,47457.544384
1061.161863,200,47517.513119
1070.89535,200,47543.961433
1085.767779,200,47622.973509
762.733008,190,47654.083529
1146.721578,200,47709.892687
1106.505366,200,47757.773821
1196.628906,200,47816.728791
1076.068973,200,47872.015731
1091.073465,200,47918.086018
27.227622,30,47918.45478
514.907722,162,47976.465661
1196.224583,200,48006.11932
1070.626057,200,48060.419598
663.736916,164,48109.145507
1096.096474,200,48165.777351
1000.671389,200,48195.46311
1125.806292,200,48272.564993
1196.53072,200,48301.678716
996.191237,200,48358.780717
1197.603598,200,48404.969757
1151.653396,200,48462.201304
1081.136552,200,48517.930116
1035.739716,200,48560.50795411196.574069,200,48618.48553511176.248757,200,48646.00793711126.6046,200,48718.590991
11196.823587,200,48748.30223112835.727146,200,48802.793895101197.072323,200,48833.102143471196.718997,200,48912.751591021025.584592,200,48942.628601191157.225927,200,48997.700761121196.994451,200,49072.840471131091.618722,200,49104.455382
1196.661186,200,49160.995468
1026.212694,200,49206.111409
1196.247874,200,49264.068866
1176.277794,200,49293.379979
1115.998869,200,49365.188585
1195.915721,200,49423.742703
1141.333782,200,49452.57933
1096.227356,200,49528.397778
85.891113,44,49528.933888
905.461252,200,49586.777138
649.548837,200,49617.0727
1197.035028,200,49689.701253
132.726554,51,49690.325254
1187.336212,200,49745.493051
874.94278,200,49776.428869
985.262383,200,49845.080123
1050.967945,200,49876.117151
1111.056794,200,49932.772834
1106.001429,200,49977.575645
1066.288802,200,50036.124511
1091.150925,200,50091.43753
719.278571,200,50142.220549
389.606601,142,50174.373649
990.808547,200,50230.767473
1000.439996,200,50276.185215
1196.604408,200,50335.263473
1071.263466,200,50365.452849
1191.692283,200,50422.037188
1176.184127,200,50495.24245
1111.124368,200,50524.717474
27.100219,30,50525.048412
1131.05339,200,50582.80548
975.583174,200,50657.527533
1111.164718,200,50687.081707
1045.702922,200,50741.212062
1195.916378,200,50794.230337
855.126706,200,50853.554023
1106.119829,200,50881.551143
1086.2092,200,50952.57003
920.932555,200,50982.425484
1196.111733,200,51039.330442
514.897514,198,51112.222846
1055.92425,200,51140.749777
1105.387508,200,51198.660525
1197.827159,200,51242.554157
850.01497,200,51300.547838
1091.056997,200,51328.499541
659.823298,200,51404.857714
704.680434,200,51463.123048
38.328158,42,51463.644226
950.837006,200,51491.68261
1075.800219,200,51565.778215
885.427941,200,51624.875399
1090.834194,200,51652.755697
1197.124536,200,51728.234619
1120.421662,200,51760.83537
1136.132245,200,51818.691719
1126.346141,200,51866.541444
1196.681323,200,51922.965188
409.118726,194,51951.411081
1151.350858,200,52006.03105
1131.762266,200,52086.338143
1120.990044,200,52115.247331
1080.817283,200,52169.861522
1196.841545,200,52217.008632
885.259308,200,52274.79416
458.768984,200,52303.2719
1060.114563,200,52376.40952
935.09157,200,52405.775972
1166.180443,200,52465.032226
830.01099,200,52537.970847
985.631122,200,52567.394291
1191.610944,200,52623.21918
1010.732234,200,52673.210183
1181.510344,200,52730.632428
962.474258,199,52759.903607
109.969272,48,52788.671891
769.433076,200,52833.691
1181.379938,200,52890.70153
1041.593099,200,52919.635225
920.498424,200,52992.964779
1120.813206,200,53050.98558
1161.730705,200,53080.269295
1075.22639,200,53154.942441
1090.90776,200,53184.714375
761.42724,162,53239.673638
1196.495951,200,53269.698983
1131.429656,200,53346.59964
571.354087,200,53376.450465
1080.638696,200,53432.219424
200.721469,124,53478.101954
1075.439494,200,53507.693148
1140.751334,200,53565.199114
1197.611856,200,53612.665488
990.205084,200,53669.194606
940.780146,200,53726.679986
333.329696,82,53727.68951
141.395016,39,53756.748097
1171.499352,200,53802.566206
1116.117747,200,53858.978826
1186.724291,200,53887.580052
1145.946958,200,53967.690658
1196.507178,200,53996.889892
1020.735496,200,54053.988167
995.94575,200,54100.002385
1181.872214,200,54157.62604
1186.304375,200,54215.762247
1105.806416,200,54259.882481
1197.356509,200,54318.363232
1146.720455,200,54347.675326
1151.806878,200,54419.84442
1181.619634,200,54451.746417
1197.459094,200,54506.749575
1197.109802,200,54582.5614
1086.454886,200,54613.480423
880.621386,200,54669.674964
1176.467597,200,54716.21285
855.20866,200,54772.240137
1115.708428,200,54802.58949
845.216968,200,54857.633408
1065.662741,200,54905.195549
1085.266685,200,54961.461236
1155.852315,200,55018.162882
784.983366,200,55064.475846
980.681803,200,55120.063497
1131.089753,200,55149.397385
1160.844646,200,55228.557543
1055.721512,200,55258.177688
1055.706493,200,55314.772729
1041.170598,200,55390.254807
954.990209,200,55418.815928
1181.240849,200,55476.508638
1005.309206,200,55520.848274
1197.836735,200,55577.360453
1196.60924,200,55607.046393
1035.425486,200,55679.712009
1095.711812,200,55710.13394
1141.226664,200,55765.654755
1090.66543,200,55842.555101
1190.213667,200,55871.745454
1156.402554,200,55928.400272
1111.300401,200,55976.187839
60.804561,65,56002.330696
1131.674059,200,56032.069817
1195.946265,200,56088.857097
1186.166953,200,56135.924467
680.031199,200,56190.402205
1161.527655,200,56248.474899
1130.963172,200,56296.402059
830.220425,200,56351.13845
1056.166209,200,56381.847394
807.283506,152,56410.341271
1156.48586,200,56490.72682
1091.201683,200,56546.760629
1120.974783,200,56575.199129
985.707836,200,56651.291239
1121.468502,200,56678.977812
1161.397774,200,56737.075675
1075.866057,200,56783.507864
1197.310671,200,56840.374975
780.448763,200,56897.642254
769.599035,200,56943.82101
1135.915539,200,56999.129637
1111.757136,200,57028.677826
1196.26062,200,57105.445172
1116.349786,200,57136.710701
880.811737,200,57192.48814
552.575677,200,57240.548017
1141.736661,200,57295.958886
764.640157,200,57352.372891
1190.720121,200,57399.871554
1091.193586,200,57456.229564
1121.330433,200,57484.629413
1171.582651,200,57542.844125
980.680832,200,57588.925645
1157.171324,200,57646.47658
1110.97769,200,57705.087791
1196.734512,200,57755.184789
759.211295,200,57812.034245
1095.935864,200,57842.44968
1081.120481,200,57914.398321
910.812611,200,57945.11655
774.155328,200,58002.322675
1050.177107,200,58050.903289
1116.284195,200,58106.5082
920.433624,200,58164.948493
1196.017425,200,58211.533246
914.919743,200,58266.578871
1196.106947,200,58295.292888
37.499418,41,58324.739711
1197.416785,200,58374.251175
689.208495,200,58430.546824
1060.780594,200,58459.539585
105.027352,112,58490.151282
910.601054,200,58563.225907
1131.413717,200,58593.360715
1197.029209,200,58651.415824
1020.768384,200,58697.893456
1196.750523,200,58753.736817
1126.487938,200,58811.38168
1191.169512,200,58855.618677
830.56151,200,58912.522605
45.194736,49,58913.143289
995.216983,200,58970.070136
1155.878373,200,59020.230553
1197.022562,200,59074.893063
1155.884448,200,59105.79414
1131.237086,200,59178.973155
955.417345,200,59208.294338
800.285991,200,59266.355078
1155.963582,200,59339.837429
1086.115106,200,59369.660244
1195.829163,200,59426.352639
1116.316165,200,59474.91541
198.890743,115,59501.256162
1186.294845,200,59556.469853
1161.420618,200,59586.983992
1155.89912,200,59662.730134
1146.020801,200,59692.486394
1180.350442,200,59748.842667
172.490955,108,59797.194568
1197.867213,200,59822.648947
1025.847701,200,59879.91221
1105.795836,200,59927.978035
1095.863011,200,59982.158763
1095.846085,200,60038.832364
1197.419208,200,60088.086908
1196.653141,200,60141.823993
1096.01848,200,60171.238431
1126.056572,200,60229.012915
1111.340158,200,60278.731741
1166.217872,200,60335.745366
1070.647341,200,60392.112482
1170.937841,200,60435.487721
1146.917553,200,60490.722004
1095.962731,200,60522.487073
1091.147297,200,60593.571664
57.534742,62,60594.24203
1181.276124,200,60652.822001
1130.927348,200,60685.164511
1046.155216,200,60755.80382
93.039937,41,60756.245557
1066.176867,200,60813.038713
1126.1551,200,60843.217892
102.936274,46,60894.099677
1161.478246,200,60920.454835
1146.888049,200,60976.345876
1101.262792,200,61024.895483
1081.049984,200,61079.930526
1116.306356,200,61137.323773
1115.777627,200,61167.797226
1196.423492,200,61238.360925
1111.774111,200,61269.148758
1146.243859,200,61326.450562
1131.145894,200,61375.268149
1196.517912,200,61427.905827
879.765225,200,61485.339577
1140.6924,200,61533.449875
1141.589509,200,61588.994484
1187.154588,200,61618.645768
1196.265342,200,61691.505413
1025.263967,200,61721.875068
1010.959604,200,61777.816673
1180.812257,200,61827.350551
1070.326628,200,61879.789704
89.720421,48,61880.382247
1101.04637,200,61938.34707
1096.295869,200,62014.107965
918.122578,178,62041.009344
1195.542551,200,62070.846374
36.80331,40,62098.707608
749.211497,200,62153.938421
774.721748,200,62205.795093
915.427176,200,62236.073098
1081.375366,200,62313.122599
1166.165037,200,62366.131199
1105.624779,200,62396.230408
1156.65473,200,62472.208529
1156.831314,200,62500.321423
298.246561,88,62527.795736
1045.344353,200,62585.95931
1084.514132,195,62634.911027
920.454473,200,62688.597305
965.629799,200,62717.04543
990.808626,200,62799.008346
955.683666,200,62825.801858
1151.176651,200,62881.045107
1065.723229,200,62928.860725
1176.102494,200,62984.572767
1116.049336,200,63042.399061
1151.309441,200,63089.825057
939.257494,200,63144.318053
1175.189187,200,63171.90804
1131.206477,200,63246.854156
1005.989281,200,63275.363377
1116.166246,200,63330.321501
1086.141547,200,63359.915613
1142.466551,200,63439.121137
1066.122889,200,63494.666856
1146.817471,200,63524.284205
875.254386,200,63599.368645
1186.409831,200,63627.844111
35.850169,39,63655.895016
880.356116,200,63685.749698
703.92273,200,63760.945825
658.138725,164,63789.000814
614.689305,200,63846.333955
1030.710329,200,63895.930343
835.125391,200,63947.877838
1146.440916,200,63977.726304
1165.436684,200,64057.267622
1111.469427,200,64086.362893
1181.417648,200,64140.028437
1060.717264,200,64215.835826
990.973202,200,64244.326966
1180.650231,200,64301.509428
1171.228806,200,64346.375105
1061.007817,200,64402.452166
1126.568465,200,64429.618497
1156.447883,200,64506.286169
1086.364739,200,64537.200736
1160.761303,200,64588.02969
1010.555845,200,64646.963029
1191.422144,200,64698.675417
1091.153433,200,64753.183264
669.649685,200,64781.789372
1116.83671,200,64858.631648
1025.770838,200,64882.47384
1060.971241,200,64940.409301
1197.826566,200,65018.149229
1091.032259,200,65041.461373
1120.995181,200,65100.474628
1026.190089,200,65148.945273
935.197972,200,65203.415149
57.303717,62,65204.100527
1080.882441,200,65260.022104
1196.825715,200,65313.226918
875.058561,200,65367.289516
1086.469302,200,65424.07245
980.428754,200,65474.651089
1181.781732,200,65528.141421
1026.19033,200,65558.587879
266.31785,189,65633.868632
1106.26375,200,65660.926502
1046.283008,200,65717.164063
1196.71534,200,65764.017829
1191.840821,200,65820.25535
1081.243779,200,65848.953479
1101.523183,200,65927.640231
1126.629761,200,65981.91404
805.437401,200,66010.231421
900.563177,200,66086.539222
1091.465443,200,66117.323468
1196.353797,200,66170.873053
1021.038443,200,66199.439566
1090.314355,200,66278.175734
1170.636813,200,66328.951153
1150.412498,200,66358.388289
1091.203482,200,66436.20025
1111.10682,200,66465.0926
1040.591783,200,66518.668814
975.496886,200,66572.332029
956.665138,200,66629.609674
1145.943455,200,66656.646521
1096.052224,200,66733.207923
1196.732025,200,66790.332901
1182.441689,200,66818.16855
1116.021902,200,66893.683819
1157.459655,200,66922.206004
1141.076119,200,66977.684269
1095.687082,200,67024.948069
210.758577,59,67054.110678
1100.820278,200,67082.61454
1132.07427,200,67134.179476
1120.908148,200,67217.723128
1196.716039,200,67245.890502
227.005394,76,67273.03504
1177.100616,200,67301.641257
1071.222715,200,67380.371675
1190.967371,200,67408.537787
1197.334777,200,67463.658597
1121.233154,200,67540.246495
990.620376,200,67568.689438
1160.13722,200,67623.25853
1196.410985,200,67673.360154
1105.648958,200,67729.199928
1111.310041,200,67757.736781
1196.941795,200,67838.162568
1116.651043,200,67867.653711
1121.031101,200,67921.908387
99.987829,38,67922.338429
1035.527631,200,67998.727623
971.017882,200,68028.684824
1116.404718,200,68082.640013
1146.632938,200,68158.263841
1141.280365,200,68188.70358
1196.68675,200,68242.062315
1035.547416,200,68289.781624
1161.812639,200,68345.151876
1085.9965,200,68375.02406
829.920625,200,68453.343393
980.378828,200,68508.658334
1121.469156,200,68539.696452
940.161429,200,68595.751695
1161.016033,200,68644.446736
1091.353812,200,68698.730203
1186.596878,200,68727.932234
1161.188976,200,68805.007408
1101.000113,200,68831.241467
1151.287281,200,68886.643529
840.31648,200,68963.550996
1156.300728,200,68989.607173
1060.984867,200,69044.88772
1000.683329,200,69099.824749
175.975195,70,69128.201795
855.545035,200,69155.181096
810.693104,200,69210.16507
1120.882796,200,69287.65437
1195.348428,200,69314.570656
1106.481353,200,69371.03994
1045.817276,200,69420.581085
1051.080561,200,69475.507137
1197.068499,200,69504.682601
1137.037625,200,69579.97566
1065.5912,200,69610.510942
1075.782127,200,69664.973277
1071.079227,200,69744.102266
1121.742347,200,69772.043795
1100.884201,200,69828.858312
1101.206926,200,69876.53461
1176.179908,200,69931.669769
1181.867445,200,69962.07716
1080.848854,200,70035.95488
889.56044,200,70091.412928
1197.018538,200,70121.2558
1031.233292,200,70196.453481
90.184901,49,70197.080575
1150.952332,200,70250.810725
1050.403642,200,70279.828506
1186.101252,200,70357.723728
1060.31087,200,70388.396532
1045.236844,200,70442.03346
1151.448931,200,70489.351913
1156.493853,200,70548.363361
524.716375,200,70599.9166
1116.226413,200,70629.680121
1111.111812,200,70706.61284
1065.507792,200,70733.039502
1122.031579,200,70786.980185
657.347526,174,70836.267498
1126.059335,200,70889.664506
1196.855173,200,70918.618954
1091.282107,200,70997.741072
1080.96503,200,71023.437909
1005.81557,200,71080.132186
1141.51161,200,71128.031694
1086.09984,200,71181.133833
1146.269333,200,71234.780935
1156.28438,200,71285.129012
1005.485411,200,71339.534294
995.265636,200,71368.719602
894.609188,200,71443.158235
1126.702425,200,71474.48905
1086.273011,200,71525.631495
1196.374273,200,71604.475544
1181.353981,200,71636.170947
1075.770613,200,71688.289983
1196.918144,200,71718.451138
1056.18806,200,71795.825035
1181.254599,200,71823.425219
985.531407,200,71877.701089
1165.668971,200,71927.34776
1091.299193,200,71982.215229
1146.136291,200,72036.639486
1141.778593,200,72086.286705
1051.270272,200,72143.728499
1051.022508,200,72171.1953
1186.439795,200,72250.637517
1081.60331,200,72280.15484
629.341634,200,72333.878866
1136.579807,200,72410.342609
1026.125839,200,72437.957114
760.142075,200,72495.36895
869.670605,200,72543.483503
1140.992643,200,72599.586878
1195.950719,200,72630.301859
945.211541,200,72703.89742
1136.308457,200,72734.773221
1166.563135,200,72787.132336
1101.999015,200,72866.450668
1197.093008,200,72898.738919
1026.031534,200,72950.066465
840.512891,200,72979.457791
1040.743992,200,73056.58241
1040.665124,200,73084.936558
1045.871673,200,73139.909941
850.266165,200,73217.620813
395.211702,89,73218.79589
1197.130909,200,73270.836376
1197.701444,200,73318.83588
1106.305959,200,73378.040494
1196.605546,200,73431.242573
1146.3997,200,73459.13952
1186.567486,200,73539.208669
1151.333601,200,73567.942607
1015.828012,200,73620.076426
935.491142,200,73669.680197
760.322098,200,73724.773294
1050.424154,200,73753.553898
257.328887,102,73798.771827
990.391331,200,73855.901973
1177.07279,200,73882.169899
1190.394132,200,73956.77146
1181.642622,200,73986.614652
1151.017871,200,74039.007106
1080.934778,200,74096.704543
1196.022635,200,74149.722546
910.449137,200,74203.122407
854.882881,200,74231.571055
1131.443946,200,74309.30104
1166.073517,200,74340.959895
1141.049614,200,74390.391327
1181.54236,200,74468.295251
1004.14824,195,74498.400206
1101.431858,200,74549.986634
1086.199926,200,74598.407339
975.075722,200,74657.928711
79.832091,43,74658.440243
839.792877,200,74708.996129
1185.662944,200,74762.064607
1111.209772,200,74821.413941
1075.751011,200,74846.362639
1135.561981,200,74919.659454
672.236089,200,74950.098546
964.82542,200,75004.946312
1156.13828,200,75079.281309
980.977815,200,75110.136206
1151.278525,200,75163.454092
915.846582,200,75211.234448
115.864723,49,75240.466153
1191.135602,200,75270.702638
1121.750639,200,75323.033134
1040.579791,200,75374.617749
1035.605305,200,75432.956994
929.990164,200,75461.068533
965.427356,200,75533.462995
1066.194803,200,75593.965792
1191.622057,200,75621.39929
1076.067277,200,75694.110651
1116.020942,200,75724.729137
909.775313,200,75782.303465
1146.150881,200,75825.714658
1125.669481,200,75885.069668
1176.217017,200,75943.013334
1191.418702,200,75966.638479
925.052128,200,76048.85742
1181.638476,200,76079.612581
980.263314,200,76129.742237
1061.139705,200,76178.135489
99.870042,106,76208.127363
1166.481409,200,76265.83236
1081.042594,200,76308.6873
1126.664711,200,76368.052553
1196.417781,200,76397.688602
1171.239532,200,76467.724203
1035.909119,200,76527.898023
398.423759,200,76558.036829
1161.069778,200,76608.25257
1005.687531,200,76661.784334
1075.659324,200,76720.789027
1071.121833,200,76743.879981
1076.173107,200,76821.353853
970.173193,200,76852.492606
85.836803,44,76880.359473
1041.043175,200,76903.804303
1141.208828,200,76981.460533
1196.717877,200,77041.115274
1015.711206,200,77063.212378
1090.653333,200,77140.202577
1162.285772,200,77171.233944
1190.836787,200,77221.772986
1196.350937,200,77274.566039
1186.423823,200,77334.626427
1035.55287,200,77365.526299
1161.492927,200,77434.621331
1161.487153,200,77493.236176
920.478487,200,77524.224296
981.08388,200,77593.550303
1090.35481,200,77624.553828
1111.296182,200,77681.638788
1015.668675,200,77723.563229
940.746198,200,77782.95849
1161.996257,200,77838.975025
1191.216593,200,77888.104945
66.736366,40,77888.582682
413.585791,181,77948.188274
1196.005037,200,77978.27658
1196.315901,200,78048.623137
670.315881,200,78108.303345
1161.293914,200,78138.938008
1025.284299,200,78209.012993
1151.528959,200,78239.125888
765.198277,200,78299.153323
1120.989216,200,78324.583373
1106.179879,200,78399.555275
1085.586643,200,78431.106163
1076.541703,200,78486.401706
1005.203715,200,78565.517925
1171.321491,200,78596.789177
1116.71521,200,78652.479887
1056.368004,200,78698.797141
784.908642,200,78758.753032
1096.131943,200,78788.630304
1190.661354,200,78860.889302
1021.00161,200,78920.159197
1196.591375,200,78950.999549
37.45695,41,78951.503195
1120.982544,200,79021.936423
1045.82152,200,79081.544127
1106.708143,200,79109.366158
108.253981,57,79137.234823
1166.777713,200,79188.072683
200.333838,64,79217.875835
1056.580724,200,79249.74232
1196.684545,200,79302.85698
1085.877668,200,79351.105288
1046.375354,200,79410.487669
1131.662965,200,79437.827219
955.290996,200,79512.59943
1136.483438,200,79570.987542
1055.770098,200,79598.019923
1166.467525,200,79670.917567
1026.007785,200,79702.36391
1065.662976,200,79758.765025
1010.696443,200,79809.09024
980.159675,200,79868.606062
960.956012,200,79898.169541
1111.494513,200,79970.25262
849.637382,200,80028.883857
1146.620049,200,80059.821412
1112.096674,200,80131.067566
980.93125,200,80161.893845
1171.080281,200,80220.971817
161.012791,49,80221.583519
1196.319894,200,80294.047157
216.554825,112,80324.18353
950.907384,200,80355.317329
1115.920782,200,80411.709848
191.950291,66,80432.119355
1116.149034,200,80491.094838
1196.6538,200,80519.834831
1196.912128,200,80593.268856
1106.552538,200,80652.937979
1080.913326,200,80681.811189
1046.055859,200,80736.698393
1141.140929,200,80784.247206
1141.57489,200,80841.227951
1121.496755,200,80870.977127
1146.78333,200,80943.134488
1176.296288,200,80973.760576
940.572412,200,81031.088366
1165.439255,200,81110.030409
502.154749,148,81140.603504
1121.430644,200,81170.301679
1196.752741,200,81243.812037
1046.167236,200,81273.863711
1065.946164,200,81332.078899
1181.881488,200,81403.918728
1085.780603,200,81435.812035
1186.353404,200,81492.065732
1166.005158,200,81537.345882
1131.133501,200,81596.496967
1197.172701,200,81627.316415
1196.418079,200,81684.427915
1126.789966,200,81763.4503
1105.850094,200,81794.822412
1151.359964,200,81849.956549
1196.534223,200,81896.144494
1046.685394,200,81953.809577
109.253915,85,81954.870131
1101.588265,200,82026.625813
1131.49442,200,82085.655225
1041.339915,200,82115.809531
985.412595,200,82167.22377
931.419723,200,82215.48602
1165.893282,200,82272.073842
1036.101439,200,82303.271486
1095.510997,200,82377.12419
1195.78521,200,82408.464786
1196.623255,200,82465.632186
990.128121,200,82539.146573
1055.536073,200,82570.273386
1076.481784,200,82626.17305
1020.041332,200,82672.053078
1011.058401,200,82730.555034
1030.836816,200,82760.80532
1096.084935,200,82833.105164
1060.941215,200,82891.176802
1196.686855,200,82921.357015
1091.260386,200,82997.989439
1026.260883,200,83029.015671
890.188927,200,83086.314296
1171.212222,200,83131.603555
1105.964158,200,83187.90768
1060.086322,200,83217.944775
1131.555461,200,83291.915304
1196.550553,200,83347.857676
89.386108,48,83348.383616
1176.275951,200,83406.524431
1181.252354,200,83450.710304
1166.119295,200,83507.111068
1181.696169,200,83536.579198
955.49029,200,83611.176031
1185.793094,200,83642.528494
1086.363948,200,83699.845648
1046.435698,200,83730.915502
1085.921641,200,83802.532322
1196.809276,200,83860.13569
1166.572137,200,83890.30612
1151.50772,200,83964.776244
1196.746215,200,83993.798735
770.038137,200,84052.711393
1195.790664,200,84095.518774
1196.993274,200,84153.91975
920.531048,200,84212.105002
424.431286,200,84260.945628
1046.603517,200,84318.000639
44.454327,43,84318.497322
965.774712,200,84378.422849
1196.702754,200,84423.319463
1076.270397,200,84479.998496
789.816498,200,84511.510041
1175.513007,200,84583.936436
28.087113,31,84584.32759
150.927219,118,84613.724892
1065.61292,200,84671.922404
115.544861,54,84672.66102
1121.889497,200,84741.313692
1125.926229,200,84771.947484
825.14068,200,84829.656506
931.098386,200,84878.339415
1115.737159,200,84935.023126
1081.664929,200,84966.513216
1116.448298,200,85039.300457
1196.418828,200,85071.068531

811.231743,200,85072.555692
041.896461
1106.364103,200,85101.281903
47,200,85070.515165
1081.279364,200,85100.559682
0.837262
1121.514328,200,85100.905938
.625389,87,84997.256624
1182.407355,200,85072.326635
1181.373182,200,85102.392041
19465,200,85102.438934
00,85100.59031
,200,85102.175637
804
956.244409,200,85040.608173
1045.859226,200,85100.033795
00,85042.29397
1081.910511,200,85101.660855
39013
3,200,85041.432178
1076.174936,200,85100.862161
0329,200,85070.663269
906
1086.050153,200,84801.43842
1086.336484,200,84831.087879
1025.633551,200,84908.423647
719.818117,200,84936.437997
1197.021011,200,84995.04536
1161.499641,200,85040.762306
1015.33933,200,85100.130281
