#{"t_start": 1666684985.548387, "env_id": "CustomMyoChallengeBaodingP2-v1"}
r,l,t
11035.758378,200,523.036026831126.420836,200,525.211196.602992,200,1070.795962
2031191151.037049,200,1073.41191101131.299292,200,1595.6838421145.996247,200,1598.341191061.104745,200,2145.80877749343.082225,200,2149.380671401056.131963,200,2671.5784733112101076.111376,200,2671118135418.815224,200,3227.124629.94041191.510666,200,321156.561196.839678,200,3756.856.2201196.791066,200,3757.574.59059961020.914012,200,4362.586741021197.298135,2001196.7201196.608668,200,4740357.725701196.602339,200,4741151.232661041.121596,200,532473.9379.079331050.952663,1120.932073,297011161.598705,264.1108659.104581196.4582911196.72951,200,6211.53989
559.525843,200,6213.606027
1040.71521197.379135,200,6744880.01388321.5501080.863883,101166.43884,200,7284.63734672.453737337.236801196.542545434.285836,200,7811.507481081.31326,200,7813.617858
1101.1151.08592,200,8361.568348.719.088035,21195.33754,111971006.08326.81046.11930.370.75819.802047,200,8929501136.278525,200,9442.832582
774.865343,16401171.402206,21195.511195.662965,200,91197614.573878,200,9990.536099
1055.996442,200,10510.712253
593.852045,200,10512.530969
1020.916702,200,11054.621237
547.425857,2001196.764307,200950.498892,200,1166.2264,200,3579256.687972372.382117,200,11191196.48235343.131998,200,14376.219684,1146.168718,200,393.880645,2001095.935307,20144261.029812,20950.309338,21045.593695,200,13192.550209
664.478.106458,200,13194.4493168.4071196.131914,200,13714.291.269.289.06311196.342714,21046.204717,200,14260.069264
789.519766,200,14262.064508
41071.1985.5704.51196.251625,36649.85445684.820915,200578.1156.244672,200,1532960.4637023397.3619.198456,200,15329.0961156.453.658508,1196.699263,15428.362011,200,15850.7831156.201208,200,16403.1196.608569.15281300.921758,200,16401086.04489407.1191.160171085.9239603.585317,200,16926.758081571196.152935,200,174765.21168.0515.1195.711195.024005,11091.08916985.869563,200,990.7232.992239,200,18019.560262.71191.181506,200,1190.9361025.91196.505737,200,18540.111155
10311015.75841195.756676,200,1207.291.791171,200,190881141.101611141.234746,200,19607.506939.1195.914917,200,19608.691126.44398,200,20155.622668
342.2346.815109,200306.4683071191.604.67261196.467192,200111190.975592,200,20676.806940.31196.444709,200,21222.631190.3332.538969,200,21224.469102631186.41184,200,21747.032063331.906902,200,21748.838872
1363.544809,200,22300.518094
1190.963537,201190.482928,21191086.024155,200,22835.244263461191.041276,200,22837.23201141020.644086,200,23403.94082313674.001902,200,23405.911171111.241275,200,23921076.16967369351.516675,200,366.77317,21081197.0845231191181.487355,290.303.847197,347.39823,20321.941196.697583,200,25005.246.1880413.91361196.396553,1161.13979,200,25549.460603
356.165631,200,25551.727295
1080.966999,200,26096.982787
311.6022321.810396,200,26099.433.509196,200,26617.357.47781197.677506,200,26619.938424
1197.071015.741176.087456,200,1196.596941,200,27186.30867
1161.241040.898414,200,27730.9352.063933,200,27733.006695
1146.2191015.804173,200,28371.351.4279382.967794,200,28373.1197.613918,200,28988.469118
351.741906,200,28990.601335
11111197.399967,200,29634.088266.8332.112143,200,29636.1861196.1100.846078,200,30250.770362.232809,200,30252.690667
341.601186.033527,200,30892.0267.384326.849438,2357.280949412.7821151.207854,1196.67781417.20341196.21858,21197.0686352.9825111071.058161,200,3211196.097234596.349938,200,32151196.5981056.13995,200,32774.3423.373347.300205,200,32711971076.1003925.730694,200,33418.272.7710377.06293,200,33421191196.1196.478631,200,34033.506731.974725,200,34035.52534511965.41196.408102,200,34725.38242.260352.292413,2293.0217391196.377065,200,3531197.12244184.063310.63229,14265.2374654.188531106.00729,1131.2663378.017571,200,3598362.8194241020.684031135.979948,200,36621195.676681176.546687,200,36621045.874081181.451242,200,3723361.904822362.028281,200,3721101.0781121186.241231,200,37267.49851342.134959,200,37880377.880568,945.51261125.74973376.557243,272.469182,200,3851195.9360481151.4411197.062506161.32207.793505,200,39148.651136.23535995.340264,200,397681195.347367,200,39770.61612
1156.263291197.131881196.50594305.703427408.131245388.8111911487.9625899.99974,200,41024.575.103787,200,41026.017867
10388.523408,200,41664.9021282694.777272,200,4161145.17893387.987582,200,42286.1122911222926.31196.418686,200,42288348.058394,200,42931.552661
870.786319,200,42933.6277387.738.49149,164,43547.38785.05309.298.327259,200,4354212.1196.61196.1156.597545,200,44408.687232.2630.947919,2002731196.231126.229048,200,44812.8313.663816.291102,200,4481226146.8881151.200713,200,45411212.502632232.9252,200,45457.1196.351196.637994,200,4611334.7366281196.807524,200,4611197.1871196.853681,200,46733.1196.531035,200,46735.137714
1196.4811196.353506,200,47379.1196.95252.653649,200,47381.861196.4724.849102,200,47994.1197.2751197.310048,200,47996.1196.485575,200,48646.055199101196.531231196.454527,200,48641186.11131.245502,200,49261091297.626926692.908614,200,49261197.19881146.245003,200,41196227.154415,200,49911.143415
910.584473,200,50527.167219
268.2055671197.584004,200,505153.0827,781045.869506,200412.454098,123,395.002563,891171.459091,200,51791.274631
159.36945,93,51759.926395,21081.198625,200,51101.225999,2338.227802,121,52870.093832,2368.037595,200,53055.236857
202.437613,200,53057.535855
1196.843143,200,53694.88415
1195.971091,200,53696.974228
1101.550779,200,1046.116098,20292.244779,200,54314.360963
357.809056,200,54952.875706
391.720977,200,54955.071221
1197.504405,200945.80023,200,5116.846446,96306.399395,101,1015.961678,200,56201.559967
446.474045,185,56203.722915
664.287477,200,56839.771923
1196.919549,200,56841.869854
428.524127,200,57452.590642
392.233773,200,57454.622607
239.285689867.267311,189,580341.798049,299.406998,140,5801065.92017,986.054481,200,587989.85599,200,58713.379932
1121.258304,21000.621237,200,287.099549,200,59351.783778
337.379073,1341116.451502,2001196.576373,200,59964.040439
1041.530148,201196.900762,200,271.993079,2001195.841995,2001197.028985,200,61219.182013
147.665002,146,61220.680076
1051.767333,200,61862.438653
232.341995,200,267.637575,2001196.734821,2001196.564752,2001196.66931,200,62477.638776
677.643335,11121.061307,200,6247.258705,200,63119.336419
141.262817,83975.547079,200,63738.33202
342.509095,97,6217.252.117981196.851085,200,1196.944579,20885.324153,200,64384.03285
347.306353,200,64997.640395
281.899764,127,641195.889337,1197.158939,200,65915.588247,336.521938,160,65645.444057
1196.642757,200,66292.179697
266.324631,200,66294.280197
1196.267913,200,66906.777028
311.211659,143,669252.6515321141.455626,200,67545.204962
247.324047,200,67547.647309
1196.142279,200,61196.488992,2554.894201,109,65302.755226,11196.262611,200,68801.954435
315.069041,141,267.942807,2001196.767298,200,69419.109575
922.200719,172,69420.94703
1197.07195,200,70062.498269
1196.185637,200,70064.60153
1040.858452,201111.142418,200,332.717008,200,70676.469244
1125.966395,200,71313.386729
227.573211,105,71314.665423
74.675905.8307.795112,200,71016.043282,200,71926.671109
1083.572657,199,71928.81618
1197.123861,200,72571.177461
1196.20378,200,72573.289216
1196.766296,200,73186.320989
556.6372.649217,200,73181196.955.598748,200,731111.123128,87.4661196.626699,1197.363057,200,731166.1196.301085.949623,200,741196.1196.971193,2398.300378,21081.1000.43885.41045.762419,1196.6858.29287.327747,200,750234.21197.10381196.819084,201197.031197.086662,200,75702.61010.848849,21197.211443,200,7328.188213,200,404.13103,21021196.1197.151421,200,76980.160367.908016,200,76982.746631
1196.696911,1186.262265,200,77123.277.365611272.316805,200,7759975.704841131.181369,200,7823685.056807,200,78239.221196.61070.79071186.09781,200,78848253.01722372.370341,200,78851141.393631197.074139,200,7949386.759152279.965982,200,7949206.6372561191196.8490961026.173937,200,1196.773925,200,80108.038632
1196.9506811161.573675,200,80272.646236,2322.738446,200,81197.384649,200,81359.70991
252.395707,20809.701333,200,411055.955386,1141.381677,20263.329.559657,1238.092726,200,82002.054543
131.747175,93460.220062,200,82003.598996
601197.359581197.251793,200,82003.17781
41196774.628962,200,82003.733843
881
1086.175015,200,82000.302136
1196.786688,200,82002.382589
99,21196.808898,200,81136.368292,2793.900079,200,82003.924995
00,82002.865335
383,200,11876.591084
311.178526,132,11925.29018
1195.150559,200,11947.711917
1000.836309,200,11994.564321
709.915622,200,12037.342178
1081.416185,200,12082.7438
1196.517143,200,12106.691674
1145.85704,200,12177.398132
1196.497061,200,12199.896142
514.915632,200,12246.492278
479.687797,140,12287.141756
1065.888647,200,12333.251636
1035.967294,200,12358.861088
1197.309997,200,12422.932209
1126.254843,200,12448.469301
990.778596,200,12494.793522
949.681695,200,12534.872692
1010.535349,200,12583.259758
448.199624,169,12605.867849
1197.059184,200,12652.463912
477.814756,133,12698.401109
931.142705,200,12743.900651
1197.059776,200,12767.833205
307.725051,200,12833.511932
1131.145023,200,12858.801189
760.270174,200,12902.122768
1020.425685,200,12943.686057
1196.562186,200,12993.959394
1041.005189,200,13015.084224
1196.684636,200,13078.999802
1095.875997,200,13128.614372
1116.270521,200,13149.659278
1196.883316,200,13197.804038
940.896503,200,13243.143376
940.357178,200,13290.126134
1131.168067,200,13312.221421
1146.18257,200,13378.231773
393.642266,137,13401.536249
598.625282,186,13425.61731
1005.661809,200,13489.197233
1131.079271,200,13534.779954
297.477746,200,13561.35435
1086.125665,200,13623.209909
417.908089,200,13649.586001
564.67628,146,13671.501044
1166.092531,200,13719.096895
479.201461,200,13788.476385
144.230145,42,13788.9317.7151197.260298,200,13811.1031.1051116.064503,200,138581197.05141055.920125,200,139231196.4214377.861341,172,13943.1196.315996.085409,200,13969.0142.35362.644973,200,14035.8393.151196.383623,200,14082.3307.963267.109484,200,14104.51196.641161.958751,200,14171.071329
384.091352,200,14196.39361
1051.286348,200,14239.903017
1196.558085,200,14286.735808
870.100529,200,14336.162023
1196.238011,200,14379.486369
389.383691,200,14422.229897
1176.160842,200,14470.063436
794.788781,200,14493.033662
1111.42593,200,14557.898501
630.254671,200,14582.54676
1196.541452,200,14628.796639
377.049816,200,14652.95321
965.725112,200,14718.603104
1096.399596,200,14764.086632
729.529145,200,14788.378072
915.455104,200,14858.620729
263.173154,200,14880.16585
1130.86381,200,14928.603112
1060.956142,200,14969.11973
1181.325471,200,15015.217123
1096.022289,200,15062.016159
356.894537,200,15102.482759
488.919318,200,15149.007542
1196.356507,200,15173.020993
680.670506,151,15213.831594
1196.131509,200,15261.867906
1196.823558,200,15307.901567
402.779084,200,15351.906785
689.615438,200,15401.42561
950.737415,200,15424.754095
329.864304,121,15448.313327
1196.450158,200,15512.813988
517.78151,200,15537.676208
468.679738,200,15584.104054
709.645781,200,15623.427379
1195.985414,200,15671.953594
1196.721438,200,15718.362442
468.383792,200,15758.132686
975.859483,200,15803.68402
448.247035,200,15828.265176
925.807103,200,15896.467216
1196.750378,200,15921.177604
1196.605395,200,15968.378172
182.522579,72,15969.208837
377.535296,200,16039.908509
1196.153062,200,16088.327043
258.173991,103,16089.395799
1146.298441,200,16135.682716
1151.273069,200,16201.086308
1090.737698,200,16223.809114
465.125889,200,16271.589206
1196.589823,200,16312.422608
1085.971543,200,16360.667094
453.511898,200,16386.58433
1197.084346,200,16451.792861
292.680635,118,16476.873653
1161.377308,200,16499.873509
1196.892342,200,16561.501581
409.549597,200,16610.448141
1050.977453,200,16634.458823
1156.226641,200,16681.444528
397.748532,200,16721.920147
1196.780785,200,16769.112464
1036.69889,200,16792.854878
674.996753,200,16857.747457
217.141561,99,16879.640378
1196.732411,200,16906.864383
1196.41897,200,16970.951311
1015.671033,200,16997.206466
1197.097419,200,17043.725718
416.988281,200,17085.84675
286.252281,200,17132.818909
840.103069,200,17178.928154
681.918448,200,17204.041071
1106.1231,200,17269.55051
1196.700946,200,17292.987954
88.947547,80,17315.665062
137.945674,74,17316.504488
272.105538,200,17380.019549
423.394109,200,17427.430558
1061.054734,200,17450.035874
1196.77915,200,17518.046035
1086.082915,200,17544.101007
113.432256,74,17567.021267
1196.310128,200,17590.972589
1190.82613,200,17654.744709
1196.464786,200,17702.087373
569.768533,200,17726.160995
985.848099,200,17790.489475
1035.041713,200,17816.614428
437.678247,200,17861.641051
1190.888737,200,17904.49616
1010.685712,200,17951.708833
960.604043,200,17999.105541
1196.370737,200,18043.122218
1196.431004,200,18090.559434
638.001875,200,18114.950411
1196.318922,200,18178.156719
377.364026,200,18204.105261
628.98562,156,18249.959549
1190.819778,200,18275.310137
1196.433999,200,18338.488181
1196.796023,200,18362.075182
1196.358714,200,18407.892171
158.332847,78,18423.649612
995.822761,200,18474.359676
1196.347912,200,18518.947145
1035.788087,200,18543.739448
1196.631259,200,18612.71657
277.885537,200,18636.555524
964.945492,200,18683.102584
1196.366084,200,18723.337059
955.642336,200,18771.41357
1146.204354,200,18794.83033
277.263627,200,18859.08383
1196.508163,200,18907.373523
1196.023898,200,18931.004354
1196.038919,200,18995.907967
1191.614859,200,19019.800981
1196.375922,200,19068.404046
262.530705,200,19112.503556
208.581793,130,19137.59319
1175.686798,200,19184.476531
793.893966,180,19208.764828
1066.155469,200,19271.453934
1045.907019,200,19316.114928
955.964079,200,19342.861274
343.120606,130,19382.129966
1086.165152,200,19429.905686
1196.232028,200,19453.017479
1020.689791,200,19516.936866
1196.147637,200,19542.07308
783.655427,200,19588.169621
1086.03947,200,19631.922292
1151.660869,200,19682.38968
1116.157044,200,19727.945682
1091.108705,200,19767.58798
1196.223934,200,19818.820226
1196.517305,200,19841.675905
788.527577,200,19889.360467
463.107895,200,19930.434958
1191.309628,200,19977.326691
684.096844,200,20024.333003
693.037307,200,20064.20447
1136.119564,200,20113.100748
1196.756597,200,20136.629905
382.21699,200,20204.831966
1196.360912,200,20228.052176
1196.69576,200,20276.619457
392.174193,200,20316.137185
827.532528,183,20364.046969
1005.732477,200,20387.419342
428.161432,200,20450.175485
1136.296026,200,20498.098195
413.503876,200,20520.592157
1196.652426,200,20584.792562
1096.254778,200,20610.548814
875.326913,200,20655.378874
782.064857,200,20699.706355
900.495519,200,20751.792555
1196.597439,200,20798.067354
980.569684,200,20822.287337
1151.041762,200,20888.136901
381.743463,200,20910.986297
1185.788706,200,20958.905985
348.631688,200,20998.883449
960.710506,200,21046.009844
1190.52773,200,21068.60343
1066.100235,200,21133.492727
1196.396552,200,21180.94339
860.038148,200,21203.719987
845.332473,200,21272.156934
1061.099595,200,21295.998764
351.631747,200,21343.47987
1196.95564,200,21383.439983
1121.113367,200,21431.566852
1020.956103,200,21478.530324
1191.09798,200,21519.944747
976.208416,200,21568.267915
297.26571,200,21592.570294
940.595604,200,21655.724151
1196.373811,200,21681.796822
970.725883,200,21726.456185
1196.711543,200,21772.62704
387.252047,200,21820.484835
1196.470308,200,21865.501885
1076.131662,200,21891.430696
356.848725,200,21957.083269
667.696412,200,21980.682612
689.924923,200,22028.244723
1196.6943,200,22068.935026
1196.265687,200,22115.964762
895.508286,200,22163.452473
178.068324,120,22181.291757
118.747093,80,22206.248415
1190.915317,200,22255.641699
1030.802988,200,22279.982665
1196.55828,200,22349.678946
1050.936499,200,22375.545056
1196.902496,200,22421.643947
1190.996311,200,22462.269124
1196.214781,200,22510.123208
1011.080848,200,22558.071493
1141.541713,200,22599.82539
1041.155117,200,22646.77367
1197.071572,200,22671.576118
1196.55173,200,22739.807574
1005.770677,200,22765.765496
1196.661471,200,22813.555545
452.339225,128,22840.22152
1061.228566,200,22916.046015
1171.337275,200,22941.200871
1196.668039,200,22995.145691
1190.999446,200,23038.603646
1196.935047,200,23087.287007
1190.663053,200,23111.014453
1196.902841,200,23175.334234
1106.220259,200,23200.619049
1197.15069,200,23247.205214
1196.536216,200,23313.439549
830.349239,200,23339.092279
1081.349385,200,23383.941343
1096.09417,200,23429.541233
318.823845,145,23453.889307
1196.5616,200,23501.700058
1095.988269,200,23548.806328
597.360587,169,23587.958939
1196.907864,200,23611.707064
382.398283,200,23658.682775
362.382827,200,23723.754818
423.251788,200,23747.441305
855.726434,200,23793.787251
930.656729,200,23835.455285
261.315096,200,23879.797115
985.539598,200,23904.580805
660.959281,178,23973.677285
1111.177005,200,23997.761218
727.617405,200,24042.480914
1197.100289,200,24085.336716
1196.463245,200,24132.254643
684.715252,186,24156.380965
1076.12237,200,24205.173449
1196.964708,200,24269.503496
1080.959395,200,24292.262286
1040.907906,200,24339.472866
925.515178,200,24378.535225
1156.323714,200,24426.592057
1196.991193,200,24451.067673
1190.972786,200,24518.920939
314.364051,126,24544.570029
1131.21186,200,24568.353803
402.50024,200,24634.164071
1197.123653,200,24681.766544
1190.479224,200,24706.75696
1161.472309,200,24773.420043
311.522849,200,24798.643053
793.91266,149,24820.893307
268.480843,146,24870.782195
1151.452044,200,24913.257079
1146.093099,200,24962.134077
1196.961802,200,24985.583968
1196.692802,200,25055.900189
1016.28614,200,25079.024131
1010.590585,200,25125.151708
1096.082212,200,25190.99366
1046.123794,200,25215.943787
140.389797,65,25236.675577
1191.30685,200,25261.198819
1050.779636,200,25326.271399
910.496975,200,25351.000881
1196.677691,200,25395.689501
1066.517418,200,25438.807813
1080.955009,200,25485.16233
1197.078884,200,25528.717399
960.911029,200,25574.97251
1130.957675,200,25623.893147
1125.984982,200,25647.707603
1196.433865,200,25694.547606
413.528469,200,25735.744174
880.251992,200,25781.951362
397.422196,200,25806.027624
1196.595924,200,25869.204122
1126.292012,200,25916.567881
165.367433,93,25917.614786
356.680462,200,25980.255714
1196.739748,200,26004.533546
439.627481,200,26052.798131
1196.599156,200,26122.881466
474.094427,200,26148.614339
389.273535,115,26170.195741
925.142296,200,26218.486888
1196.678691,200,26259.955843
855.427511,200,26306.450445
1045.853105,200,26328.326645
437.853161,200,26395.125252
1196.834937,200,26418.883528
1196.595291,200,26464.289538
1111.18368,200,26527.412233
181.834605,82,26528.290322
935.441187,200,26574.827641
422.792388,200,26598.874933
1100.986841,200,26667.58808
1196.407136,200,26696.408964
855.65102,200,26743.371288
754.86765,200,26812.718397
1191.038455,200,26840.943612
1100.999306,200,26886.882725
1025.698245,200,26932.968798
894.381895,200,26980.108231
772.875312,174,27004.008113
231.896218,200,27069.068965
163.060444,41,27069.531989
371.770822,200,27116.067726
1076.028197,200,27142.659094
273.277204,78,27165.863467
1191.529425,200,27211.259799
1061.318177,200,27259.593853
813.172332,174,27282.298275
1131.276034,200,27349.536305
1191.384141,200,27376.060028
1191.301156,200,27421.478787
1025.682654,200,27487.37293
1197.031149,200,27513.616385
1015.692182,200,27560.63338
187.109594,45,27561.12918
1040.540454,200,27629.182622
453.920871,200,27655.30242
1197.013097,200,27706.115815
1115.957297,200,27759.288399
1196.388778,200,27816.041015
1196.601668,200,27842.455407
1181.424998,200,27899.816419
1051.22806,200,27974.989563
1050.682372,200,28000.505713
569.491013,166,28029.089256
1190.670627,200,28106.390939
432.761427,200,28135.691021
554.598126,169,28188.250288
1171.324095,200,28238.276364
960.537241,200,28291.739124
1176.561694,200,28320.630328
377.267329,128,28349.50217
1111.4402,200,28429.54642
1197.36364,200,28483.090304
874.311488,200,28512.6254
1126.238028,200,28590.230573
277.835718,200,28615.564333
1020.855031,200,28671.597727
1196.552924,200,28720.680406
1135.865554,200,28777.673894
1010.543024,200,28833.351063
1196.335131,200,28882.065794
1070.75153,200,28936.604519
266.937487,200,28964.427249
1197.282113,200,29046.2156
790.088656,200,29075.062661
1076.200142,200,29129.784776
1156.253733,200,29179.276512
1146.485659,200,29234.643577
1135.977393,200,29290.820614
354.358042,78,29291.783271
442.962233,200,29368.531564
1196.955947,200,29396.570467
477.72526,134,29423.988589
1141.445329,200,29497.571821
1106.070939,200,29554.549355
1151.0944,200,29581.110843
1111.068027,200,29639.40191
1111.276326,200,29693.555743
1196.255707,200,29747.664313
1106.070481,200,29777.180209
666.439996,147,29825.64256
1146.131653,200,29878.530762
970.892116,200,29934.698625
1196.584992,200,29985.250769
393.422238,200,30039.089168
1005.692896,200,30068.528241
826.653884,183,30142.910076
1131.413161,200,30174.883339
233.233638,117,30199.755792
1196.868571,200,30255.486404
1196.666115,200,30307.622654
1186.442396,200,30364.039683
1131.408679,200,30389.626974
687.022931,200,30467.784781
1171.393262,200,30520.605459
1191.672746,200,30550.367
1196.734192,200,30628.666061
899.153023,200,30658.061295
1080.993439,200,30711.373963
1146.206649,200,30758.224002
965.696017,200,30816.142916
490.576022,132,30841.337124
1196.484166,200,30896.991663
96.879507,50,30920.70153
1141.265341,200,30979.354544
199.539122,157,31004.692157
397.812713,200,31034.700853
1035.913533,200,31111.345326
126.152068,76,31112.258574
1065.991442,200,31165.767351
995.583843,200,31240.830872
1196.328439,200,31272.762112
419.029586,109,31299.306083
1000.580358,200,31354.004438
1196.595314,200,31401.914566
965.361885,200,31460.070018
1090.864142,200,31484.058408
1196.048298,200,31565.47616
1196.285108,200,31595.933046
1196.830879,200,31648.035427
382.713586,200,31695.725936
1176.465822,200,31755.010892
1065.816037,200,31808.411334
362.716238,200,31856.784851
1197.011125,200,31915.390894
1035.835411,200,31942.788219
1195.926183,200,31999.311846
1196.868993,200,32049.725971
382.850196,200,32101.699411
1186.1382,200,32160.266817
742.697421,200,32217.783877
935.517604,200,32272.33905
1196.973167,200,32301.292197
387.512462,200,32376.628486
1196.66088,200,32406.865989
1135.999095,200,32459.360431
900.201482,200,32509.082879
486.878577,142,3346.969707,20102.081486,73,32436.633756,11196.567481,200,3413.192074,20402.734684,200,32668.086109
377.661908,200,32726.016775
1121.059222,200,32751.830281
422.481451,200,32832.167075
1050.925133,200,32890.32818
1196.16084,200,32915.77328
945.217918,200,32991.226236
1095.757325,200,33022.665503
1115.998202,200,33074.959809
1196.398156,200,33123.110526
1196.236855,200,33181.938817
329.48815,106,31156.327165,2317.084091,200,331196.596621,749.977928,200,3331196.3413851131.247646,200,3331197.2557771000.946289,200,3331196.017471196.254408,200,33471196.16537322.664526,200,335051196.57531196.82701,200,33556.317.0378980.40897,200,33607.6995.6731001.218688,200,33665.1140.4971196.606207,200,33694.56563
1151.261961,200,33766.756389
1197.242651,200,33797.485873
533.78215,135,33851.259572
1196.413725,200,33879.945312
279.610147,95,33927.174067
1196.708027,200,33957.070616
1101.331972,200,34009.93465
1075.688751,200,34093.62961
1155.450848,200,34145.900951
1191.390082,200,34205.728436
980.910212,200,34238.100847
1196.49023,200,34321.350038
1196.540413,200,34352.724386
1055.79995,200,34405.700962
1196.482899,200,34457.542476
134.267988,37,34487.662971196.123704,200,34514.317056541196.172114,200,34539.76111161262.524214,150,34588.52069925423.608892,200,34647.1222389.1196.326816,200,34675.370860.920.682124,200,34729.1937918.1010.904175,200,34810.9875.315347.610725,200,34838.61196.531116.058149,200,34893.21186.401191.073422,200,34941.1196.859339.585347,200,34997.1151.617398.135211,200,35023.51196.70932.288566,199,35100.41071.37945.619299,200,35130.241166.1010.896563,200,35182.0351086.1196.473812,200,35258.0521196.1090.630371,200,35288.2541161.1125.934091,200,35340.681196.71196.724297,200,35391.931100.41197.018383,200,35451.211121.01121.145698,200,35475.71197.131196.575436,200,35550.71111.031141.228366,200,35612.920.22891136.335491,200,3561196.7102661196.009613,200,3571101.205919,200,35744.509965
1020.592697,200,35799.480052
252.541023,200,35844.819613
1197.12105,200,35904.52103
162.319322.539851,200,35905.1051.153995.80589,200,35958.181196.41100.855872,200,36036.63693.69880.222244,200,36067.1196.947387.563062,200,36121.6890.2991141.219954,200,36168.1196.987357.830545,102,36198.1568.3191196.66974,200,36254.8739.6451196.890992,200,36281091.145041196.581556,200,3635277.119219975.274191,200,36381061.028991166.05495,200,364401151.236774,200,36485.753144
338.14121061.203417,200,36516428.90277408.38304,200,36572.1116.417468.899675,200,36625.1196.874940.481463,200,36679.1186.785433.844193,200,36734.4185.2591196.704802,200,367601106.3691101.333971,200,36837.1101.181388.028085,200,36868.6388.1251196.315854,200,36919.893062
1196.721024,200,36967.621318
510.0279,200,37027.853601
648.12455,149,37055.287679
1181.104892,200,37126.431384
1196.302457,200,37156.257191
1196.628698,200,37211.787466
367.599733,200,37259.848459
714.852404,200,37319.506225
1066.143335,200,37374.183594
1196.526618,200,37422.203313
172.399292367.594648,200,374138.661241,1126.058926,200,3367.29993,200387.692439,2001081.046311,200893.883646,200,362.510524,2001086.45275,2001065.942637,2001091.063638,200403.810341,200,1096.065419,20792.602956,180,3995.5938,200,1116.203852,20682.376862,200,31130.961963,21070.74194,200,371090.608718,134.694049,74,37931056.083318,200,37963.71196.751061.301493,200,37995.1011.874408.130045,200,38067.51195.53709.417153,200,38127.496243
1161.526225,200,38156.467733
1040.943932,200,38227.220868
1196.307245,200,38258.86604
1196.96434,200,38316.788823
469.215475,200,38360.90268
1050.780212,200,38420.573856
346.588532,200,38477.950256
370.472013,181,38503.913903
175.079989,97,38554.9554.750119.656593,69,38555.741196.8704.591194,200,386141196.42691121.018266,200,386441165.232629,200,38717.044858
1155.6282,200,38748.420749
1136.388837,200,38803.748207
337.538135,200,38849.021183
1196.89889,200,38909.225492
654.266396,176,38936.59909
1151.042456,200,39008.438545
422.958057,200,39038.345487
1196.606523,200,39095.863618
950.627061,200,39150.231837
1197.08058,200,39204.085835
377.764847,200,39259.994936
1030.667416,200,39290.093241
764.908842,200,39366.657972
986.08965,200,39398.24863
1091.550658,200,39451.871702
423.757378,200,39499.229707
423.525631,200,39558.926042
1080.922928,200,39611.694884
303.197071,105,39628.979836
848.134609,200,39689.061054
1141.269797,200,39745.541494
1146.584056,200,39772.938647
1101.15534,200,39854.070117
1140.928779,200,39882.901083
1035.872816,200,39936.516526
140.772627,49,39953.620033
1196.635325,200,40013.559378
322.306188,200,40042.439684
1096.344073,200,40095.222546
1195.34632,200,40143.603905
337.125747,200,40200.934073
397.654366,200,40254.481135
1161.219067,200,40303.641887
1085.907937,200,40360.22906
915.176834,200,40392.021082
428.61901,200,40465.374316
955.532948,200,40495.758217
166.707685,66,40522.813945
1196.237073,200,40551.526109
945.750641,200,40623.161529
839.89998,200,40679.431357
438.975323,200,40709.722338
303.590465,120,40752.806537
142.762275,67,4078880.2387961196.715866,200,40409.18252,201196.17271,200,4895.144582,201146.348023,200,925.322225,2001176.698324,200830.383465,200,910.298549,200,41002.838341
1141.237648,200,41078.683739
427.719103,200,41137.930287
1196.356677,200,41166.871988
970.458765,200,41237.872382
1196.617291,200,41269.834058
134.744528,74,4121197.035156657.4432,153,41327.279.2341266.664247,200,41398.1196.451874.642325,200,41430.1196.4331176.671833,200,41485.1197.1661197.079233,200,41527.382.8972995.813174,200,41587.358.21030.8649,200,41615.55391071136.358371,200,41690.35351196341.915807,200,41721.3269674.1196.856946,200,41778.5331157.1196.017224,200,41833.144765
859.863942,200,41881.829726
701.72973,198,41938.317032
748.971949,200,41967.121515
59.058615,59,420101197.1156666.780953,152,42040.642.72471126.147585,200,420711190.3716387.271399,200,42126.755701
82.155961,61,42171.1101196.606.306186,176,42202.61191196825.262863,200,42233.98202119676.453378,197,42290.1663071196.987221,200,42342.8427.963829.866666,200,42374.01151.11490.102522,200,42432.291101.1312.170447,200,42474.01171.28429.692026,200,42532.96418.681005.368055,200,42563.5829.21909.978249,200,42617.84387.461125.899935,200,42694.1196.31091.012312,200,42724.64966.15954,200,42752.497604
109.641076.235146,200,42795.1197.179774.330342,183,42854.91070.841151.548002,200,42882.8532.2361091.231677,200,42936.1041.1110.995118,200,42959.262372.0995.739199,200,43018.856835.01196.417837,200,43077.77270.821196.617943,200,43118.91197.371196.756559,200,43178.71196.79935.3407,200,43207.97751075437.750414,200,43278.638091531196.904581,200,43310.1221096.408.527859,200,43366.858411961030.855254,200,43421.915911261196.661357,200,43468.1205418.1196.704462,200,43525.260428.31046.073915,200,43552.73377.95352.105091,200,43631.5377.71339.183028,83,43632.538985.8985.756552,200,43690.4781196.1085.995419,200,43762.063971.11100.909522,200,43792.41197.46940.826782,200,43849.45346.31196.417433,200,43894.95540.61196.763881,200,43952.671111.2413.311167,200,43982.087403.1531196.100716,200,44036.114110401196.337681,200,44083342.21196358.227444,200,44141945.591036.434623,200,44170.81105.94870.237664,200,44246.89950.7384.963168,200,44275.909990.61196.947927,200,44334.88155.561080.99597,200,44379.1196.585830.700738,187,44436.21101.241136.08456,200,44467.971051.1141.23841,200,44539.8666910.1197.079306,200,44597.7431161.131.475983,76,44598.61806413773.851936,200,44656.8993111402.43127,200,44701.717268
1190.974921,200,44758.00357121125.85219,200,44787.20895191101.362933,200,44864.671045
368.256796,200,44896.143417
1171.37459,200,44952.679373
418.616505,200,45028.254982
1131.308939,200,45058.355199
1195.771838,200,45115.654574
372.707066,200,45144.800091
1196.924059,200,45215.472331
408.361597,200,45247.867044
1090.765798,200,45303.966218
1126.191719,200,45348.335431
749.954968,200,45403.698756
363.319433,200,45459.017882
861.061667,200,45510.997097
1196.956295,200,45568.614331
995.553219,200,45599.87793
170.447705,54,45626.799983
387.88573,200,45674.297821
375.830292,194,45733.126884
1040.818329,200,45761.798996
448.558223,108,45806.28286
1051.10888,200,45864.935879
342.470486,200,45894.981529
122.353069,73,45924.059332
1085.908452,200,45971.320957
919.535061,200,46027.669888
332.564058,200,46086.880267
799.484517,200,46136.691645
1115.922907,200,46194.653448
281.42035,200,46223.354371
774.242417,200,46295.736516
1055.714634,200,46325.799157
381.728303,200,46384.085196
1196.429082,200,46458.010485
1055.67249,200,46487.180684
925.25343,200,46544.990069
1060.681984,200,46593.156133
224.716359,112,46618.546507
327.616673,200,46678.723415
353.136419,200,46707.50107
1166.311069,200,46784.195655
699.027121,200,46815.400999
98.156052,83,46844.83362
1046.265014,200,46899.919331
1196.524934,200,46945.321141
1066.100875,200,47005.602422
272.320678,200,47033.361479
830.382744,200,47105.496785
433.758335,200,47136.484432
1196.85765,200,47193.358153
1196.952021,200,47239.980125
1197.140262,200,47297.616352
1146.130868,200,47354.268635
717.885548,200,47404.152206
180.714895,49,47431.422431
351.895603,200,47464.296486
292.525818,200,47520.551383
1196.857011,200,47566.603736
915.767641,200,47624.707527
474.058044,129,47650.881875
1131.090564,200,47683.506831
332.436032,200,47752.12429
895.028304,200,47784.188521
1196.855993,200,47841.943941
372.282904,200,47915.621999
1000.890908,200,47944.420146
1196.618169,200,47997.203334
880.183147,200,48044.470092
1131.190701,200,48096.750972
1050.776167,200,48129.56612
106.225215,39,48158.94635
1020.785153,200,48203.054705
1196.134544,200,48260.940738
380.288912,178,48289.980145
388.114137,200,48363.682395
131.434107,34,48364.051508
1196.121549,200,48424.405162
1000.728825,200,48453.06643
1196.703486,200,48531.614718
1005.81522,200,48560.516434
975.436195,200,48619.319696
1060.877942,200,48671.771128
656.156281,158,48727.075982
90.632121,49,48727.614595
76.626623,35,48728.022215
1196.951871,200,48785.676504
1197.093139,200,48832.470867
926.095597,187,48887.579806
282.045695,200,48916.314676
860.577584,200,48993.175058
141.007611,88,49021.45711056874.890948,200,49050.995426921196.754252,200,49107.6251045.1196.817882,200,49153.21408.451061.203999,200,49208.865306
1196.752216,200,49265.478792
1196.556417,200,49315.527249
945.683,200,49372.399294
508.864558,135,49399.5721196.1140.9683,200,49445.27352119412.728672,119,49473.27008994920.586515,200,49530.5392
1121.470922,200,49558.7967581374.700604,185,49632.996681
444.23216,200,49662.993379
1196.499614,200,49720.029473
1005.999662,200,49769.018913
1131.101234,200,49826.401349
1196.726349,200,49883.274432
1151.446036,200,49934.4407931458.917415,200,49990.902602
1197.247467,200,50019.255805
1196.759474,200,50095.696807
1166.342147,200,50124.46176
1015.450029,200,50180.51183
1151.370554,200,50254.382741
357.41764,200,50284.147087
338.363218,103,50312.84302
1196.688854,200,50342.524181
840.577524,200,50416.905059
1196.500922,200,50472.695613
1126.244198,200,50501.257684
1046.192536,200,50581.064613
346.982353,149,50609.468728
1197.045562,200,50638.192195
1146.35544,200,50695.56646
1141.423732,200,50769.551021
134.765825,53,50770.224777
1197.106473,200,50826.836455
1196.993299,200,50871.462358
1196.186853,200,50927.98512
1050.971514,200,50959.478962
262.670945,200,51017.141335
930.248773,200,51062.318939
97.807465,68,51089.83253
1015.907079,200,51121.047337
1197.2921,200,51197.413201
1075.883111,200,51254.05834
90.087578,38,51254.489103
219.957782,96,51284.061917
1196.834809,200,51313.669931
407.866291,200,51387.502156
377.455662,146,51416.153209
1091.126839,200,51445.334786
1020.783376,200,51520.699261
1196.779435,200,51575.9017
311.268907,123,51603.601643
831.4709,167,51634.315357
1196.914648,200,51682.592047
1090.895519,200,51738.098647
1045.920323,200,51794.054123
1121.23544,200,51846.260937
855.079054,200,51901.265686
1196.48974,200,51930.248417
950.802789,200,52001.371942
1146.356653,200,52033.153252
612.755676,200,52088.604573
824.613058,200,52136.956933
940.248462,200,52192.802035
292.028289,200,52248.685249
935.581482,200,52296.87464
137.106973,95,52323.681893
1025.78119,200,52354.045103
131.189996,81,52382.596771
357.865131,200,52439.75988
1196.304991,200,52490.844483
1055.731707,200,52546.461974
875.838417,200,52576.320387
639.827166,200,52651.365363
1116.198576,200,52680.751857
1095.913199,200,52739.135727
594.52425,150,52785.79643
1196.725483,200,52840.660895
1126.24972,200,52869.427603
810.502044,200,52944.459251
824.660754,200,52972.709724
830.090565,200,53027.888888
1051.090193,200,53106.957266
1156.262113,200,53135.456218
388.086229,200,53191.230569
1196.769314,200,53238.787971
1000.996115,200,53294.386405
869.882502,200,53324.290352
353.200188,200,53379.610735
684.614014,200,53452.95838
1197.018594,200,53482.128623
51.183945,39,53482.552081
1197.095402,200,53539.965878
291.699652,200,53612.776699
1100.842117,200,53642.07853
768.88057,200,53698.748229
332.120485,200,53748.557755
1016.037201,200,53805.179533
398.563396,200,53834.718233
1086.211758,200,53909.310066
970.683831,200,53939.214579
198.139927,156,53994.442706
1196.835566,200,54042.649117
1196.964959,200,54097.802437
1196.423514,200,54125.323116
1075.886317,200,54203.336543
1096.016423,200,54230.732439
439.33645,200,54285.86409
1121.212845,200,54365.396782
580.688079,162,54393.03811
980.485146,200,54422.822423
1056.256007,200,54479.225509
1196.213536,200,54552.782916
1106.33294,200,54584.752256
1196.338543,200,54638.952148
995.567505,200,54685.893582
1025.883768,200,54743.482136
1196.457863,200,54769.404503
1121.298114,200,54840.015232
1197.118038,200,54871.871743
1136.247462,200,54925.830757
1196.405139,200,55001.28009
1120.872911,200,55032.772061
930.521028,200,55086.935376
1196.987971,200,55136.565669
1197.130722,200,55190.178562
1136.442296,200,55220.694157
1196.3712,200,55294.865762
1197.431343,200,55349.950894
1196.253354,200,55377.583182
1196.770111,200,55453.419814
488.108519,200,55480.866827
387.797653,200,55537.26528
734.203514,200,55567.477156
1196.742167,200,55641.749969
1185.37999,200,55673.708689
1025.463971,200,55727.476361
809.438939,200,55800.178061
1196.360365,200,55830.797475
413.70459,200,55885.459018
1116.453424,200,55935.514913
1111.040715,200,55989.974304
1171.424022,200,56021.644693
970.49276,200,56092.862752
1020.866033,200,56150.565143
422.85498,200,56180.474673
734.928122,200,56254.050519
1191.81258,200,56284.633353
890.747431,200,56341.87936
1196.368644,200,56387.64871
879.426688,200,56442.105144
1020.758257,200,56472.714574
353.371468,200,56545.333937
1196.673992,200,56600.308583
744.864575,200,56630.909607
900.576054,200,56703.543501
1096.122209,200,56733.027136
308.406442,148,56760.230695
1171.631036,200,56813.160017
970.706014,200,56894.000577
920.020822,200,56922.240741
1040.726612,200,56976.127836
1196.631489,200,57025.476873
1100.947449,200,57081.481733
1196.351918,200,57111.922865
1111.05112,200,57183.096554
1196.342402,200,57236.612756
870.390352,200,57268.705077
1196.427882,200,57342.435086
1196.366052,200,57370.236421
1045.860142,200,57428.859618
965.732671,200,57478.814816
1197.420732,200,57533.819539
120.028114,48,57534.377301
1141.11979,200,57592.235342
1000.617748,200,57638.624296
1121.153427,200,57693.464748
1196.327113,200,57752.001612
902.20313,183,57797.442754
479.188961,199,57852.142158
1196.892472,200,57883.896394
1091.080768,200,57939.069426
1197.239963,200,57988.587597
960.221152,200,58042.353891
1196.638529,200,58072.39612
985.534554,200,58150.152398
342.147898,200,58176.630458
1076.065164,200,58234.020958
1196.274577,200,58309.656228
428.651305,200,58335.68828
1196.82107,200,58393.114507
1195.860271,200,58441.062289
461.394393,127,58471.254152
141.946916,82,58496.96788
1196.763691,200,58527.612793
804.292373,200,58601.402778
1196.792029,200,58656.932331
376.474361,168,58686.440249
1056.221168,200,58736.565162
805.535454,200,58793.90318
875.430738,200,58851.595048
1196.619538,200,58896.125671
996.108137,200,58951.897908
138.835188,63,58952.593482
1197.079819,200,59011.824431
346.954382,200,59056.091818
955.299786,200,59111.494629
1091.150505,200,59141.898386
980.774068,200,59213.151603
330.72187,147,59244.344875
1196.782496,200,59300.094202
1126.248626,200,59330.611408
581.005362,141,59376.841713
1186.20474,200,59433.821946
83.144079,62,59434.514153
1196.527313,200,59491.989407
226.383146,81,59536.174459
1196.531661,200,59566.056315
1106.020449,200,59622.36498
1051.176899,200,59651.101369
377.216455,200,59724.739988
1106.181901,200,59753.249591
1196.640776,200,59807.804154
1197.081312,200,59882.971233
467.885911,200,59911.274225
1196.421106,200,59966.185883
1010.781959,200,60017.518014
1000.922285,200,60073.814607
1196.531251,200,60104.224883
669.654529,200,60174.490285
478.117837,200,60204.738857
1040.802839,200,60261.96845
1196.59721,200,60335.151771
763.667008,200,60362.818391
301.924994,200,60421.998445
1196.818171,200,60466.475003
1196.51234,200,60523.956504
900.546595,200,60553.253761
1196.359214,200,60629.264432
423.508118,200,60685.590572
879.691448,200,60715.4581
1040.69477,200,60788.855697
420.868195,200,60819.981661
97.99913,74,60846.824358
1196.743484,200,60877.003117
985.932999,200,60950.510087
1196.277357,200,61006.829196
1146.381055,200,61037.477806
67.940083,62,61064.305111
1196.722281,200,61109.323414
132.325658,61,61138.240573
1196.770837,200,61166.532117
1070.973808,200,61222.693358
1151.832833,200,61271.650192
145.56391,75,61301.955677
1197.128033,200,61328.637796
1136.297579,200,61386.54394
1020.737295,200,61457.684585
1196.883805,200,61488.130822
1025.716931,200,61545.17674
1197.020266,200,61589.775052
1151.26483,200,61646.349187
1197.233968,200,61677.158585
1166.624712,200,61750.52009
164.04742,79,61777.909404
296.992389,200,61806.84411
1196.504456,200,61866.546629
1197.08896,200,61915.796266
1036.005118,200,61972.194277
1151.209915,200,62003.48084
121.836112,56,62046.076391
770.224519,200,62075.734913
1130.87388,200,62132.690745
850.314571,200,62161.938031
109.195152,58,62205.959589
1196.322035,200,62260.846756
1191.456747,200,62290.666512
1151.42757,200,62363.063787
1081.113412,200,62393.151211
995.687682,200,62449.008279
1010.854828,200,62479.920817
915.369617,200,62557.315728
1197.220121,200,62584.757162
1096.054338,200,62643.139951
860.039359,200,62714.839118
920.635281,200,62744.253951
1196.457032,200,62803.415598
416.048501,131,62848.872721
860.05364,200,62874.001892
458.493788,200,62932.946469
1197.496571,200,62979.464789
1197.136878,200,63034.073081
1046.328349,200,63093.625813
1196.641904,200,63141.994893
1161.946806,200,63197.527373
1101.003448,200,63228.08216
1196.526157,200,63303.479064
261.133706,139,63332.279333
1196.963557,200,63360.164625
955.232471,200,63419.804307
1197.11574,200,63494.196405
397.723022,200,63522.129023
935.656677,200,63580.730645
1096.122044,200,63627.205526
1121.340942,200,63681.962274
1111.323384,200,63712.268171
1196.911158,200,63790.068525
434.199879,200,63821.00156
274.588103,115,63847.446745
714.497636,200,63907.063632
1086.016043,200,63977.991084
362.268833,197,64008.186063
418.610312,200,64065.167654
1106.18151,200,64110.090765
133.977398,75,64137.300201
1196.962448,200,64167.695501
1096.058983,200,64226.364952
839.435233,200,64272.028402
1056.093298,200,64326.357743
1171.923154,200,64385.359215
1116.366081,200,64434.200085
1196.284246,200,64491.150908
1111.086867,200,64522.445407
1196.070786,200,64595.906193
1141.291085,200,64624.015119
1197.101773,200,64682.864524
970.78617,200,64754.434342
1196.846835,200,64782.777498
1091.137914,200,64841.90344
824.649731,200,64887.901114
1116.141792,200,64940.320645
1116.126494,200,64971.143976
1197.432796,200,65050.399867
1196.776621,200,65078.44982
514.280487,151,65136.314965
1080.523815,200,65166.777188
1196.758831,200,65237.108496
1196.93841,200,65265.11458
985.957334,200,65325.588312
900.430196,200,65370.895373
292.360647,200,65426.09422
875.290857,200,65485.615403
273.619023,164,65529.619717
1096.106222,200,65559.076461
1196.509552,200,65616.715058
1046.145701,200,65695.258159
995.971338,200,65723.157781
1046.075093,200,65783.833715
187.810649,83,65784.801053
136.477036,77,65832.725907
995.799429,200,65859.542372
1195.944701,200,65917.525262
133.799324,52,65918.12246
1166.258299,200,65994.445556
1196.909689,200,66049.226418
1010.693326,200,66079.158233
1196.736262,200,66154.610505
1056.007944,200,66182.230049
1191.115164,200,66239.375907
1055.987055,200,66269.528731
1196.534907,200,66344.259986
1030.89159,200,66401.673956
1196.823552,200,66432.875391
1196.797235,200,66504.716264
1065.103413,200,66533.685659
910.479668,200,66593.588841
1196.293146,200,66639.766309
1121.131951,200,66692.559852
1086.132024,200,66722.575692
1195.489361,200,66794.930615
1131.558546,200,66849.124407
1071.139078,200,66880.83222
607.097178,200,66956.934772
1126.356738,200,66981.885222
1086.076045,200,67043.232802
1196.872657,200,67090.555875
1095.91114,200,67141.851926
1091.099664,200,67201.483795
678.107035,200,67250.912009
1196.645986,200,67300.482602
1196.429764,200,67331.687527
895.16687,200,67408.71472
1196.482719,200,67432.650077
1051.273481,200,67489.466954
1191.487003,200,67521.044604
1040.747125,200,67596.866933
995.815372,200,67653.887443
172.254691,95,67655.097759
1196.569664,200,67729.547671
784.848921,200,67757.116058
654.95541,200,67812.865277
1196.522481,200,67886.462898
1051.885076,200,67914.470443
670.094911,200,67969.788379
1196.648873,200,68017.992902
150.58374,59,68043.998083
1141.439428,200,68073.878371
885.46842,200,68130.392345
1040.980482,200,68184.567235
1196.139897,200,68237.104473
1197.03296,200,68293.952876
127.008004,45,68294.56847
1171.702614,200,68343.639834
930.712296,200,68394.716824
1196.871736,200,68454.557282
925.76821,200,68503.264102
1121.220652,200,68553.49039
770.091295,200,68585.637467
1196.285207,200,68662.077365
1050.918711,200,68690.423001
1030.639924,200,68744.878405
123.396807,89,68775.816057
1141.344023,200,68828.561074
1146.234316,200,68882.13244
865.46081,200,68913.496392
1196.829937,200,68989.42157
1165.913832,200,69017.424158
1196.807014,200,69072.142518
618.608973,200,69147.044609
930.419156,200,69176.27893
990.751628,200,69231.369203
1166.420629,200,69263.366175
910.671081,200,69337.023607
1126.356051,200,69362.394296
1196.591387,200,69422.760703
940.728864,200,69497.599581
1196.626415,200,69526.021762
405.212608,185,69584.620419
1151.250495,200,69631.303713
1116.238199,200,69686.208439
1196.583059,200,69717.448254
884.264554,200,69790.963159
920.331729,200,69816.102969
1196.376083,200,69876.744946
1186.44601,200,69925.964114
1196.808725,200,69975.753821
779.451488,200,70034.700978
681.543592,183,70090.03711
310.973368,137,70114.826034
1181.043051,200,70169.332426
965.273123,200,70200.619896
1050.75694,200,70275.296149
1196.810747,200,70300.470952
1141.034655,200,70359.806628
930.170512,200,70407.578436
1146.381563,200,70459.057074
1196.566902,200,70517.710263
1101.098139,200,70563.814281
1197.029036,200,70618.411652
1060.949091,200,70648.518739
1025.877421,200,70728.365185
1045.692649,200,70758.035436
1106.043766,200,70812.389432
1195.996042,200,70886.124771
1040.536974,200,70915.514743
779.570685,200,70969.542301
1196.740077,200,71018.489856
1196.646919,200,71072.835323
1196.203389,200,71099.363171
158.687848,69,71128.709681
1196.459849,200,71177.672815
1065.824674,200,71228.878176
1196.179511,200,71285.82588
1197.070621,200,71340.356754
1070.944403,200,71390.689159
1196.47321,200,71421.179569
1196.595399,200,71498.270431
1196.478903,200,71529.324127
854.359651,200,71579.658182
1171.173896,200,71611.070287
970.758208,200,71686.829904
734.863028,200,71738.90451
1171.52901,200,71769.987762
1035.629618,200,71846.237988
487.486813,107,71872.077668
869.780558,200,71900.696325
1197.156302,200,71982.15094
1020.609479,200,72012.685805
1196.590554,200,72065.064801
1196.846084,200,72114.502277
610.543752,146,72168.293652
96.109504,83,72169.287797
267.120365,87,72197.62255
327.43306,200,72226.919819
1065.804212,200,72303.819895
1096.075608,200,72357.291127
1196.757941,200,72386.119334
389.653065,179,72462.172034
418.37224,200,72488.415642
413.667875,200,72545.200455
1197.044685,200,72598.531899
1091.28042,200,72650.854026
1196.727396,200,72679.841447
1161.224482,200,72757.111578
915.434532,200,72786.817773
764.970539,200,72836.835974
1197.216718,200,72897.492284
1196.659645,200,72944.09078
369.8044,144,72971.405906
1010.588074,200,73027.578041
1196.738432,200,73076.716128
1135.823825,200,73130.938286
1076.183937,200,73189.163719
1196.476052,200,73240.068508
1196.597998,200,73294.64375
1196.828264,200,73322.818979
1196.499936,200,73400.192824
1196.539107,200,73430.860687
1106.031056,200,73483.813461
935.518093,200,73532.826952
222.038735,50,73561.127645
448.636005,200,73588.581966
725.02748,200,73645.497856
1060.974798,200,73720.347382
1186.350278,200,73748.101129
541.749296,148,73776.103803
358.785701,200,73833.974789
920.476401,200,73886.112571
1116.242537,200,73937.893616
970.850646,200,73968.763343
1197.047086,200,74045.058524
452.374838,118,74070.551489
175.042377,81,74096.286018
1191.759318,200,74126.656292
1131.066974,200,74204.617877
1166.515608,200,74231.62953
1091.012679,200,74285.384058
1191.61551,200,74334.343421
1197.1841,200,74389.33395
1196.597395,200,74444.294134
457.809228,97,74445.487674
1196.499078,200,74526.027161
1196.29675,200,74556.035755
1197.097425,200,74610.990935
1197.104632,200,74686.007607
1166.558975,200,74715.265763
1140.986154,200,74769.330508
1066.324814,200,74817.148733
1196.820357,200,74871.927026
1196.836856,200,74899.235857
1161.509061,200,74977.06154
327.402438,102,75002.54792
1051.193626,200,75031.452735
1196.614051,200,75089.082065
1196.201916,200,75142.256046
1196.818207,200,75191.746259
1090.861697,200,75251.428384
855.499709,200,75299.544083
970.524194,200,75350.656672
870.557289,200,75380.764566
1135.878382,200,75461.187319
955.477088,200,75486.764153
1196.558877,200,75542.221631
1070.811398,200,75591.52338
1196.734323,200,75646.942396
1196.319047,200,75703.272426
1196.352626,200,75755.353446
209.655745,79,75782.500797
930.384751,200,75811.52054
829.426872,200,75865.411536
1136.160988,200,75914.461662
1036.150521,200,75969.891523
1196.728821,200,76024.785739
249.051025,73,76025.675117
1196.549542,200,76100.044767
1161.202869,200,76128.61435
207.744833,56,76155.480705
603.999239,200,76202.418663
585.193247,200,76256.902707
1197.053675,200,76287.953141
1196.922795,200,76342.733376
509.553561,200,76419.417036
704.205405,200,76448.14117
980.911409,200,76505.127537
366.274574,145,76554.57006
1197.060277,200,76582.94899
1196.849389,200,76637.671126
1197.232337,200,76687.19936
263.576675,200,76742.231209
1196.763834,200,76795.904219
985.163465,200,76845.720748
198.022832,109,76875.321098
1196.421556,200,76926.21928
1196.621964,200,76955.366371
930.775626,200,77034.562631
1040.824814,200,77063.321675
1141.472005,200,77117.698884
656.98018,200,77169.110423
1196.902373,200,77223.284615
372.421083,200,77278.794396
1186.027782,200,77327.850012
1131.001132,200,77383.603982
1076.131452,200,77411.365573
559.337249,200,77488.020073
970.992771,200,77513.332167
1197.238294,200,77569.958473
1196.618645,200,77621.04513
809.186402,200,77675.328229
985.586266,200,77733.100119
1197.089985,200,77778.787361
1061.081875,200,77835.568736
915.087281,200,77863.697605
1196.600827,200,77921.986923
484.409718,200,77970.998363
1196.779871,200,78024.110394
1197.049546,200,78082.420045
1196.832692,200,78130.808657
195.053517,91,78157.810996
1197.039454,200,78183.883302
1161.367026,200,78263.486665
840.502684,200,78293.650525
1186.3439,200,78347.164126
1196.723644,200,78423.36522
950.520789,200,78453.648193
1161.613495,200,78507.708922
1046.214616,200,78536.514411
1105.927884,200,78612.962407
1121.180996,200,78640.18335
614.460464,145,78695.153855
1126.045941,200,78742.424918
1126.378678,200,78798.282334
1166.563472,200,78825.613098
1197.077914,200,78905.034505
1060.859668,200,78933.594336
1196.653593,200,78989.361926
373.292627,181,79036.018395
170.710107,86,79065.862868
721.620019,200,79120.596444
885.358909,200,79151.489814
1196.46247,200,79226.090533
799.158099,200,79255.64158
624.218,200,79309.321445
870.897425,192,79358.882953
1197.430913,200,79415.733496
1197.188425,200,79442.42695
221.887902,55,79468.72095
1135.653543,200,79519.852787
1195.808479,200,79578.392401
414.242039,125,79603.016439
579.459775,200,79659.055708
1161.508436,200,79708.352888
393.543673,200,79761.242928
1011.244203,200,79789.160925
819.757603,200,79864.750818
303.224657,88,79865.796467
1121.238848,200,79920.143703
147.718678,51,79920.787824
1197.053163,200,79995.97467
1111.284527,200,80052.888577
1196.419188,200,80080.988446
253.431527,200,80159.246119
594.44436,171,80189.272068
1196.640836,200,80243.165146
1197.249583,200,80288.141315
1197.053621,200,80348.782744
1075.973674,200,80374.933986
820.127584,200,80431.865337
394.209096,88,80476.221214
201.309664,191,80507.089592
1091.175317,200,80559.123745
1146.495686,200,80603.556196
1196.86972,200,80663.49376
845.441789,200,80690.081195
1156.527599,200,80768.224534
1191.479134,200,80798.416822
1196.905963,200,80852.975977
1116.179173,200,80909.07449
1066.193586,200,80955.254555
120.063821,43,80955.779837
104.307844,58,80985.877718
1196.358904,200,81013.611922
623.528411,200,81086.201193
649.228299,200,81144.381396
969.92318,196,81172.595446
1197.216564,200,81246.865299
1146.397352,200,81278.78726
205.840117,80,81307.283632
1156.635827,200,81335.046162
1196.555252,200,81411.844328
893.94701,169,81443.78566
463.478073,119,81472.456411
1196.693867,200,81525.740634
1065.953383,200,81573.822943
1131.39624,200,81632.720448
635.684627,147,81658.808113
860.229699,200,81731.874689
1196.734929,200,81761.279217
832.830333,200,81815.438095
1196.938687,200,81860.435382
105.139908,43,81891.13903
1040.720022,200,81921.602617
1146.510833,200,81975.32381
1197.007862,200,82025.625083
839.37696,200,82085.402984
1197.070333,200,82113.689546
1196.752709,200,82187.90701
1095.956267,200,82246.330432
980.64018,200,82276.785176
1010.989936,200,82350.170925
850.325043,200,82382.718794
1196.692451,200,82438.506786
,82023.683078
853.654939,169,82054.827729
1095.673476,200,82111.466974
1196.846107,200,82137.661025
196.157599,128,82187.137554
1197.08465,200,82245.632216
1146.364598,200,82300.854051
1196.643472,200,82349.390648
965.624548,200,82412.178168
1070.742159,200,82437.669967
53
1196.920091,200,82351.24472
965.463469,200,82414.04825
945.542832,200,82439.544339
0,82247.820965
1196.822998,200,82278.268687
1196.866488,200,82351.660409
1045.703709,200,82384.210479
1066.099573,200,82439.985229
.337816,200,82438.0946
2986
102.176521,46,82437.404354
5
,65,82303.888739
1197.254577,200,82382.621714
930.397923,200,82415.235717
82277.3895.701499,192,82303.896739
1156.57821,200,82382.636187
1197.087129,200,82415.264745
6
800.247939,200,82439.784161
415.447037
65279,200,82383.334826
157.598913,88,81175.801589,21196.138256,200,82440.162536930.246359,200,82439.207297
.908386
1196.711318,200,82349.306338
1141.374112,200,82381.869125
1101.193097,200,82437.616526
184.277653,47,82438.13617
