#{"t_start": 1665868519.231961, "env_id": "CustomMyoChallengeBaodingP1-v1"}
r,l,t
1030.691059,200,15.571839789183.028989,200,37.241310323.500518,200,49.646581118187.774859,200,85.955596187190.363028,200,102.8311711065.870781,200,132.1351031611075.66258,200,162.82818992183.055904,200,190.75171011378.924476,200,220.35892611187.689187,200,249.8797511860.422901,200,277.099995.11035.573111,200,293.391050189.952575,200,309.04198770190190.125893,200,310.521129251066.079054,200,348.5110980.1010.558519,200,364.9102510184.78416,200,395.064603.2185.252148,200,423.211121.0185.515349,200,451.10184.6189.581245,200,466.537197.4945.417806,200,509.07566
1010.639156,200,537.789824
880.45106,200,552.896697
66.585486,73,567.4945.3331101.149925,200,595.995.5987318.263479,200,6231075.9356955.66506,200,640.185.57781131.057053,200,651561.99638184184184.865221,2970.9285187.720435,200,68076.829991065.810552,200,7647.08404,935.352016,200,725.842507
990.224602,200,767.657319
789.602229,200,782.787523
644.709139,200,813.007657
1095.745646,200,840.335442
900.685297,200,868.743678
403.474483,200,899.570873
815.375088,200,925.488963
950.628473,200,955.498525
905.327644,200,971.425395
1005.87643,200,988.1239041185.077271,200,989.699192
1055.532836,200,1028.08045593764.987227,200,1044.917166
634.026342,200,1074.354186
1090.713071,200,1101.544408
625.022972,200,1131.226601
920.295594,200,1146.909024885.525931,95,1175.379975
935.761781,200,1202.104106
664.548795,200,1217.94153
740.160391,200,1260.960157
176.119892,122,1273.256391
1050.808114,200,1289.124018
1070.70568,200,1318.860389
1096.143232,200,1335.855655
546.763715,200,11076.06274,2710.1060.987166,200,1362.470694.758416,200,11105.670743,719.225487,200,141040.595098865.671714,200,1448.704605
895.5151070.85939,200,1465.31050.399132,200,1495.066002
965.79905.659839,200,1532.90581.941060.926521,200,1549.51121.0930.687071,200,1579.2601080.980.639685,200,1606.51111045940.579591,200,1636.302758751090.692201,200,1651.8712910.720917,200,1668.6236836556.76797,200,1669.967903
1126.189.731503,200,1708.2242925.610928,200,1724.72681090990.430914,200,1753.73234113730.43438,200,1781.848977
659.215478,200,1811.410205
418.1900.70084,200,1827.813810151070.717757,200,1868.6011000.709.716452,200,1884.3451785.1046.038923,200,1914.223915.61103,200,1941.407901
915.378404,200,1970.427273
790.038473,200,1986.889447
1106.218663,200,2017.406724
190.091953,200,2018.752784
990182.621244,200,2044.9244975.920.623159,200,2074.95111096.252009,200,2090.784381
1101.06938,200,2130.638968
153.449113,83,2145.623637
1065.792026,200,2161.36358
7441071.041851,200,2201.2177629.1040.668726,200,2216.8631055.729.971348,200,2246.6718523.970.864661,200,2262.57941080965.364464,200,2301.6314480.945.452658,200,2317.763858
80.803766,59,2332.3940990.1051.071304,200,2349.1499107184.903083,200,2350.5850771130.884848,200,2390.529359
1075.898269,200,2407.1192790.1110.906334,200,2436.3101086.649.336616,200,2462.975043
1080.918313,200,2492.5551135.935.329673,200,2521.429404
870.591954,200,2549.051111.1769.965315,200,2578.29489
754.902363,200,2594.5751040.1015.919646,200,2635.0041075.1085.781431,200,2650.681388
454.558675,200,2680.393999
910.557081,200,2696.3191085552.087568,200,2697.729125621101.272514,200,2723.89331030990.938627,200,2753.017688
980.782949,200,2769.495586
1116.045349,200,2808.811246
1121.138453,200,2838.531719
1131.083164,200,2854.54112
1106.207601,200,2894.636994
1096.007895,200,2911.054363
820.296249,200,2941.13815
960.82201,200,2967.033769
1010.736921,200,2995.873344
890.410856,200,3012.05143
925.844084,200,3027.662424
184.950407,200,3029.015824
187.155122,200,3069.215462
845.055297,200,3085.384037
820.31654,200,3114.301075
123.541186,131,3140.606973
855.712412,200,3169.818228
970.902221,200,3186.151762
1075.859782,200,3226.003231
1061.15734,200,3242.392243
1101.03171,200,3271.719782
1065.873425,200,3299.61112
980.455769,200,3329.014229
126.803066,81,3344.466948
1050.972258,200,3360.136501
1136.208678,200,3376.732052
189.909764,200,3378.098673
1030.84715,200,3403.564065
925.70826,200,3432.641339
1105.948428,200,3449.093585
113.213755,114,3475.044922
175.071471,194,3504.485799
226.09697,200,3520.044179
1035.933541,200,3560.8618
1000.58352,200,3590.798512
840.731578,200,3606.359819
975.811084,200,3645.570436
965.322563,200,3661.043337
990.675145,200,3690.462077
1070.929928,200,3708.019281
185.317105,200,3709.478283
995.703414,200,3748.879466
925.596424,200,3765.178706
187.719587,200,3795.068136
1075.909944,200,3834.537988
905.654212,200,3851.285587
795.116156,200,3880.548956
1075.875218,200,3907.33289
1105.914685,200,3937.049802
885.677227,200,3952.934158
990.904094,200,3993.593615
1110.958629,200,4022.610824
1111.003134,200,4038.920509
1081.085566,200,4055.520725
185.376952,200,4057.013599
1140.938455,200,4082.015094
1110.968085,200,4111.393766
1091.206777,200,4140.537557
960.708609,200,4164.679635
855.124565,200,4193.941413
1106.168965,200,4210.880984
85.479931,85,4239.393276
474.259224,200,4250.434748
1056.09102,200,4280.654866
859.825738,200,4322.771829
81.341825,70,4669.58253,201101.096548,200,4346.377534
709.806431,200,4362.543865
78.610716,83,1101.233646,2121.044568,106,41126.097325,562.272014,200,431081.017015990.871907,200,4401106.25169,200,4415.61146.251095.913816,200,4442.066636
1080.951894,200,4458.661155
905.008846,200,4494.205972
1095.854941,200,451546.9334031101.020923,200,451011.075118965.907578,200,4561046.1070720.118115,200,4592.185578
710.118266,200,4608.8870.588960.976706,200,4653.824207
609.525012,200,4675.432499
1126.044245,200,4691.017065
1090.908765,200,4707.826454
1121.041563,200,4709.300386
920.561146.051536,200,4742.0830.6181131.030925,985.81225990.604442,200,4789.643321
880.319182,200,4823.605356
940.940121121.028781135.9372980.656235,200,4859.034672
1061.293158,200,4905.621078
1061.2146995.863622,200,4921.644.8200995.929106,200,4944.1011.160990.90058,200,4991.31126.35995.889148,200,5006.351131.39669,200,5027.25011
1111.0011015.773271026.189641995.7874567.277754,200,5032.1131.289506,200,5076.907775
612.0791136.2982,200,5101.22715.301056.152577970.485369,1111.351131.323771106.177775,930.547990.833099955.972894,1111.281081.17612971.057602,2835.111910.110524,200,5231.9880.773145,200,52900.08555,21101.100467,200,680.633113,151086.063512,2001090.708212,201130.925126,2001090.95467,2001101.156185,201060.956556,201025.809147,2001080.82873,200795.137375,200,5370.637185
900.363419,200,5415.649951
1075.665108,200,5427.763223
93.666816,83,1056.243651,2996.198838,200,51121.158591106.016147,200,550895.465575950.898199,200,5511106.300651015.999401,200,5551100.918991131.104484,200,551086.10722,200,5587.67527
1101.136172,200,5608.186225
1051.018005,200,5655.110166
1000.880382,200,5671.530809
1006.018599,200,5693.51543
975.748403,200,5710.189867
614.874095,200,5711.654602
1141.030834,200,5743.064912
920.425488,200,5769.234553
71.195422,75,5769.72852
915.279302,200,5813.237307
1045.847726,200,5828.971666
940.878281,200,5856.347997
1121.022299,200,5882.781579
940.696291,200,5912.703165
985.837372,200,5935.154928
965.594356,200,5948.879265
1145.923695,200,5996.626382
1091.143509,200,6012.499881
990.989069,200,6035.228917
1121.107099,2001116.202303,20166.643837567.371172,200,6031046.31231150.9709,200,6083.2699.9551136.37171116.2005511121.20261016.007001,200,61201030.88691121.2811106.283574,1136.16491005.5921031.050094,73.976051041.3522805.42034795.141893,855.2310915.383681051.14141955.61404960.939625562.66197960.551883,200,62791091.12941131.082011090.99698,200,6322955.47275,200,6339.733392
985.350866,1121.31418,200,631106.0951041010.745926,200,63572.339648,1121.169398,200,61020.980654,200,6410.115655
1111.391701,200,6439.959521
975.469866,200,6451.42687
73.0951061.22359,200,6480.755.080929.987271,200,6510.41141.21146.244954,200,6525.91141.271131.324062,200,6565.31000.831116.121334,200,6580.1880.275292,200,66071005.83951066.147296,200,66191131.02291066.326924,200,66661016.0548980.628889,200,6681985.729831136.149048,200,6701150.968181111116.055641,200,6704.05971191955.959105,200,6705.5539688890.143827,200,6750.757015101000.964836,200,6767.335834874.885155,200,6788.707746
860.313112,200,6822.172504
1081000.585156,200,6850.020159401096.236992,200,6864.7037955965.315294,200,6903.87251995.7782281085.932818,200,691125.986664,200,6949.767633
11010.9271115.799155,200,69105905.55161111.200001,200,79901141.3490985.744582,200,7034.975.699265,200,7043.611086.1126.01101.144972,200,70135.3860.58,200,7046.3688281739.845408,200,7077.600231
197.969836,200,7107.555422
1100.878723,200,7121.460901
920.467168,200,7163.34213
1121.253691,200,7179.296283
1116.10075,200,7207.27957
925.399098,200,7249.253158
1025.91652,200,7264.984237
391.896483,127,7280.945331
139.970.961912,200,7294.772314.4600.108169,200,7337.6951045.1005.910878,200,7353.107043
945.849493,200,7377.030617
1121.095958,200,7378.643735
192.082064,200,7379.988545
805.261138,200,7424.411498
1126.236137,200,7441.114265
77.412842,82,7454.11502
1130.838106,200,7495.64499
157.595527,92,7496.440281141125.825534,200,7526.173428601136.25818,200,7540.291569451101.289799,200,7580.7347113920.669152,200,7596.857758111136.196301,200,7624.221927101106.117175,200,7666.458229870.569059,200,7682.46758495870.27555,200,7709.387714101041.975.747369,200,7721.00189.388031,200,7724.453555
478.233193,200,7755.402828
920.611121.350504,200,7782.81111.23609,200,7798.86333
1116.1440920.460874,200,7839.910.597572,200,7869.971143
975.8214950.459545,200,788965.666057830.18315,200,7924118.00530825.232851,200,794975.775155875.45718,200,7967905.409661126.078166,200,7997.637452
76.974765,77,801131.142911141.219164,200,803940.606772895.44892,200,80521101.081123,200,8056.022717
190.394109,200,8057.375427
1055.4921096.111459,200,8100.1101.2341116.181828,200,8115.980.796453,200,8142.964921
686.95139920.45296,200,8172112.21127447.889245,102,8181136.272771141.11822,200,8214855.36186945.587222,200,82441111.2754750.561609,200,8274.995.78371116.341981,200,82991141.4109920.606464,200,8329.1116.5641111.03642,200,8358.920.786235,200,8374.317081
1131.309085,200,8389.255401
1111.208,200,8402.813799
572.399717572.399717,200,8401116.201099,200,8435.295091
1096.090436,200,8461.911788
1096.166774,200,8477.402665
1076.197583,200,8520.851544
1056.2982,200,8548.072685
1081.203794,200,8563.064889
985.6314735.379584,200,86041045.89548,200,8623.230953
850.293772,200,8648.697711
910.47061,200,8679.337153
1126.003855,21081.212919,200,1106.2894,200,8734.486497
1071.249981,201116.351561,200195.879918,2001030.993778,20970.430991,200,960.777106,20163.445975,104,1016.022596,2870.892006,200,81091.137723,1071.158081,200,81106.429535,1146.202872,200,81111.263101,150.11311,100,8871101.41035990.578487,200,890980.5955121016.155298,200,891121.2763141146.272635,200,891141.4392991141.207577,200,89950.887373,970.834464,200,901025.9141581131.213178,200,901131.2344071131.380217,200,901116.458252,200,9077.86608
567.337775,200,9079.212836
1106.081936,1136.252549,200,91146.407955,1061.113436,200,9945.703435,200,9160.974494
1040.926773,200,9193.346345
935.872774,200,9219.033664
1021.306496,200,9235.017933
534.627142,1020.968722,200,91146.454989,200,9292.611074
1071.255665,1156.161546,200,91056.210713,200,9349.914068
86.678638,761041.098444,201146.248789,200690.47591,182,9394.28397
1116.290326,200,9410.937397
251.271062,200,9412.404791
1081.111987,200,9451.767611
793.863105,180,9467.34618
1090.988437,200,9495.011234
670.082026,140,9526.462255
1051.098588,200,9551.52283
1126.002691,200,9567.707689
662.217136,137,9596.071423
338.602888,1141.131817,200,91156.197247,1030.807309,200,91016.119834,1066.069239,200,91041.054164,200,9697.789732
1131.325724,200,9710.803386
1116.161212,200,9740.640006
975.49337,200,9755.731359
321.288393,200,9757.216268
627.273655,132,9786.177079
1146.5908,200,9799.604942
711.788061,157,9828.007274
1015.796938,200,9857.331884
1121.001313,200,9884.289326
905.621939,200,9898.773489
1151.297893,200,9942.458883
1126.318484,200,9968.867409
1081.269632,200,9984.918044
143.416977,88,9999.990226
1016.050312,200,10029.834436
1010.764689,200,10056.262222
1101.297913,200,10072.244281
715.110443,200,10088.252858
386.5237,200,10089.733741
1045.889578,200,10130.840459
1071.124925,200,10158.875265
1031.036633,200,10174.646488
1046.04692,200,10214.446359
1110.912392,200,10230.55727
1111.394107,200,10258.820039
1126.346844,200,10287.481135
1081.211329,200,10315.664804
970.65122,200,10331.363097
1151.15323,200,10372.934461
339.590423,115,10387.139253
910.549169,200,10416.82883
1081.151314,200,10432.352798
377.842495,200,10433.68818
990.812439,200,10472.98356
1016.128044,200,10489.698023
950.711316,200,10517.676308
1136.16797,200,10546.512928
1136.247242,200,10575.410604
1136.073252,200,10591.345919
767.741034,158,10631.119781
1126.209819,200,10645.871557
925.680002,200,10675.642757
1116.187598,200,10704.899003
90.949569,75,10717.496867
1015.572139,200,10733.048859
127.7631,87,10748.139848
1031.040117,200,10764.973261
202.083716,97,10765.739774
730.140914,200,10793.962442
1116.137932,200,10820.835263
1010.898238,200,10836.121189
1051.042224,200,10876.340775
1141.243396,200,10906.202012
1121.257197,200,10922.494834
1015.831074,200,10961.956037
1076.195573,200,10977.870498
1141.060462,200,11007.202049
1136.06013,200,11035.789521
607.5473,200,11063.402535
1141.237778,200,11079.301138
1040.842758,200,11108.704811
1141.210667,200,11110.065494
587.473424,200,11111.401497
755.153518,200,11151.009296
1045.902086,200,11167.099647
1056.068423,200,11195.986611
1025.845954,200,11222.751206
1045.862078,200,11252.469189
795.238334,200,11268.592725
669.938539,200,11307.877199
1146.322036,200,11337.638847
1131.287625,200,11354.176695
730.082885,200,11394.095219
1091.447401,200,11409.706518
1015.700119,200,11439.337739
1066.248477,200,11455.688955
306.034595,200,11457.037064
1156.510161,200,11483.009009
85.878582,82,11498.11747
1151.420956,200,11512.83697
1050.879544,200,11554.385677
1116.228528,200,11567.735133
818.75475,180,11598.541136
1076.192323,200,11628.358304
96.299516,87,11638.6789
971.030658,200,11668.362731
1005.851579,200,11684.274081
612.783785,200,11724.934839
744.831518,200,11740.510048
1050.816078,200,11770.187536
1096.320496,200,11787.342841
205.442926,200,11788.735889
1116.093278,200,11827.028922
1081.110208,200,11844.006974
1046.069701,200,11873.323098
1045.802767,200,11900.839517
845.349825,200,11929.711618
1161.589982,200,11946.142282
1146.288638,200,11986.81913
1040.831807,200,12016.397933
1146.202575,200,12032.444837
1111.397213,200,12073.055577
1015.805699,200,12089.44028
1136.337916,200,12118.793792
1106.222036,200,12134.897666
205.09048,200,12136.252414
1065.960195,200,12161.814879
1126.221619,200,12190.843018
1061.076732,200,12208.246883
996.034817,200,12247.364923
1105.844796,200,12264.454634
1051.1669,200,12293.243027
1101.025583,200,12331.562696
1070.770856,200,12347.950513
1056.083181,200,12377.316242
1046.030792,200,12403.650316
1131.238343,200,12432.901693
1146.142078,200,12449.692837
1025.769112,200,12466.48619
1135.931963,200,12467.833572
574.757681,200,12505.373341
1136.229157,200,12522.373434
965.234729,200,12551.65471
1081.217476,200,12578.957699
1085.713745,200,12608.062891
1106.166175,200,12637.097598
1131.380936,200,12664.227758
1106.094184,200,12694.210811
1151.46759,200,12710.429789
1131.46269,200,12751.227157
1091.14722,200,12767.277235
1156.408703,200,12797.034049
1091.165672,200,12813.664164
1116.048708,200,12815.015106
608.940566,139,12840.108001
1141.461112,200,12856.923347
1071.116395,200,12886.451356
1086.156131,200,12914.086355
1086.105544,200,12942.393991
139.299317,90,12955.916035
1126.514676,200,12972.665819
610.211025.968925,200,13010.1070.991131.29881,200,13026.961086.41156.520282,200,13056.471151.5940.52452,200,13083.608010911071.141499,200,13112.948310911031.219778,200,13129.66041101010.776379,200,13146.2305638.628.344835,200,13147.708510451126.164609,200,13185.751011011121.179303,200,13203.13021086.280631,200,13231.695183
1156.361452,200,13259.416044
1121.24312,200,13288.046345
1071.138847,200,13317.220592
925.1121.353031,200,13344.3931070.922959,200,13373.57409
1106.41136.466421,200,13389.971030.81136.381511,200,13430.371151.61126.411535,200,13446.611151.42284,200,13475.095278
1065.780065,200,13491.618177
930.63915.503261,200,13493.11116.348699,200,13518.352116
1085.898919,200,13547.713661
1080.795386,200,13564.591913
1066.244598,200,13604.58148
277.321106.377171,200,13634.1141.50990.727802,200,13650.15955.841151.552032,200,13690.1116.3401090.71932,200,13706.1091.151081.122472,200,13736.41136.631110.939875,200,13762.81075.91156.457533,200,13791.061030.71146.125176,200,13806.381081.41136.408464,200,13822.47637.67637.67995,200,13823.95810.222773,200,13861.85965
970.6445920.459189,200,13878.1091.2711066.279061,200,13907.995.741121.438301,200,13946.81126.161156.367358,200,13961085.987769,200,13992.320179
637.048051136.490194,200,14011065.925871030.801711,200,14041171.582461071.065145,200,1401146.4546811146.348158,200,141931.0027781141.39537,200,14111071.191973,200,14148.919954
1076.296524,200,14166.206289
960.65088,200,14167.68172
1101.151152,200,14191.79112
1066.022207,200,14219.762478
1071.178734,200,14236.546948
1106.143759,200,14275.695514
795.311041,200,14305.015988
1131.343357,200,14320.937167
1141.293889,200,14359.385525
1065.626128,200,14376.121982
1096.196057,200,14405.565341
965.764368,200,14436.24882
649.591034,200,14460.977132
1161.448736,200,14490.905742
1131.454061,200,14493.291824
1081.024397,200,14494.764298
970.500753,200,14532.424546
1156.493036,200,14549.371246
1010.846878,200,14578.359316
995.688669,200,14617.467091
1020.797111,200,14634.123163
1166.554301,200,14663.590199
1151.221764,200,14690.268994
940.388004,200,14720.039162
1096.175733,200,14736.564509
1066.379363,200,14775.66073
1161.544949,200,14805.206702
1096.465421,200,14821.799949
1096.25051,200,14838.485057
679.716888,200,14839.981121
1066.231466,200,14863.897032
1136.41131,200,14893.43955
1151.360928,200,14922.79183
1086.033563,200,14950.316813
1146.40875,200,14977.906763
1055.884948,200,14994.107417
960.464077,200,15035.152785
1081.055363,200,15048.636686
1045.787189,200,15077.613406
1090.965898,200,15111.333825
1166.345371,200,15132.097237
1085.632853,200,15161.440039
1161.598496,200,15163.724779
587.349939,200,15165.201817
1141.436536,200,15204.874912
1156.254886,200,15230.46875
1156.281765,200,15247.255477
1066.133299,200,15287.724581
333.398595,119,15301.090143
1080.884771,200,15317.581875
166.001173,91,15331.362793
1141.156089,200,15361.270824
885.357379,200,15386.462988
1151.51539,200,15416.89935
1166.437312,200,15446.096259
1161.190725,200,15469.90046
980.435128,200,15485.964771
1076.129706,200,15502.486629
592.14886,200,15504.084912
1121.305971,200,15532.514454
1050.996113,200,15555.125675
1066.15207,200,15584.562827
1055.957211,200,15617.038192
1015.783501,200,15639.382538
965.40989,200,15656.104806
1020.76046,200,15700.864762
885.600044,200,15712.108841
1100.934729,200,15739.683397
950.811563,200,15785.554487
1141.519194,200,15796.841632
1151.471744,200,15824.175375
1126.47711,200,15826.591681
670.008451,200,15828.093703
835.330828,200,15873.002285
1131.236022,200,15894.8252
1081.062372,200,15911.714426
1166.503053,200,15954.730569
1101.145737,200,15969.182202
1066.212088,200,15996.575518
1070.857769,200,16030.033629
1141.491474,200,16051.533002
1070.972592,200,16080.808056
1156.573942,200,16113.581231
1096.176184,200,16136.745953
1066.034697,200,16153.804727
1156.342572,200,16171.146629
1155.936665,200,16172.631098
1126.329645,200,16210.643679
1035.774737,200,16224.508823
1141.291011,200,16253.712513
1136.375374,200,16286.425361
1030.81351,200,16309.427186
955.376399,200,16326.032611
1141.304495,200,16370.102963
1070.783626,200,16384.777595
1136.341049,200,16409.826722
1045.825058,200,16455.557801
1086.016382,200,16469.720434
1011.029631,200,16495.922563
1085.97236,200,16512.741494
602.154396,200,16514.225832
574.133679,200,16542.681417
1171.541141,200,16567.804497
1096.003199,200,16583.713948
1166.435886,200,16627.724724
1146.476485,200,16642.937241
1101.419833,200,16667.852336
1000.172505,200,16700.117023
1036.023058,200,16728.01237
1051.162962,200,16752.536529
1116.138948,200,16783.928385
1146.402953,200,16809.624774
1161.600806,200,16824.769356
1101.250814,200,16842.054923
1000.387792,200,16843.529192
1016.028912,200,16883.65501
965.643341,200,16897.956047
1110.95055,200,16925.330165
1166.513737,200,16957.604828
1101.091112,200,16982.623886
1081.332914,200,16997.274364
1041.12157,200,17041.039308
1045.866023,200,17067.66609
970.633552,200,17081.034778
995.974023,200,17125.528883
1061.168319,200,17140.253624
1151.467438,200,17166.410849
1161.182817,200,17183.674241
1146.040465,200,17185.162613
785.323788,200,17213.551355
1161.536381,200,17239.992909
1101.242517,200,17254.108574
1071.273342,200,17298.632618
990.672378,200,17313.42802
1161.500059,200,17338.366791
1091.13211,200,17380.163758
118.113959,72,17380.762757
1101.018451,200,17412.257413
1156.520874,200,17423.673657
935.797979,200,17468.235285
1116.288606,200,17482.535906
1166.434407,200,17510.337622
1116.514449,200,17511.998747
1100.875898,200,17513.476225
750.128983,200,17553.166221
1111.282409,200,17569.670864
1131.154748,200,17595.939877
1161.27689,200,17627.989948
1156.328688,200,17654.940647
1111.317713,200,17668.864217
1086.202661,200,17712.26566
1131.479744,200,17739.366511
1166.394371,200,17753.821931
130.898134,70,17767.706199
1086.34684,200,17797.901056
1161.395512,200,17827.654522
605.03583,200,17839.81998
1101.244839,200,17854.487457
995.375849,200,17855.979355
1121.073185,200,17884.435945
1156.292434,200,17913.051972
1151.068694,200,17927.195485
1095.768734,200,17970.373127
1166.449449,200,17985.169418
819.592679,200,18012.033035
1061.209331,200,18055.051094
1101.291581,200,18070.431722
1146.480186,200,18097.827034
1126.229788,200,18125.976583
765.050239,200,18155.426007
1056.021839,200,18171.332256
1126.238568,200,18186.367011
754.949269,200,18187.81969
1141.296987,200,18227.591223
1116.234522,200,18244.608839
116.091777,49,18257.241817
1111.018079,200,18287.762746
1141.057673,200,18316.140395
1156.36555,200,18331.56404
1076.264863,200,18357.399158
1141.404608,200,18402.458916
1091.102177,200,18417.478526
1166.148867,200,18444.978699
1156.266654,200,18474.381603
1151.251041,200,18504.915271
1151.48104,200,18518.151626
1126.060379,200,18533.282352
740.184971,200,18534.757437
1126.363192,200,18562.459241
1141.147538,200,18591.053438
930.679678,200,18605.119872
1060.772354,200,18646.307597
1121.453986,200,18675.478173
1086.071616,200,18689.167109
1135.952742,200,18731.908319
769.721177,200,18747.935116
1085.736383,200,18774.556531
1106.085596,200,18804.12338
1116.311436,200,18833.243804
1101.230549,200,18849.403691
1166.299584,200,18863.30038
1110.926766,200,18864.648849
1095.785649,200,18904.982768
1166.302295,200,18921.249936
1156.422868,200,18946.766959
1136.412333,200,18977.487665
1161.176712,200,19005.965595
1111.013575,200,19032.015118
1060.980476,200,19062.082303
1161.372451,200,19091.398133
1136.379231,200,19105.331305
1151.391931,200,19147.803139
213.912064,67,19148.371846
1100.975938,200,19178.340688
1156.274464,200,19204.613659
1161.155266,200,19206.337806
612.125194,200,19207.915042
1015.595349,200,19236.614758
1171.616552,200,19264.675382
1010.488043,200,19278.197675
1066.021698,200,19320.910174
690.064973,200,19348.923576
1010.84559,200,19362.864351
1141.25996,200,19405.782421
1111.384235,200,19422.582786
1115.963257,200,19448.444063
1136.018379,200,19479.759403
980.560828,200,19506.663928
1146.488802,200,19533.391507
1136.176303,200,19535.451524
562.73744,200,19536.796467
1106.392215,200,19579.215144
1131.355861,200,19596.231569
1151.378687,200,19621.167907
1080.826794,200,19663.670076
1135.814227,200,19678.888217
1135.83692,200,19706.357394
1106.228205,200,19736.397706
663.443164,138,19752.039042
1161.308482,200,19777.038402
1126.112334,200,19808.906926
1166.672555,200,19835.839036
1141.152773,200,19861.764876
1166.440614,200,19879.206422
1096.014996,200,19880.676342
1111.470676,200,19908.532596
336.028135,106,19923.748574
1130.819479,200,19949.554397
1131.164273,200,19981.010341
1161.521194,200,20008.844283
1131.486215,200,20021.526673
1130.757005,200,20066.910002
1140.913854,200,20093.6548
1166.293056,200,20107.898395
1136.394073,200,20151.828206
1085.901834,200,20165.275207
1150.889609,200,20192.333321
1166.404431,200,20206.480294
580.146381,200,20207.963982
950.47768,200,20250.233011
1161.456857,200,20266.96211
1161.380289,200,20291.74262
1036.111574,200,20332.230851
1146.121753,200,20346.682122
1166.530678,200,20373.95776
1060.943055,200,20405.051844
356.267864,117,20420.119089
1161.361464,200,20445.365178
1161.482754,200,20477.837221
1100.858791,200,20504.385932
1156.265923,200,20518.62927
1141.03863,200,20547.801889
614.415204,200,20549.305886
950.430214,200,20577.482012
1146.642789,200,20604.911239
1151.110602,200,20631.759028
1015.969811,200,20662.861631
1166.262584,200,20689.86546
1116.212792,200,20704.030675
1156.518668,200,20747.187711
1131.184746,200,20763.874451
1151.450331,200,20788.653236
1146.497204,200,20831.808101
1161.4414,200,20847.712305
1125.933302,200,20872.826992
1056.16792,200,20875.079112
838.945071,200,20876.548103
1036.026782,200,20919.129988
1105.926343,200,20947.145686
1166.452001,200,20961.418364
1171.446389,200,21004.389175
1151.438295,200,21020.892988
1121.159682,200,21045.661556
1146.364391,200,21076.63356
1075.84366,200,21103.967688
1156.469847,200,21117.662825
1090.534084,200,21161.51947
679.844166,200,21189.315069
1156.397889,200,21203.253527
915.577384,200,21219.855071
889.087637,200,21221.405521
860.808748,200,21261.692744
1090.792807,200,21276.390119
381.419028,117,21290.91585
1166.442215,200,21334.330962
1151.093279,200,21350.510621
1156.250582,200,21375.39444
1161.357951,200,21408.337054
1156.426938,200,21434.393259
1085.915061,200,21449.623359
1146.246426,200,21493.079412
138.244725,62,1045.776275,21166.462639,200,21166.283115,21101.084681,200,21166.164963,2595.01628,200,21546.554856
733.952005,200,21548.030416
1141.52664,200,21590.766146
1060.971614,200,21617.785846
1171.451863,200,2161156.4433971146.083553,200,2161166.3576011126.175982,200,21692.201205
1150.858499,200,21716.945749
1035.713559,200,21748.152722
1141.354739,200,21775.087259
1156.665465,200,211030.815769,1161.348903,200,21832.511778
1146.541744,200,211161.282601,1161.384972,200,211151.447985,504.969063,200,21891.605356
471.922927,200,218613.576586,1071.006311,200,211060.786267,1151.55061,200,2191085.4652441141.019344,200,2191141.4759481161.517893,200,2201106.5259941146.071775,200,2201065.932241970.515679,200,22048.348782
1166.478469,200,2201141.1559811116.489029,200,22117.801181
1131.358787,200,22132.117938
1166.707596,200,22175.265538
1135.974259,200,221156.555274,1166.628495,200,22216.939131
453.100538,200,22234.116848
562.626866,200,2223567.3794141055.964594,200,22263.587877
1156.499802,200,2221146.3666081141.370193,200,2231161.4095541156.1428,200,223481171.27111141.514725,200,223641156.06401141.491267,200,223881085.34561166.348668,200,22420.142843
1146.174794,200,224471156.46531071.003792,200,22472.729216
1176.603081,200,22503.943938
167.159588,108,22518.1136.1011126.192918,200,22544.1096.081121.054646,200,22561.857299
493.544345,200,22563.338719
704.979656,200,22603.93526
776.162739,172,22617.057131
1116.62625,200,22645.578007
1166.265968,200,22676.306697
1126.452883,200,22702.638198
1151.431309,200,22716.207995
970.28735,200,22761.054255
755.360777,200,22775.421943
1141.666901,200,22800.25007
1146.213084,200,22834.257138
1166.222728,200,22859.944104
1166.290841,200,22886.13727
1070.722802,200,22903.049004
553.494284,200,22904.527919
1081.095322,200,22932.5133
1151.217418,200,22960.040247
1111.109844,200,22973.774741
1131.169504,200,23018.222753
1125.865875,200,23032.69271811161.410963,200,23057.811949111115.938369,200,23102.925247
1121.449542,200,23116.910852
142.033034,81,23131.42088311126.226332,200,23158.94733511161.407584,200,23186.15185111106.066894,200,23201.47820911111.169207,200,23228.5705554895.193975,200,23230.070665609.585803,200,23231.73855
101056.021093,200,23273.6418931151.37972,200,23288.728656
1121.229983,200,23316.445942
1151111.504753,200,23347.264661141.419387,200,23373.950238
1085.85954,200,23400.283572
1151141.283846,200,23431.123211151.145649,200,23458.687378
981156.453076,200,23471.6114910911.036265,200,23515.8136091100.941631,200,23530.856031
11096.250463,200,23556.927063850.085171,200,23572.965657
493.808984,200,23574.46366
900.208231,200,23601.319352
1095.573637,200,23630.006464
1085.859399,200,23643.021503
1100.80805,200,23686.393634
1156.426872,200,23700.23705611151.565589,200,23726.50950111146.404994,200,23771.02748591156.502328,200,23785.410458111145.925902,200,23812.947255991136.142214,200,23842.649611611151.451193,200,23871.985911461131.066374,200,23887.51861091.003803,200,23901.712834
607.191552,200,23903.072302
1141.36299,200,23943.585726
1005.607059,200,23958.992881
1166.485338,200,23986.281212
1075.828849,200,24015.545876
980.965044,200,24043.196934
1135.934874,200,24069.732471
1100.921042,200,24098.746145
1081.392706,200,24127.778836
1055.960368,200,24140.991319
1131.139534,200,24184.86221
1161.457154,200,24198.741834
1046.106738,200,24226.017756
1140.837845,200,24240.789623
729.997125,200,24242.275681
1121.317961,200,24271.714138
1146.33648,200,24300.065125
1151.55274,200,24313.80237
1075.875369,200,24357.040238
1136.156629,200,24384.0284
1166.399594,200,24398.301575
1060.930062,200,24440.934039
1106.185542,200,24455.194628
250.906782,69,24470.31056
1141.311943,200,24483.422655
1116.154115,200,24526.545615
1156.385089,200,24539.823477
668.325746,185,24567.435837
366.204219,200,24569.130407
602.135095,200,24570.497324
1081.21165,200,24612.568196
1161.19136,200,24628.130862
1135.928405,200,24656.048
900.948832,200,24693.938182
672.34095,137,24709.412942
330.531333,79,24710.05913
1045.886647,200,24736.253339
1156.085048,200,24764.551184
1151.512586,200,24793.078715
1135.830438,200,24808.747788
1136.104348,200,24850.08737
805.199126,200,24878.678461
1166.67481,200,24894.048248
1141.347421,200,24907.431679
612.098481,200,24908.798385
138.901812,57,24924.014714
1140.87457,200,24949.480422
1111.152952,200,24964.541426
1146.500713,200,25002.413136
1005.794047,200,25029.875675
1140.889383,200,25044.722486
1156.497458,200,25087.265349
1121.071248,200,25101.692048
1146.474037,200,25129.562031
1146.396241,200,25145.084968
1136.307793,200,25185.68977
1151.370524,200,25198.083717
1085.951553,200,25227.057508
840.227288,200,25228.893386
689.700428,200,25230.475576
1035.96221066.037182,200,252681161.418713,200,25284.974505
1096.0671166.57343,200,25314.61135.841166.364473,200,25352.91161.211100.837738,200,25367.91126.342826,200,25397.940085
1060.960795,200,25428.16076
975.405965.872765,200,25455.71121.116648,200,25472.379716
1135.891076.383204,200,25514.71085.720439,200,25541.114694
1046.071161.492674,200,25558.0249.138855.306222,200,25574.8408.314764.432745,200,25576.498.69301111.16668,200,25603.950.53661046.089817,200,256301131.08741161.2875,200,25660.1935.9531141.259008,200,25687.1126.1031111.052767,200,25715.990.8370955.774077,200,25731.1116.3241121.27219,200,25769.81085.641136.008248,200,25783.61156.60945.650607,200,25813.331113
1146.330847,200,25843.543684
1030.625344,200,25866.101733
1136.023549,200,25896.270515
689.86129,200,25891146.488931156.152537,200,2590944.9049081146.500125,200,25939.958884
1141.615864,200,25966.652736
1146.34467,200,25982.891856
925.469438,200,26021.508582
1141.334117,200,26031151.44070960.211602,200,26067.129211
1146.346091,200,26099.537796
1080.749827,200,26123.198619
1116.500418,200,26139.330769
1106.208144,200,26182.112775
1090.62473,200,26208.859628
1141.066262,200,26224.586403
1161.40227,200,26241.601173
805.085255,200,26243.101043
1125.959728,200,26270.464859
1136.150925,200,26295.869626
1161.472815,200,26325.091732
1161.535955,200,26354.80956
1125.924395,200,26380.293716
1146.546916,200,26397.019699
1146.532488,200,26439.220106
1121.092816,200,26453.002334
267.003123,86,26467.916876
1121.024759,200,26513.795621
1156.149969,200,26525.607256
409.854969,136,26538.936547
1041.060055,200,26567.105182
1161.47306,200,26569.202161
895.144182,200,26570.683059
1046.173271,200,26612.844936
1096.327882,200,26638.960984
1136.43062,200,26655.298128
1156.217535,200,26694.661
1136.432434,200,26710.077609
1141.424841,200,26739.472908
1151.326688,200,26772.040242
1171.354545,200,26794.434871
875.511905,200,26823.657747
970.4858,200,26854.951818
1065.698645,200,26879.272443
1156.440289,200,26896.040822
1095.462888,200,26912.381736
794.720886,200,26913.922881
1086.1011,200,26950.661253
1171.486928,200,26965.24651
1146.347654,200,26994.508107
1131.052442,200,27025.38286
1166.522964,200,27050.988061
1166.504781,200,27067.447972
1141.420265,200,27109.25024
1171.419688,200,27123.746277
1126.100958,200,27150.611967
1126.144036,200,27194.482051
1080.813806,200,27207.710042
1106.274004,200,27235.032084
1151.41065,200,27252.148448
251.661693,91,27252.826363
637.260084,163,27269.740087
1141.573144,200,27293.683482
1106.365997,200,27306.952986
1161.546991,200,27352.87386
1136.034577,200,27365.677874
1171.47538,200,27391.092948
1156.544031,200,27422.761636
162.260751,66,27437.347373
1166.211003,200,27450.332546
1171.505325,200,27474.737495
1151.293889,200,27521.881521
1156.308424,200,27535.292344
1151.519505,200,27558.81197
1155.895907,200,27575.908335
990.513744,200,27577.402
1116.500856,200,27616.902811
1171.408297,200,27630.729714
1171.31203,200,27659.224638
1111.421985,200,27692.323296
1151.397976,200,27717.166749
1161.49419,200,27731.933808
1166.365238,200,27776.763531
1166.547847,200,27801.851919
1141.360416,200,27816.461941
1171.45691,200,27861.920706
794.656939,200,27875.656758
1151.457951,200,27901.450697
1171.457465,200,27918.641527
597.347584,200,27920.114304
796.456495,162,27949.28059
1151.171736,200,27964.584595
1141.247836,200,27990.638912
1161.474758,200,28035.051219
855.235509,200,28049.746211
1101.074888,200,28075.117819
1060.524267,200,28106.001679
1171.479541,200,28130.11412
1166.485692,200,28143.866261
975.85667,200,28191.063445
1131.502948,200,28205.437777
1176.48275,200,28227.825574
1140.871214,200,28245.382987
925.283108,200,28246.860579
1141.429762,200,28287.000836
759.941323,200,28301.673636
1151.10989,200,28329.432467
1111.259986,200,28362.180263
1101.387267,200,28386.915242
800.661066,161,28400.89374
1176.415928,200,28446.226249
1131.438004,200,28460.077217
1096.146209,200,28485.704954
1136.086925,200,28518.271391
112.713715,56,28532.184396
1171.256984,200,28545.390852
1111.096363,200,28570.492077
949.905236,200,28587.178791
850.329788,200,28588.725032
1101.316638,200,28618.824365
1151.363922,200,28643.564973
1156.590288,200,28658.178725
1065.78427,200,28701.978722
145.438391,85,28714.527437
985.593356,200,28728.328157
1156.166354,200,28771.552307
1045.797171,200,28787.223549
1171.323761,200,28812.720738
1141.459814,200,28842.508459
1141.290917,200,28872.459159
1100.702531,200,28892.893042
1096.282069,200,28909.018516
1150.79577,200,28910.762047
995.363137,200,28912.262846
1136.366799,200,28957.498057
1156.453421,200,28970.19782
1171.322395,200,28995.743391
1161.553091,200,29029.638801
1101.257578,200,29054.648581
1141.111078,200,29080.309401
1080.995308,200,29113.873615
1085.918783,200,29138.376866
1120.886948,200,29151.879655
1156.485862,200,29196.563039
681.716774,157,29210.754503
940.486744,200,29235.069261
1166.587267,200,29251.227621
1136.193189,200,29252.743681
1025.782747,200,29283.677456
1146.464748,200,29308.639539
1101.474512,200,29322.801339
1160.865581,200,29367.654042
970.640913,200,29393.769423
945.920915,200,29407.245977
1155.895805,200,29453.329025
1135.94996,200,29468.264906
1141.15749,200,29493.687593
1121.457128,200,29525.261108
1151.639474,200,29552.709647
1136.226242,200,29564.530951
482.614307,128,29579.209446
759.947092,200,29580.677661
1141.539883,200,29612.240523
1156.509432,200,29639.709129
1146.1601,200,29651.311903
1171.36934,200,29694.820295
1146.289046,200,29707.824527
1126.25515,200,29735.539718
1161.332572,200,29778.961576
1166.230044,200,29793.188203
1121.007192,200,29820.187108
1166.299694,200,29849.843301
1161.374231,200,29878.101233
1111.113526,200,29891.748564
1151.068901,200,29918.785561
686.619022,162,29919.985682
1111.256975,200,29952.056954
1121.328089,200,29977.812453
1126.311785,200,29993.120188
1156.455617,200,30035.509133
1140.796384,200,30050.329985
1171.553394,200,30076.454333
1146.32936,200,30105.090927
1131.346374,200,30133.835702
1166.456823,200,30161.529398
1151.354064,200,30189.581119
1161.562349,200,30218.545906
945.065003,200,30231.897032
1121.26597,200,30247.897092
870.15613,200,30249.412183
1131.355053,200,30292.90668
1080.650499,200,30307.899682
1161.36291,200,30332.237388
1105.865485,200,30376.949556
1156.385137,200,30392.388471
1151.037522,200,30417.439991
1131.290654,200,30448.408004
1131.039861,200,30474.792456
1091.039429,200,30490.55584
1166.407116,200,30534.368542
1136.25134,200,30548.403454
1051.192022,200,30575.831406
1136.094408,200,30589.698163
814.812328,200,30591.051946
1051.047851,200,30621.77693
1146.323113,200,30646.575747
1050.867723,200,30673.439714
1171.408223,200,30703.618713
1151.091255,200,30729.187452
1166.429042,200,30745.643266
1166.192428,200,30787.993999
1130.923931,200,30803.695599
1106.076728,200,30830.440867
1146.077334,200,30860.602553
1116.011966,200,30888.687854
1095.826564,200,30915.057781
1146.192849,200,30917.455874
850.088573,200,30918.995301
1136.50048,200,30959.272112
1166.379462,200,30974.517426
839.979881,200,30999.768279
1126.473187,200,31044.523979
1111.472229,200,31059.453587
1176.56375,200,31085.794374
1141.089285,200,31116.605529
1161.554765,200,31142.788046
1156.185368,200,31158.787999
1091.222102,200,31202.710522
1140.864629,200,31227.877917
1171.61468,200,31244.063796
1166.548378,200,31259.108526
1025.824003,200,31260.453266
1146.344988,200,31290.628228
1136.365986,200,31315.679422
1171.542713,200,31344.050081
1121.41057,200,31372.781475
1126.489881,200,31397.974081
1131.544765,200,31414.633232
1116.06438,200,31457.8243
845.189686,200,31472.912053
1151.392009,200,31499.979203
1130.918516,200,31540.987454
1141.141081,200,31555.846863
221.703069,91,31568.801044
1136.219422,200,31583.578794
1161.53208,200,31585.193148
1086.34657,200,31586.758951
95.230386,60,31615.90105
1106.069594,200,31630.704889
1101.103119,200,31656.014176
1161.614751,200,31700.50252
1116.242526,200,31715.46102
1100.925408,200,31742.892121
1161.585011,200,31771.806505
1161.448808,200,31802.142317
1115.788061,200,31814.74684
1166.54556,200,31842.819448
1030.576969,200,31885.493268
316.235181,85,31886.136144
1156.542499,200,31914.817568
1141.428844,200,31932.319396
659.25386,200,31933.667183
526.948053,200,31969.722255
1086.256991,200,31985.601453
1126.394742,200,32015.33133
1166.620488,200,32042.488241
1140.680447,200,32067.79765
1146.344093,200,32084.517397
1145.732133,200,32127.367536
1171.482816,200,32140.423472
1171.495683,200,32168.66745
1155.854572,200,32211.904611
1171.230712,200,32225.825813
1171.444038,200,32253.822758
1131.531763,200,32256.079623
629.329081,200,32257.567383
1151.322184,200,32298.87357
1171.53478,200,32325.12096
1130.91852,200,32340.95132
1165.830885,200,32382.348763
1151.35014,200,32396.929491
1156.552594,200,32424.160632
1166.10451,200,32454.481661
1126.15709,200,32482.25306
1156.360404,200,32509.127908
1166.423943,200,32538.730572
1156.449016,200,32565.135752
1176.448675,200,32580.908618
1176.342357,200,32597.908479
1101.108486,200,32599.399756
1146.527115,200,32638.81971
1171.323765,200,32653.222972
1156.426065,200,32681.889226
1171.003569,200,32712.661908
1151.332793,200,32737.920618
1156.501992,200,32754.469361
1161.357103,200,32794.789344
1115.79475,200,32820.003266
1151.506202,200,32836.475264
1105.900007,200,32879.416955
1171.47232,200,32895.747949
1141.11108,200,32921.82683
1045.600277,200,32939.312225
819.97073,200,32940.788058
1141.141662,200,32968.332503
1136.426693,200,32993.049984
1171.272749,200,33009.825773
1161.1386,200,33052.541622
1161.155004,200,33068.151664
1151.643976,200,33095.006515
1091.125575,200,33126.947783
1131.271606,200,33153.053909
1140.97331,200,33180.311383
1166.48935,200,33209.489337
1166.509231,200,33239.08689
1166.514824,200,33252.161855
1151.269153,200,33268.474462
616.095576,141,33269.664168
1150.860944,200,33295.960788
1156.122686,200,33322.17225
1061.078023,200,33338.382798
1126.418871,200,33381.053486
1171.323371,200,33396.633221
1176.546534,200,33423.624045
208.083732,56,33424.115113
1161.155001,200,33467.434607
1131.426139,200,33493.377485
1160.92382,200,33509.582754
1151.408384,200,33553.741507
1180.841445,200,33568.96324
1155.953863,200,33595.997509
1161.672142,200,33612.099438
737.151518,173,33613.391319
1166.441585,200,33641.18933
1151.264417,200,33666.861541
1166.521226,200,33683.180169
1151.209927,200,33724.966982
1171.55508,200,33740.702275
1060.6994,200,33767.467231
1095.999055,200,33799.228902
1166.721058,200,33825.295777
1146.012756,200,33838.452057
1156.351378,200,33884.257617
1171.561382,200,33910.851816
1161.578593,200,33924.248343
1150.899911,200,33939.868358
1060.478194,200,33941.452496
1156.536779,200,33981.799436
1146.083036,200,33998.618281
1126.697434,200,34025.284679
1151.47337,200,34055.599092
1101.133004,200,34080.598771
1130.882995,200,34109.821696
1166.682141,200,34140.403364
1121.605661,200,34165.775992
1146.187493,200,34181.680311
1095.894094,200,34224.685771
1146.463838,200,34241.51225
1120.726411,200,34266.977398
1151.18405,200,34284.307436
1015.327612,200,34286.153024
154.851794,58,34302.830361
1171.22864,200,34328.31232
1151.441277,200,34340.596194
1171.398202,200,34388.735119
1151.371599,200,34400.703392
1151.357118,200,34426.378585
1125.78822,200,34474.161883
1166.495566,200,34486.091138
1166.126665,200,34512.479991
1061.380607,200,34527.205001
1156.363856,200,34572.681058
1055.945676,200,34585.643234
1146.062936,200,34613.335509
1141.158174,200,34615.190605
1005.91065,200,34616.832446
1110.762902,200,34657.213151
1146.516196,200,34672.79884
1106.515948,200,34699.754611
1166.275816,200,34730.576381
1161.425395,200,34755.735265
1186.360136,200,34785.950108
1111.144858,200,34816.094098
1161.368882,200,34841.052917
1166.517467,200,34856.866739
1116.474352,200,34901.388532
1125.997903,200,34914.749822
1156.196044,200,34941.849218
1141.241703,200,34958.564011
571.922399,200,34960.048558
1121.497843,200,34987.591177
1136.597922,200,35011.898836
1111.423275,200,35028.736087
1126.360946,200,35071.544608
1170.893349,200,35095.973033
1100.892792,200,35112.612457
1185.985239,200,35156.281976
1156.244693,200,35170.187999
1166.056954,200,35196.511841
1105.669866,200,35230.191773
1151.281882,200,35254.809264
1115.900226,200,35268.937755
1150.832874,200,35282.74139
830.292665,200,35284.211651
1151.448305,200,35327.321887
619.80701,200,35342.398812
1161.370178,200,35367.609846
1156.470926,200,35410.185105
1146.132794,200,35426.803369
1171.395299,200,35452.495173
1156.462706,200,35484.573684
1126.048712,200,35509.461068
1101.101837,200,35525.142014
1111.247263,200,35568.735756
1156.30914,200,35584.267921
1151.419868,200,35609.380065
1171.20707,200,35626.431696
1070.961684,200,35627.913567
1125.868196,200,35656.452863
1105.73288,200,35682.370086
1000.628898,200,35698.150395
1121.637178,200,35741.469669
1161.527802,200,35767.232412
1136.481901,200,35782.589583
1056.132353,200,35826.572354
1166.587358,200,35842.141699
1146.515179,200,35867.756082
1151.131543,200,35901.454215
1141.60855,200,35927.356086
1156.723059,200,35952.232571
1171.167693,200,35954.496815
940.125176,200,35955.984202
1131.43951,200,35998.353271
1166.481715,200,36014.206604
1171.593935,200,36039.377713
1186.095995,200,36081.478938
865.003015,200,36098.241384
1136.427886,200,36123.461732
1160.876187,200,36155.462817
940.186264,200,36180.55362
1151.527896,200,36195.280848
1151.098246,200,36239.307518
1166.346938,200,36264.364076
1171.075029,200,36278.306241
1165.912489,200,36295.351303
1061.115872,200,36296.824887
684.81371,200,36326.104331
1156.460397,200,36350.921217
1150.879495,200,36378.033905
1161.164586,200,36410.488989
1166.466598,200,36435.940503
1116.594429,200,36450.166565
1106.331068,200,36494.498046
1176.131815,200,36508.680757
1111.285298,200,36533.787045
1185.7611,200,36567.362696
1176.160747,200,36592.096889
1141.228031,200,36618.160516
1126.363428,200,36620.397143
1105.576044,200,36621.73882
699.878581,200,36666.19385
1036.082511,200,36692.587062
1161.487602,200,36706.851691
1146.516399,200,36751.089866
1166.6244,200,36765.516675
582.358768,200,36791.422117
1151.230032,200,36823.963749
1186.247504,200,36849.931544
1145.90682,200,36866.239311
1156.424193,200,36908.035172
1156.50566,200,36934.502603
1181.09061,200,36949.068224
1170.805222,200,36964.584876
890.290935,200,36966.057057
579.926969,200,36995.924012
1160.897651,200,37022.44469
1141.458787,200,37048.169525
1120.906141,200,37081.10993
1171.548954,200,37108.277828
1161.357053,200,37122.400305
1160.966899,200,37166.362493
1166.652264,200,37180.558368
1161.395403,200,37207.0014
1126.414715,200,37251.553811
1126.070768,200,37265.248922
1146.557711,200,37292.834058
1176.432069,200,37295.05635
1141.023643,200,37296.396338
1150.994916,200,37340.320625
1130.95231,200,37367.75643
1166.52167,200,37381.694829
1166.085405,200,37425.305572
1161.565374,200,37439.870809
1171.27164,200,37466.280864
1156.511927,200,37496.531997
1115.837565,200,37523.521721
1161.457192,200,37550.61429
1060.903086,200,37581.013668
1166.634124,200,37607.933702
1141.573707,200,37622.129075
1161.523893,200,37636.97363
1101.036847,200,37638.449512
1021.479936,200,37678.13308
1171.266288,200,37694.805218
1166.153819,200,37719.878376
1056.293997,200,37752.285887
1146.311069,200,37779.577539
1136.458902,200,37794.811837
1156.065631,200,37837.567159
1130.642815,200,37851.394034
1171.234264,200,37879.048985
1156.32198,200,37922.463395
1156.44858,200,37935.986327
1175.88533,200,37963.899685
1166.392964,200,37978.493939
195.694757,101,37979.235584
193.88928,104,37997.253552
1166.251709,200,38010.808643
1166.556518,200,38038.217571
1045.902583,200,38052.823433
784.93646,200,38095.783194
1160.784178,200,38110.572746
1171.564814,200,38137.949225
1166.091268,200,38181.663635
950.302536,200,38194.529163
1131.053821,200,38221.992276
1156.610744,200,38251.664714
1171.132386,200,38278.848563
1141.551885,200,38295.439435
1075.685676,200,38310.906488
284.250547,183,38312.13822
1106.252527,200,38339.629657
1161.488956,200,38367.328762
1051.179036,200,38392.269958
1171.458239,200,38423.765396
619.058785,200,38451.373805
1146.546826,200,38466.829514
1015.377064,200,38508.375101
1170.939965,200,38522.699635
1171.508565,200,38550.218683
1156.574857,200,38592.667646
1176.318504,200,38606.829834
153.245533,46,38607.235558
1170.956114,200,38636.163331
1141.327385,200,38650.539725
1046.046255,200,38651.894222
1086.065948,200,38680.773983
1030.70515,200,38708.637625
1145.854454,200,38723.54538
1045.744544,200,38765.293597
1156.417556,200,38780.164344
1161.395699,200,38808.271228
1015.716328,200,38850.735277
1161.516336,200,38864.003052
177.793058,61,38879.151021
1146.407969,200,38893.883427
1141.445484,200,38935.470772
1091.19281,200,38949.673854
1181.328878,200,38980.550548
1065.823142,200,38982.1875
163.659554,68,38982.647013
192.229641,94,38983.287436
177.179375,71,38997.765252
1186.281521,200,39022.712907
1161.501086,200,39053.298474
915.278592,200,39081.526435
1166.734514,200,39109.181204
1181.178383,200,39123.853497
1081.457536,200,39150.107788
1151.297202,200,39181.137879
1156.681489,200,39209.150903
1025.58443,200,39224.97402
1166.39404,200,39265.931427
1166.509448,200,39295.176359
1156.569998,200,39310.605186
1180.834967,200,39324.701531
1141.305754,200,39326.04909
1125.787932,200,39353.668021
1156.051169,200,39382.385432
1156.392082,200,39398.541033
1070.771332,200,39438.634834
1055.928327,200,39454.425689
1005.699845,200,39483.144792
845.286116,200,39523.816029
1176.378223,200,39539.414245
1156.470376,200,39568.686872
1146.435095,200,39598.888195
1170.950889,200,39625.871891
1180.873986,200,39641.891451
1155.849516,200,39659.367644
165.808236,75,39659.871156
794.963332,200,39684.065333
1015.819489,200,39698.969538
1146.452995,200,39730.163898
965.454804,200,39757.915658
1156.525668,200,39786.51631
1191.426273,200,39815.441056
1161.529092,200,39843.06426
1166.425085,200,39871.25891
1151.097269,200,39886.175984
1020.640002,200,39915.058423
1186.058931,200,39942.912144
1101.21007,200,39974.465877
1161.400449,200,40001.582412
1106.297558,200,40003.09339
1021.16827,200,40004.508596
1121.220837,200,40033.459473
1161.430733,200,40062.648011
1156.162599,200,40078.618822
1180.831416,200,40118.391271
1121.423048,200,40147.241035
1161.284227,200,40163.225478
734.536191,200,40202.843396
1151.502422,200,40219.050559
1136.282084,200,40248.325269
1136.450436,200,40276.23818
1166.233783,200,40304.686096
1166.170704,200,40320.197759
1136.079782,200,40336.999493
176.646604,81,40337.548209
865.519512,200,40364.43486
1186.206701,200,40379.659301
1171.380371,200,40409.219653
1196.171028,200,40449.806415
935.367947,200,40464.848174
1146.367408,200,40494.841729
1176.144239,200,40522.262604
1191.346828,200,40551.207395
1166.314403,200,40566.687203
1171.376975,200,40607.431193
155.266998,43,40607.757012
985.794655,200,40636.874968
1156.527982,200,40652.491826
1145.729414,200,40680.437174
1061.115796,200,40681.804682
1141.02919,200,40710.848777
1171.510339,200,40740.25288
1156.533413,200,40755.530316
1156.376122,200,40796.820158
1101.504176,200,40826.098397
1176.42209,200,40840.681307
1161.447726,200,40882.354857
1166.357368,200,40898.989722
1141.345033,200,40925.925904
1176.413251,200,40954.772478
1146.364561,200,40983.784558
1171.128749,200,41011.123251
1191.062475,200,41013.270195
1081.129132,200,41014.725232
1040.854422,200,41055.662558
1186.029179,200,41071.877125
1085.908049,200,41099.229245
1156.348959,200,41141.154132
1076.209769,200,41157.38781
1116.191449,200,41184.405788
1091.002788,200,41213.947829
1126.249816,200,41242.85146
1161.276315,200,41257.086369
1136.259904,200,41299.061496
1156.250359,200,41315.728879
1196.315412,200,41342.366575
1125.947792,200,41356.725937
1095.922163,200,41358.083908
1095.79798,200,41388.016315
1171.328544,200,41416.814309
1191.097155,200,41441.169364
1186.389454,200,41472.854294
1166.291621,200,41502.185898
1186.314428,200,41516.042772
1186.312367,200,41558.259754
1166.185846,200,41575.064152
794.923614,200,41601.417499
1186.184301,200,41631.046502
1190.897708,200,41660.273972
1131.370879,200,41687.064009
1141.025348,200,41689.117002
1081.263837,200,41690.476387
1146.070042,200,41731.909545
1196.110622,200,41748.873403
1126.316654,200,41772.6124
1151.432207,200,41817.789963
1151.263722,200,41834.39227
1150.913363,200,41858.445565
1171.322959,200,41889.331222
1121.383285,200,41918.799368
1191.03521,200,41932.776889
1171.386298,200,41974.869406
1166.076222,200,42004.777551
940.500791,200,42018.303985
1151.280675,200,42031.245145
225.554662,69,42031.717162
564.957528,140,42049.220113
1156.304187,200,42078.286483
1116.17762,200,42093.176419
1186.237239,200,42116.212159
1115.686966,200,42148.571055
1186.105773,200,42173.210805
152.016583,50,42173.586067
190.91867,64,42182.193997
1012.624342,188,42205.520333
1111.117849,200,42229.411101
1171.246861,200,42245.545392
1141.287057,200,42288.116972
1166.189394,200,42299.895384

1106.023026,200,42203.125938
1181.045237,200,42214.374215
1060.524536,200,42242.981268
1186.165448,200,42255.683377
1176.295105,200,42297.528404
73,200,42255.753789
1161.31916,21151.249464,200,41146.34755,200,42313.527763
2313.8399791161.352388,200,42314.906571101.25449,200,42314.414142
57,200,42314.595572
,200,42314.10646
2256.476478
1171.184876,200,42298.323379
1136.19634,200,42314.250471
7.309137
1151.412809,200,42299.15077
1161.308353,200,42315.12138
,42312.805591
0,42314.764532

39458
1061.148343,200,42229.835648
1161.27376,200,42256.869716
1151.423428,200,42298.71659
1171.190492,200,42314.643686
