#{"t_start": 1665685312.412133, "env_id": "CustomMyoChallengeBaodingP1-v1"}
r,l,t111005.313208,200,14.4606411218.325664,200,42.128617111135.699995,200,58.570485271045.267496,200,100.187210275.390139,200,112.4056611096.08493,200,141.500908121195.820092,200,175.3691834216.679748,200,196.007295182684.616115,200,226.403911657151155.886486,200,258.821140.6794.957614,200,2812881845.887501,200,296.662897061150.620598,200,314.0943282249287.853114,200,313.94661000.668376,200,355.578219.10970.615861,200,367.20800.3995740.280563,200,396.1040.855.283584,200,429.5213693.911065.795025,200,452.1689.1000.680042,200,466.151005.18844.754206,200,510.86106591005.476654,200,535.731811041195.715212,200,551.411100900.672711,200,595.41349840.33175,200,606.12728
1006.00806371.677508,200,63451090.808382.938501,200,651771065.784405,200,65380.18211810.394035,200,683.71845568760.55879.876186,21186.1759935.217866,200,72810.2382261170.815015,200,768.32153731735.203861,200,779.371110671171.671964,20227.864035187.588.5461086.5675.0750431196276.2600875.01027.55088889573.31051180.6995.462839,66859.960241091.940.69123,940785.7022721131196.08076,1851196.95637191426.242225980.61011.290359,795.012641191.38393.198427960.984665,830.08793.974563,200,1024.0325.2271116.106219.44556,200440.91111081.01000.374301,200,1063.52719.846393,200,1098.58679998980.888415,200,11211005.7593569.568512,200,1134620.18577805.416844,1186.584614,2969.323.063723,21196.640174,820.1015.454242,200,1218.770771
1121.053475960.32148,200,1263638.62537466.322309,200,1275336.154591196.245499,200,130910.250793,200,1320.1196.840418.399295,200,1321.537732
137.481385,149,1352.71196.47694.470982,200,1365.03890.00850.751649,200,1391.331146.2607.461033,200,1424.8661185.1051.373439,200,1451.133187.1717.935096,200,1475.333820.31015.882225,200,1508.50900.031196.424065,200,1535.5658.720940.406094,200,1547.925.803830.222421,200,1592.7975.893252.577321,128,1608.71016.07182.792694,200,1621.61745.11140.451272,200,1646.94320.04503,200,1647.881408
11493.65814.127512,200,1650.10899.790641,200,960.838448,211970.6183.079885,200,1708.7890.2171031.239247,200,173311809.792776,200,1765.347893191196.2491125.844608,200,17111180.8233825.583011,200,18162209.902325,200,1848.3166358624.445258,200,1876.472424740.2436119343.98016,200,189664.630481830.611926,200,191834.134068750.135384,200,191110.691267844.939666,200,197981197.031991,200,1988.59407188.851055,200,1989.392501
539.713403,200,2020.4923164916.073236755.321166.41059581046.4717703.286818,200,206471115.791506,200,2105.5131196.1061.301196.896294,200,2120.61151.637546,200,2143.1065.6871026.114705,200,2190.430842
1121.116421,200,2203.47548281166.220058,200,2228.9316532.1161.606468,200,2260.718875.91085.610403,200,2288.9680.003222.527759,200,2302.4359.133474.944053,200,2316.6698.581669.95273,200,2318.1215.06380289.838652,200,23631176.254529,200,2377.252626
925.950004,200,2401.46713
355.113911146.144174,200,2431115.875.21116.61313,200,2461719.466.41161.697514,200,2488601091.58244.388326,200,251181.1095.221.99124,200,2546.805.3211654.556313,200,2561.594.1020561.172047,195,2605.764.5634629.419497,200,262909.913385870.388102,200,2647.87466985.182.466663,200,2659.997910151196.216844,200,2661.38825716466.92364,200,2692.33383485985.557056,200,2718.22218091629.767386,200,2733.065659661006.166469,200,2778.109341091055.708802,200,2804.2789.6791045.538201,200,2818.1821015.689.032131,200,2862.1041790.277.779775,200,2876.637258.7890.096748,200,2903.170980.8311.79051,200,2933.557744.71156.899038,200,2960.86850.91835.77614,200,2975.8611080.794104,200,2992.868001
905.508081,200,2994.27807110219.770759,200,3037.94987
990.697243,200,3051.756077
1030.467965,200,3078.919738
799.788034,200,3123.686888
980.281269,200,3137.019044
780.261394,200,3164.499432
890.483642,200,3195.469212
1161.41048,200,3221.988862
1085.951296,200,3237.883935
143.443328,120,3267.124019
1066.273275,200,3296.245154
1105.960405,200,3309.9227
1080.635833,200,3338.911813
371.681136,96,3339.642073
649.927067,200,3368.641509
986.31059,200,3383.11594
1145.679242,200,3409.931748
885.338896,200,3440.828461
1105.898605,200,3467.670353
302.431617,91,3482.2950290.424.852437,156,3495.733710161196.301644,200,3527.1194739.1196.694839,200,3552.741767.7935.370081,200,3569.385734.0865.351991,200,3611.961196.61045.40032,200,3638.638749.8184.708557,200,3654.201166.51061.383334,200,3669.17569.8183.463778,90,3669.7950482.619.443396,200,3699.668346.91095.76908,200,3725.497759.61035.658568,200,3741.871185.7690.109417,200,3784.980201.8880.376771,200,3798.747187.0845.234753,200,3826.6501196.744.825198,200,3855.110511561005.861297,200,3882.6801397.149.465867,121,3897.2025180.975.112853,200,3913.141044.8566.247122,193,3955.796565
1080.266477,200,3982.061425
813.597572,163,3998.218647
724.887161,200,4013.21171.39488.820166,200,4014.64243
905.773788,200,4044.687956
773.309352,200,4071.324984
1171.032333,200,4098.924405
985.15967,200,4126.610836
1126.072549,200,4155.136713
870.143303,200,4170.042131
665.269354,200,4210.697908
785.269502,200,4225.220656
317.695776,118,4241.054851
1015.754644,200,4283.596897
664.823205,200,4297.421848
1126.066072,200,4325.923697
1051.021722,200,4342.602302
543.889324,200,4343.972301
151.638564,55,4372.201089
78.066383,47,4372.541835111045.846645,200,4398.32726940227.840301,200,4413.72201718569.024409,200,4457.52753980180.070285,200,4470.08913669970.574819,200,4499.307463731135.710471,200,4542.4122187.183.269377,200,4555.9731161056.093428,200,4585.31860117689.671151,200,4615.021968931150.944763,200,4641.519611081186.412862,200,4658.20993226729.418183,200,4688.927427
314.810139,200,4690.457994
171.262769,193,4718.034029
700.213448,200,4745.394927
633.676045,200,4774.646379
1101.388571,200,4801.677409
754.57919,200,4831.136539
180.989645,200,4847.923748
1140.501613,200,4886.376097
890.741392,200,4902.661608
1080.782396,200,4932.105253
122.906607,46,4932.495183.1890.765269,200,4971.5081176.1070.635106,200,4987.531176.2278.937647,200,5017.332855.2774.280086,200,5019.306283.9484.412745,200,5020.793945.1199.414993,200,5057.852729.6970.75228,200,5087.428897
839.879269,200,5103.712593
1186.834226,200,5141.764887
855.224227,200,5157.345246
451.93609,200,5187.474348
925.562559,200,5214.6314
839.931498,200,5242.444517
164.505647,178,5258.192027
589.260287,200,5298.953105
1025.385964,200,5312.394682
985.606081,200,5343.070592
1075.749468,200,5359.911982
820.232135,200,5361.446716
1101.519902,200,5397.181653
654.473014,200,5413.392126
1011.610273,200,5443.373923
1186.925907,200,5471.686931
995.452795,200,5497.853972
493.551866,200,5513.488101
985.200063,200,5553.860891
885.387497,200,5566.676767
940.884073,200,5596.400777
996.243424,200,5634.834857
1195.654021,200,5649.384152
1136.099818,200,5679.530853
925.055884,200,5695.562482
417.805126,176,5696.883676
181.058362,200,5721.55119
1130.709603,200,5736.982573
1196.178858,200,5767.285265
1035.826132,200,5805.655668
880.613265,200,5819.168134
1196.469307,200,5848.919396
1075.695406,200,5881.134241
1195.711547,200,5902.923658
1086.271279,200,5919.186338
1070.88089,200,5964.921483
1141.088869,200,5987.045228
955.393053,200,6003.052398
312.168889,112,6019.226512
379.139369,200,6020.739507
1150.455918,200,6050.975439
935.456412,200,6061.906206
1116.155261,200,6088.555885
1096.054181,200,6134.185597
1020.981603,200,6147.567384
1151.57352,200,6171.71281
760.095009,200,6204.318281
1196.532901,200,6230.068414
1060.953049,200,6242.150916
635.164904,200,6288.54381
1196.191882,200,6312.091665
915.588193,200,6326.339993
920.416329,200,6357.498264
174.507926,94,6358.214563
506.306564,200,6375.83667
1070.788432,200,6399.083764
353.55794,200,6413.024603
980.88444,200,6459.123707
740.201771,150,6474.526695
805.385436,200,6495.805311
1055.496688,200,6511.106828
437.315246,148,6542.818016
739.927858,200,6568.573693
980.815583,200,6593.119939
738.097598,200,6625.280395
1130.950123,200,6652.985296
945.802826,200,6663.433421
920.331428,200,6680.285243
1195.981211,200,6681.807822
961.957018,182,6726.479763
1121.324139,200,6740.627135
183.168661,200,6765.247439
820.561986,200,6798.888003
489.304268,200,6826.420923
1051.079216,200,6836.302073
1195.829833,200,6882.076258
615.563472,119,6898.018636
228.450986,113,6912.098895
184.539587,200,6922.516617
218.643792,200,6967.853917
659.869817,200,6983.891549
1196.120778,200,7007.976185
930.418993,200,7024.686786
217.990329,200,7026.202352
229.401487,200,7056.850645
577.658915,200,7079.431185
941.11503,200,7095.23738
860.027343,200,7141.199822
219.288927,200,7157.585785
835.434908,200,7179.128255
212.33655,150,7212.006455
985.753105,200,7241.459082
1196.031755,200,7252.443954
580.274941,200,7294.605549
1166.373644,200,7310.43
749.369107,200,7336.259176
704.145231,200,7350.024461
1054.655486,190,7351.451906
780.828779,200,7396.679708
1136.677014,200,7413.191637
1171.351862,200,7434.208529
181.701578,200,7467.270292
1151.544149,200,7497.709591
1041.109982,200,7509.095125
175.52397,157,7549.498812
809.471697,200,7565.74358
980.553261,200,7593.359719
1196.295985,200,7620.33142
1026.480001,200,7650.227223
1055.482086,200,7676.257071
36.523033,42,7676.578855
185.166693,200,7690.937607
839.319293,200,7692.306643
182.590424,200,7720.819312
890.189134,200,7749.144206
710.742361,141,7760.106265
875.679461,200,7804.873905
1040.777908,200,7821.877033
1191.142554,200,7845.016142
245.817815,95,7845.666298
1145.791166,200,7891.263942
684.983037,200,7907.417774
1185.96949,200,7931.015338
920.4774,200,7976.116344
1196.404515,200,7992.016751
94.530327,32,7992.306607
212.873368,198,8017.163337
470.478577,200,8018.824559
548.706665,200,8020.205501
267.067188,200,8062.633727
975.504545,200,8079.091085
1131.164453,200,8103.515759
1195.878056,200,8133.080618
865.278582,200,8163.371999
180.772795,200,8188.5354
800.560795,200,8217.532034
865.730721,200,8247.65564
985.703339,200,8262.254369
1161.019371,200,8302.391862
198.525646,77,8303.095863
430.266395,130,8318.575872
986.024874,200,8347.01863
561.567921,110,8361.580419
723.361586,200,8362.970845
639.829891,200,8390.830176
484.978347,119,8406.138517
1025.985777,200,8419.764212
1050.731133,200,8462.120384
1050.546859,200,8477.612047
1196.478011,200,8505.222967
805.231891,200,8519.669634
1146.068064,200,8562.212139
770.464319,200,8589.723582
800.089691,200,8604.415853
885.817975,200,8646.49986
610.44279,200,8662.499706
529.988582,200,8687.87124
1196.67867,200,8689.974274
694.699666,200,8691.480786
649.657244,200,8730.938508
1070.340676,200,8747.494036
905.715532,200,8773.195808
428.100959,200,8817.059224
293.822679,118,8818.070679
880.33666,200,8846.683133
1086.378973,200,8886.602197
1126.384943,200,8902.237864
1096.453377,200,8930.145144
955.557811,200,8959.513232
1110.830119,200,8986.823095
408.815863,150,9002.219946
1196.51319,200,9028.687562
1181.188171,200,9030.409127
449.903053,200,9031.900151
1145.75129,200,9058.507253
510.544057,151,9085.073494
830.189801,200,9100.563226
215.727896,197,9142.210052
1136.374833,200,9158.523451
1081.202238,200,9184.059289
1035.928615,200,9213.059389
1196.433351,200,9242.371713
1186.115666,200,9256.350997
670.346907,200,9297.822928
346.117519,69,9311.533259
1110.407436,200,9327.103605
55.272625,61,9340.321152
384.750581,200,9354.928444
910.481518,200,9356.627611
508.646443,200,9358.127916
182.888985,200,9397.980871
1110.922276,200,9414.17514
1111.079879,200,9439.551528
985.676632,200,9482.03875
173.059021,186,9498.056418
940.873858,200,9523.816946
900.30047,200,9554.219707
905.662363,200,9581.272284
609.798737,200,9596.58285
1186.530478,200,9638.412587
945.812763,200,9652.258141
1170.689055,200,9681.063022
443.590123,200,9695.677373
840.082859,200,9697.177489
1161.035327,200,9726.415722
757.244341,136,9752.922607
1196.214368,200,9768.11552
955.26998,200,9811.768025
890.597736,200,9825.618817
1156.076132,200,9851.469201
1030.717665,200,9884.34001
794.729564,200,9910.139408
383.812075,200,9925.011406
1091.479104,200,9967.983538
1096.522096,200,9994.926121
1196.425903,200,10010.094657
940.694205,200,10024.594373
380.033569,200,10026.080786
890.002664,200,10067.356332
1196.992163,200,10095.570399
1131.082401,200,10109.995895
1181.415405,200,10153.260914
1091.406751,200,10169.600781
1181.733735,200,10195.294872
889.846642,200,10226.846591
1031.417729,200,10254.082675
996.084899,200,10269.360569
1196.277276,200,10312.903991
1171.218747,200,10339.616306
239.160595,198,10354.850881
689.701316,182,10369.173762
1191.222934,200,10370.669672
1181.568014,200,10401.469053
1161.100416,200,10428.406092
574.160528,200,10455.075476
830.066134,200,10486.014629
757.128945,168,10500.097022
101.123616,44,10512.571268
865.62172,200,10526.070307
825.443378,200,10572.235839
1096.497937,200,10585.679431
1101.079993,200,10612.190073
925.646313,200,10656.238288
1145.944217,200,10672.091968
870.646657,200,10698.087071
745.248802,200,10700.527087
1010.952508,200,10702.032794
380.512368,188,10744.227033
860.95026,200,10771.534238
915.620456,200,10786.025034
915.615059,200,10829.128403
519.231657,167,10845.128011
180.39302,200,10870.821471
589.860833,200,10900.995812
935.529395,200,10928.432072
1116.177795,200,10943.065804
177.200957,76,10956.468513
541.961478,111,10985.966916
127.454755,46,10986.335603
965.412328,200,11014.313682
324.281956,88,11015.092622
915.471679,200,11042.068472
339.654068,94,11042.967412
449.906291,200,11044.468458
216.27089,200,11075.472531
985.755777,200,11088.148053
1130.949419,200,11117.205374
945.521884,200,11147.719935
905.617116,200,11175.000667
180.179704,200,11202.602923
162.519352,71,11203.148213
1005.87808,200,11246.437093
539.623284,200,11260.399944
1196.552898,200,11286.56567
1156.942749,200,11318.959034
840.743881,200,11345.055936
895.73392,200,11370.055888
659.655601,200,11387.210368
316.232427,189,11388.64288
1141.187351,200,11414.257082
139.036567,68,11428.974641
1055.991114,200,11441.684531
955.486379,200,11486.979325
990.536549,200,11499.471479
215.030015,200,11527.126836
890.605647,200,11554.95575
79.936524,38,11569.824362
1136.356194,200,11583.362913
184.431551,99,11597.490924
910.414304,200,11623.411581
900.347442,200,11652.526764
197.522394,86,11666.802897
1196.495606,200,11679.896834
1196.502359,200,11706.830008
441.763111,200,11708.452115
291.973345,200,11709.883493
296.49025,184,11752.263168
182.007303,200,11766.119069
1196.766484,200,11793.117633
1136.334051,200,11825.155774
228.870347,200,11851.766345
1020.766823,200,11867.560863
435.253597,151,11909.266522
1196.432554,200,11925.09951
855.684969,200,11952.631864
1186.238724,200,11980.845276
592.322484,127,11996.093062
1070.958289,200,12023.817851
182.602423,200,12036.990335
546.046912,137,12051.704664
301.474127,200,12053.202312
1090.635086,200,12084.326856
1130.83971,200,12099.117222
880.503836,200,12123.612563
1070.807662,200,12155.549497
564.141431,200,12182.823514
925.286764,200,12210.575838
155.728561,85,12211.227554
104.843586,115,12239.892619
754.78311,200,12267.183499
1010.433983,200,12282.834083
1126.002292,200,12323.931752
1066.394051,200,12338.666158
1116.266057,200,12366.054988
437.489682,200,12381.494656
564.206473,200,12412.345635
940.326519,200,12425.909628
121.203394,81,12440.050739
183.945629,200,12468.056715
799.462514,200,12499.941888
1196.802136,200,12526.739086
1995.55126,200,12527.19247
1195.986415,200,12554.3357181710.461124,200,12585.028464
980.225912,200,12610.918813
1035.489274,200,12626.89101811504.896573,130,12653.79725
1090.577298,200,12682.153992
1150.779173,200,12695.3882221076.041783,200,12709.135318724.777536,200,12723.536205
1030.792077,200,12725.047904869.993246,200,12756.486536
51191.705194,200,12782.858811961000.336391,200,12796.5647489.1116.10095,200,12839.951965.2955.367626,200,12853.984805.4181.232501,200,12881.7711146.1090.671973,200,12924.416981
1196.334839,200,12938.593184
709.815579,200,12965.595248
183.001189,200,12997.429877
1061.111794,200,13023.102278
1141.196498,200,13038.942688
624.064311,200,13053.194589
276.773282,122,13054.03308
238.447699,200,13084.889683
775.610973,200,13110.009957
1079.110039,194,13126.907706
1045.820065,200,13168.002879
1025.554287,200,13182.940384
854.872299,200,13210.274562
605.780322,156,13238.50356
619.359653,200,13266.254519
986.346693,200,13280.095696
1056.037279,200,13309.005686
708.43683,200,13338.476408
1076.107606,200,13365.192408
204.131267,109,13380.123527
1116.218793,200,13395.498391
1050.937805,200,13396.869659
1126.056748,200,13426.555089
920.071267,200,13452.131597
1056.259688,200,13467.23352
1191.250902,200,13511.251925
1000.664127,200,13536.241944
1036.057589,200,13552.243682
1120.931987,200,13593.324769
183.624956,200,13607.505536
934.06977,200,13636.969673
1105.709631,200,13665.241
1085.607588,200,13691.588109
253.165626,123,13706.776189
156.685591,102,13721.550332
960.08312,200,13723.536804
206.661688,200,13724.916839
199.675003,200,13766.572829
910.514682,200,13781.184208
1176.260454,200,13809.495024
1115.967072,200,13850.966389
232.198664,200,13864.182375
141.960193,91,13879.720982
257.765037,118,13894.622678
849.813759,200,13924.441326
925.74625,200,13951.236736
1196.221337,200,13966.860934
899.972671,200,14009.903931
1075.255841,200,14035.787686
1021.30521,200,14051.549989
994.297076,190,14068.426833
512.652944,200,14069.817276
246.53179,200,14098.067592
1196.239934,200,14124.223324
1045.623859,200,14140.666755
1140.920684,200,14183.435521
182.166172,200,14210.182533
1181.130095,200,14225.907077
880.315597,200,14266.586536
1005.858336,200,14281.172268
1196.388525,200,14310.427382
1101.241597,200,14341.052558
783.987048,185,14366.727844
1020.481619,200,14382.659922
935.719521,200,14399.631221
438.713571,200,14400.985528
870.215217,200,14440.757144
1096.083333,200,14455.827705
1161.279037,200,14485.587931
613.51043,200,14526.340529
980.350685,200,14541.151564
468.707197,200,14571.044756
754.110175,200,14599.215518
1181.564148,200,14625.419745
810.232419,200,14641.860722
1186.282497,200,14683.815573
979.749611,200,14709.800384
1195.925065,200,14725.655981
955.897692,200,14742.987122
213.639121,200,14744.484595
1125.796903,200,14771.728522
1000.497655,200,14797.887579
790.174907,200,14827.557317
850.392334,200,14855.60469
1191.387858,200,14881.7798
1065.307057,200,14897.857859
214.785125,94,14923.716148
598.285804,200,14950.751828
180.509738,200,14965.717602
1116.107553,200,15007.166455
1125.956285,200,15021.042201
1160.705843,200,15048.315326
614.1861,200,15064.23798
657.821598,200,15065.773317
620.022957,151,15066.896614
970.581357,200,15104.953159
940.492152,200,15118.576687
180.718847,200,15148.993624
1196.830511,200,15177.578842
1085.784878,200,15203.766939
423.669965,200,15220.062149
750.058675,200,15263.259802
970.311738,200,15289.240556
855.714771,200,15305.644562
1196.73565,200,15346.599491
194.923575,200,15361.369348
182.260226,200,15388.988952
246.874623,70,15389.615078
1195.834333,200,15406.485886
589.14421,200,15407.993403
910.76733,200,15435.713851
1076.076642,200,15461.453833
945.726707,200,15492.020149
970.585571,200,15520.749843
1181.44192,200,15547.462507
1196.150011,200,15563.172341
1196.777192,200,15607.038005
177.838703,76,15607.680918
210.939106,121,156840.047972,955.286823,200,1561196.1188041181.654358,200,1561196.256181980.105175,200,15703.209751
1196.249993,200,15732.734387
1105.855545,200,15735.100191
401.655351,200,15736.709538
1010.430954,200,15777.272708
579.451337,200,15806.466308
950.776337,200,15822.79104
184.021151,200,15863.400495
1066.106123,200,15878.821026
1135.827134,200,15908.68502
980.24081,200,15937.424192
1061.07069,200,15962.784265
710.25036,200,15994.044252
1005.131402,200,16021.180926
935.683202,200,16046.632862
1196.133625,200,16062.37388
810.080877,200,16079.323542
619.152726,113,16080.171113
383.933162,200,16107.459651
1025.953224,200,16120.712088
734.523041,200,16149.376167
930.414777,200,16191.07573
1181.103177,200,16205.435465
1196.131292,200,16232.672724
623.698117,200,16265.073148
925.869963,200,16290.159362
805.40836,200,16304.334026
1196.541161,200,16347.872871
181.095846,200,16376.663649
955.570082,200,16390.255323
683.522373,200,16419.732899
298.771183,200,16421.230577
985.084736,200,16449.510013
1040.802959,200,16475.344042
1151.445648,200,16491.552613
1196.253593,200,16534.399443
986.126508,200,16548.520529
754.163943,200,16576.916899
161.63874,50,16577.345828
526.848505,199,16620.392141
618.230983,200,16632.756498
1095.888221,200,16661.29975
970.364583,200,16705.132662
799.941109,200,16718.557293
1050.298395,200,16746.337575
774.70562,200,16748.304533
185.663094,200,16749.80931
375.169911,130,16778.072565
935.326579,200,16805.802375
1101.126167,200,16819.687226
58.911253,67,16834.056021
92.388488,35,16850.945988
1105.794842,200,16878.37652
479.369111,200,16891.993136
186.818688,200,16920.521172
764.416076,200,16950.34925
1115.388071,200,16978.050226
1165.552677,200,16991.380225
855.233021,200,17034.35232
1016.399216,200,17049.9037
769.979719,200,17076.048407
1196.452044,200945.330324,200,457.14554,200,754.633666,2001105.963235,200,17121.438934
1050.676537,200,17147.363201
1045.753677,21001.222933,200,11195.697147,200,17208.058969
1065.706766,200,17222.842329
885.259627,200,17250.574682
1130.886999,200,17292.620718
1075.871447,200,17307.31025
1130.832158,200,17334.72712
1101.2624,200,17364.564004
1196.396285,200,17393.828968
1196.421983,200,17407.176993
860.255655,200,17423.627337
920.101417,200,17425.124147
1000.748701,200,17466.228745
1106.112849,200,17482.015676
980.897703,200,17508.658177
1166.299033,200,17538.832603
220.119713,200,17567.842969
1041.021458,200,17581.09179
1040.528343,200,17624.388907
1080.89971,200,17654.140282
895.739965,200,17667.500068
1010.78452,200,17710.099483
820.227138,200,17726.418306
52.580156,60,17740.776888
724.086546,200,17753.72768
970.699232,200,17769.171876
238.562971,200,17770.529111
184.014951,73,17785.532088
629.923166,200,17814.514285
1025.513163,200,17828.292183
1181.679145,200,17870.16278
1010.628362,200,17884.5931
108.293595,71196.799225,200,227.783583,201005.762852,200,1161.168321,20724.796386,200,1940.247631,20754.286313,200,11195.296668,2860.409214,200,11076.291549,200,18040.903043
1045.35913,200,18056.677524
1050.71392,200,18084.275959
472.770355,143,18099.038255
1036.02231,200703.755154,200,413.200946,2001066.480113,20069.289719,32,18628.533544,21005.859829,200,1630.408617,161196.069028,200,1196.055277,20976.402397,200,536.520774,2001120.727325,200428.078136,200,1141.255036,201000.593998,200,674.548718,200674.312191,200,1161.3458,200,103.824241,111652.346994,121,1015.637975,201006.052037,200322.518461,107,985.805954,200,18377.160841
184.534708,169,18404.790066
1071.228989,200,18420.969216
1176.484552,200,18448.679405
594.057968,113,18449.447501
122.531185,94,18464.486161
179.68708,200,18479.679241
340.064740.089404,200,18509.31196.891116.079413,200,18522.81126.5180.623985,200,18564.574753.51106.026668,200,18592.54629.521030.530816,200,18606.81070.8920.762772,200,18650.034188.1769.748859,200,18665.821161.3544.524907,200,18692.3171040.184.494486,200,18720.95031000990.712235,200,18751.410716841196.574581,200,18765.018940.669646,200,18780.565505
183.68775,200,18782.055781
1060.916712,200,18823.141358
375985.152745,200,18839.8202711996.295579,200,18865.86506911016.071961,200,18896.42223811000.431769,200,18925.16511411030.282362,200,18953.233787951196.264297,200,18982.362011961145.643084,200,19010.37001136.415433,200,19025.709647
1121.272349,200,19068.942796
815.273572,200,19085.505809
965.261035,200,19111.134015
537.870572,200,19128.163869
912.300585,178,19129.485601
910.480331,200,19156.288386
995.624095,200,19183.185574
1045.715555,200,19198.436668
1045.625364,200,19240.661118
820.00341,200,19256.349942
1106.330314,200,19281.943896
1086.35621,200,19324.755562
934.665621,200,19338.335879
180.556675,200,19367.038685
1055.491255,200,19396.581671
970.19764,200,19424.320064
373.085434,97,19436.734788
214.202908,200,19452.429005
995.731843,200,19454.140512
684.942302,200,19455.674715
1161.262264,200,19498.319514
930.293505,200,19512.353442
1175.922484,200,19540.931905
177.267743,71,19567.463744
865.315656,200,19583.972753
810.363003,200,19609.733381
808.829715,200,19640.675736
889.982465,200,19667.80663
1035.634516,200,19682.414807
1015.829316,200,19709.948406
1005.177621,200,19737.596956
1086.15153,200,19766.223832
1196.740035,200,19792.897547
175.843787,144,19794.202721
669.033745,200,19795.685499
945.938259,200,19824.197047
1010.60436,200,19852.822681
1166.251723,200,19866.348456
1105.504082,200,19909.163173
97.379381,40,19909.500762
73.1132,41,19909.860697
1026.096453,200,19939.29552
178.972039,130,19952.02941
815.405771,200,19980.460805
1156.33694,200,20009.697322
870.74019,200,20036.600426
1196.58176,200,20066.021519
763.856959,200,20094.939273
385.366747,146,20108.006518
684.884016,200,20124.488787
744.582842,200,20125.98798
29.003185,16,20141.38372
900.492039,200,20167.909819
1120.969529,200,20195.161182
755.408254,200,20210.480745
528.727267,200,20254.047597
1106.393409,200,20269.031996
830.307358,200,20296.612057
1050.25987,200,20324.053118
1000.502102,200,20353.392488
970.968495,200,20381.354017
770.32616,200,20408.209986
875.0707,200,20438.134639
1071.584748,200,20451.34896
67.910204,41,20465.268314
1196.605499,200,20467.07665900367.344846,200,20468.55864341258.561964,200,20496.406409451166.201173,200,20525.8906659.1050.925735,200,20551.8951040.980.501394,200,20579.986830.6865.090233,160,20595.741055.9835.342008,200,20623.578162
890.493836,200,20665.432151
182.906971,200,20682.148618
960.86437,200,20708.654283
670.002131,200,20737.538269
935.801106,200,20766.908133
861.453776,200,20780.892969
1010.59031,200,20796.350981
440.677259,200,20797.866277
1076.247094,200,20839.865655
729.821136,200,20867.598107
815.293753,200,20882.254516
946.100693,200,20926.161127
1076.070983,200,20942.208573
839.931089,200,20968.414465
1140.619945,200,20997.564173
1080.479386,200,21027.142996
780.204188,200,21040.119938
1111.161546,200,21082.23753
183.472334,200,21112.140484
330.014271,138,21125.759699
956.191771,200,21140.947322
528.823134,200,21142.448024
1055.860001,200,21184.9556
1030.478518,200,21200.752009
1010.456711,200,21226.992766
1115.99804,200,21256.221011
726.07111,156,21272.521112
1120.497272,200,21299.411372
180.714174,200,21340.80579
825.282698,200,21356.65378
499.185747,200,21384.178121
1160.59793,200,21412.087471
1090.641702,200,21442.610306
875.529256,200,21455.859115
884.914856,200,21471.360749
524.347915,200,21472.852773
1196.24834,200,21513.957357
1085.929898,200,21540.302451
1196.071998,200,21554.636429
1076.149121,200,21596.48171
1020.078071,200,21613.536284
1001.002208,200,21638.427861
970.726712,200,21668.963948
1135.597008,200,21697.905414
950.464088,200,21723.535678
1151.214331,200,21753.248792
180.475066,200,21782.456829
674.053965,200,21798.258269
634.825172,200,21811.815613
180.894211,200,21813.329456
839.928741,200,21854.561355
1196.364548,200,21870.361404
1161.127879,200,21896.608706
970.213516,200,21926.651418
870.566708,200,21956.26387
1116.432099,200,21971.549114
1176.460408,200,22011.163631
1196.229632,200,22041.055956
1140.88748,200,22055.758235
1015.93688,200,22095.972795
697.993541,200,22111.534646
1160.649385,200,22141.105554
118.354134,124,22153.701907
254.953595,200,22154.939779
478.53325,200,22183.756488
187.018247,147,22199.970845
1170.727016,200,22214.15531
1196.70022,200,22256.263956
1166.094448,200,22270.929896
594.395953,200,22300.992332
182.337913,200,22328.124759
537.585817,200,22356.19967
1075.840093,200,22385.423818
850.880526,200,22398.22131
885.433621,200,22441.441785
860.601299,200,22457.067038
840.238207,200,22484.31618
1105.584693,200,22485.867643
197.94705,171,22487.033123
895.122275,200,22514.858804
1146.096592,200,22543.892998
1071.283731,200,22570.363072
905.082538,200,22599.93651
1005.897541,200,22629.65058
920.405021,200,22645.238022
890.256669,200,22685.547033
835.479758,200,22701.608831
629.44495,200,22730.070712
114.37491,42,22730.473529
765.362044,200,22771.82212
1035.222062,200,22787.516187
236.197352,200,22816.887866
1050.85508,200,22828.915631
180.681835,200,22830.155466
975.41594,200,22859.612952
1011.087661,200,22888.569284
1025.529544,200,22905.024764
960.695931,200,22944.412666
884.925929,200,22961.395802
1150.966606,200,22987.260167
1125.961153,200,23030.910484
169.867253,63,23031.436306
885.933239,200,23061.499065
1076.016842,200,23074.179124
183.356152,200,23118.147241
835.497977,200,23133.080538
412.800658,200,23160.338057
703.936097,200,23161.955511
250.050098,200,23163.314533
604.560741,200,23204.116892
855.076523,200,23220.62418
1080.331144,200,23247.047128
1196.21558,200,23276.383619
1130.815709,200,23305.65718
330.199147,200,23332.497354
1001.357666,200,23361.264239
190.941162,95,23376.303194
925.634757,200,23391.979194
1000.874,200,23433.610293
1185.935567,200,23462.528057
995.75787,200,23478.298911
228.087421,87,23491.68015
990.743204,200,23503.940175
1195.905337,200,23505.299032
1085.939531,200,23534.385995
639.623406,200,23564.042201
1061.073379,200,23579.78237
970.401161,200,23619.246111
940.685661,200,23635.757606
1030.679107,200,23661.961776
1176.017554,200,23705.243363
845.434983,200,23721.251648
940.59664,200,23747.5482
915.785997,200,23777.217041
889.975374,200,23806.777993
805.579769,200,23822.1222
955.499403,200,23835.42576
260.13848,200,23836.897076
798.890774,200,23879.013139
744.778455,200,23895.393911
1000.351407,200,23921.011833
148.442819,163,23950.642705
880.447668,200,23980.105043
904.9856,200,23995.527382
985.468427,200,24035.256576
411.598281,127,24051.176642
644.532603,200,24066.9374
646.364396,174,24093.891809
833.839881,200,24122.705292
1056.137532,200,24153.001479
1140.663751,200,24166.780055
288.993727,93,24179.378021
252.34189,200,24180.870506
689.010846,200,24196.064339
451.665604,147,24225.218975
1156.010555,200,24239.673131
990.210231,200,24280.526995
1050.810816,200,24295.077936
795.528147,200,24324.959964
1046.098552,200,24339.854797
915.602082,200,24379.638577
1025.889535,200,24408.548318
810.268726,200,24422.047944
181.834292,200,24464.821211
1095.759227,200,24480.461209
981.107069,200,24505.620879
1130.892938,200,24507.492367
136.334426,150,24508.611763
688.661081,200,24538.678177
809.854975,200,24568.14459
880.037428,200,24593.395122
1081.067214,200,24623.315308
895.370061,200,24652.99187
1190.715867,200,24667.57161
178.982577,198,24708.116351
1196.083593,200,24724.832353
44.427985,51,24738.840743
664.766012,200,24752.724844
674.988038,200,24794.807586
534.454648,186,24810.494545
1086.02797,200,24838.780966
1025.91125,200,24852.339324
184.660943,200,24853.836441
245.920541,178,24882.533314
1131.101954,200,24911.615845
835.45162,200,24925.887995
182.57002,200,24966.973691
1131.397838,200,24983.341397
366.890848,200,25010.872946
1121.570341,200,25051.987594
1195.915106,200,25068.24459
1196.053689,200,25094.199735
925.363184,200,25123.81455
1020.736934,200,25153.243732
1076.291972,200,25167.471698
1136.466896,200,25181.067763
960.043181,200,25182.557088
154.622296,122,25211.732184
1186.11724,200,25240.976572
1195.927283,200,25255.111535
1066.007557,200,25297.064973
457.770366,176,25311.942487
1065.760201,200,25339.78247
850.238443,200,25368.446756
1050.897836,200,25398.232074
1131.30063,200,25425.4711
466.616353,200,25454.80313
845.707913,200,25483.292064
1171.198621,200,25498.999424
648.206706,200,25524.662825
511.112105,200,25526.166858
181.365877,200,25527.681746
57.270297,30,25542.537017
1040.893037,200,25571.998317
1065.206454,200,25586.549529
1196.089927,200,25628.669423
970.777214,200,25643.924623
1186.364372,200,25672.435038
181.030897,200,25685.779183
955.676376,200,25728.317756
1105.776449,200,25757.535964
454.535124,200,25770.168743
954.953949,200,25812.929002
1116.106376,200,25827.300512
1076.046993,200,25854.61917
1080.815572,200,25856.782167
260.138366,200,25858.350239
1140.720057,200,25899.432667
1041.237217,200,25924.834368
865.665055,200,25941.004679
895.594062,200,25982.921434
865.943309,200,25998.524605
1156.535008,200,26025.346259
1186.503006,200,26055.424714
330.496129,79,26070.602628
880.742602,200,26096.733832
1161.430518,200,26128.135345
181.39846,200,26156.258802
180.278683,200,26170.589596
803.203312,189,26197.71852
1141.198155,200,26199794.28477814.38766,200,26201.061085
183.145678,113,26229.614.7441905.540826,200,2621040.6397691196.343896,200,262795.416508,1095.988852,200,26991.109312,2995.639358,200,26497.67493,20181.343238,200,26356.426176
304.287979,94,26880.308738,2519.513368,200,26400.563691
412.676354,200,26417.027676
1160.764443,200,26442.419396
799.528152,200,26485.911123
920.421663,200,26500.30829
1145.515385,200,26527.861922
991.13348,200,26530.123662
182.505435,200,26531.625328
1120.804957,200193.621753,200,875.677667,200,26598.522487
1030.809157,200,26614.181032
1101.284123,20854.961817,200,21046.063427,200,26672.186578
1000.452294,1181.217293,200,26670.027186,21000.997079,200,2915.441831,201196.076154,200,689.974333,197890.588992,200,985.79575,200,850.113998,200885.397908,200,1081.225554,20995.905942,200,2774.270855,20835.2535,200,2681166.621196644.571493,200,2687775.492915215.432832,200,26915.416605
1196.990366,200,26929.944366
960.349795,200,26958.182329
1030.053896,200,26987.354889
157.108807,177,27014.948755
985.501175,200,27029.117092
1196.78417,200,27071.888599
1196.090605,200,27088.147262
272.445028,122,27100.563007
154.56856,110,27611.229397,980.701848,200,271553.420518,1196.032969,200,271115.670189,975.084549,200,271925.310057,1136.137734,200,27712.860637,2238.544933,200,271195.874975,794.148307,200,272779.513809,941.030254,200,27272.832117
1151.319733,200,272755.339019,1160.965069,200,27333.611372
895.041219,200,27347.099194
870.708711,200,273915.588649,915.29054,200,2740179.884538733.110074,138,2743990.4425591150.985574,200,27965.705608,2981.210975,200,271196970.8871031.142554,200,275180835.4024955.186338,200,2751100.9831681055.80629,197,275410926.0471194.685051,166,27550705.33082910.897332,200,27579522.97532995.503198,200,27605945.644471115.60667,200,2762981160.911196.492419,200,27661095.684041197.035053,200,27611131.38852871.217132,200,2771110.531898945.590345,200,27749654.54648990.959786,200,277641025.561196.325391,200,27791.1130.8571196.138928,200,27821.1090.473845.795177,200,27850.1849.6941196.703149,200,27877.845.68311065.871346,200,27892583.54349213.809234,200,27893.640854
343.770315,200,27921.1141.306915.428276,200,27948.768217
775.281422,200,27964.980.8771010.386247,200,28007.1080.9311195.857742,200,28020.269803
559.624561,200,28049.228409
1196.163587,200,28092.51010.35263.114502,67,28093.0971191.985.241492,200,28120.9790910.535.049535,200,28137.05631051136.929717,151,28166.54326116990.623312,200,28192.751666981121.511998,200,28208.8878294.1110.403905,200,28225.43957.901161.256555,200,28226.624.9869900.244249,200,28266.845.38711175.987796,200,28280960.82076765.504341,200,28310664.62759184.32884,200,28341850.005911156.426246,200,2836790.135338159.539075,79,283811120.7305844.988263,200,28411.749.7859709.821698,200,28438.1066.198704.916894,200,28452.1255.473232.427454,200,28497.934.57011005.883193,200,28511890.44173594.599304,200,28531171.46410970.823647,200,2855458.1390261195.982589,200,2222.191813,20389.326979,200,2714.827628,2965.413832,200,28645.252756234.40107,73,28613.909.871486,200,28627.096102
1106.232573,200,28671.780168
134.277108,148,28683.221891
287.368986,97,28697.876991
399.287217,200,28714.25763
1035.782773,200,28755.853578
180.328886,200,28768.480566
111.24603,119,28782.860457
1145.904545,200,28812.620328
594.603143,200,28842.263746
715.754372,135,28867.310209
634.94516,200,28883.371046
730.0507.594121,200,28899.6461020.1075.985784,200,28901.134946.3775.412835,200,28939.2481055.84889.895369,200,28955.711125.9680.230604,200,28985.34411361010.928392,200,29013.427183.6845.596786,200,29038.778884.81196.134977,200,29068.431181.01166.400037,200,29098.561196.567.202086,200,29124.1785101011197.032347,200,29140.826470.1096.661884,200,29183.239588.71995.365186,200,29197.71121.31769.454271,200,29225.88187.814765,200,29242.262774
284.091653,200,29243.650167
1075.451908,196,29272.348327
264.447818,156,29286.123518
1141.054293,200,29314.328917
990.561942,200,29354.024295
1170.54205,200,29368.569702
1196.301187,200,29399.013579
629.426417,166,29427.570583
905.30423,200,29453.979456
1116.171877,200,29469.806533
910.783785,200,29514.268345
836.053889,200,29527.683497
1190.953455,200,29555.774426
1026.153024,200,29573.16771
337.636166,200,29574.668672
50.760573,23,29589.596964
250.1618900.1066.334855,200,1016.3063712.51190.928369,200,481.263966,201070.871859,200,775.01463,200,995.633719,2001196.334993,20995.043497,200,21155.945052,2181.462192,200,29180.57242,20935.684023,200,180.685181,200669.998836,200,29796.92180.47875.798041,200,29813.2237.385629.770794,200,29856.7188.0985.340442,200,29870.436970.01131.082457,200,29898.31975.801050.992854,200,29915.24705
945.904225,200438.041514,200,63.587636,54,2970.548483,20815.295136,200,21030.302122,2935.772115,200,291110.610672,1111.189979,200,30990.545398,2805.34082,155,300523.382957,1171.574333,200,30749.725393,21111.213835,200,3880.290088,20930.632103,200,3985.82618,2001045.510616,2001055.9312,200,3960.836973,20491.946723,200,3729.82182,200915.569439,200,740.358456,2001116.395639,2001141.261104,201000.425024,200,1071.215394,201036.263053,200,924.80479,200,1115.459717,20950.649103,200,31196.557884,2985.82673,200,301075.692949,910.381781,200,303830.374206,925.827894,200,3031021.239196920.357717,200,30381031.032851,200,30418.992604
1125.6410960.897324,200,30446.1191.650915.106336,200,30474.1770.017960.71552,200,30489.79173.331196.304597,200,30532.920.58251036.1092,200,30545.71000.9920.989042,200,30575.6761075379.31672,200,30591.90630511185.516673,200,30593.38153977890.153405,200,30620.065957
1196.11655,200,30647.364717
1196.071134,200,30675.19463411840.372123,200,30704.773843
1146.198857,200,30732.095414
1080.810014,200,30748.533726
1056.1666,200,30787.901372
699.851107,200,30803.558921
960.417856,200,30833.765954
1000.619965,200,30861.4425
1181.526887,200,30888.566166
940.849658,200,30918.849932
1020.9932,200,30921.156546
779.965221,200,30922.64327
1186.416467,200,30959.14938
1186.485999,200,30976.001615
293.962187,200,31004.966348
840.432032,200,31044.171853
825.26743,200,31060.152761
1036.16686,200,31090.587997
116.403438,39,31090.917991
1196.576753,200,31130.177697
1131.729234,200,31145.653418
724.889515,200,31176.205637
1000.360171,200,31203.843729
1151.20378,200,31231.065658
995.76586,200,31247.171245
1196.819855,200,31263.372777
428.181385,200,31264.86907
644.607714,200,31290.847115
1121.42167,200,31317.993641
181.522344,200,31347.415062
945.862615,200,31375.693629
1196.553752,200,31402.955143
66.63744,29,31403.213542
624.871008,200,31433.719368
1186.687576,200,31461.048685
1196.841106,200,31489.986808
1196.031733,200,31505.175614
181.463091,200,31545.550517
1136.349963,200,31560.919636
985.930038,200,31591.65479
1146.648263,200,31593.7323033674.809393,200,31595.2470971166.277151,200,31633.145053
961.555459,200,31661.999166
1156.197215,200,31678.54699
1166.287348,200,31717.1046398846.062135,177,31733.3592361825.47738,200,31762.939849
1196.502285,200,31790.092641
1195.782381,200,31817.224808
995.522449,200,31833.153406
1050.166993,200,31874.777181
1036.216099,200,31887.64656611196.999064,200,31917.6633338397.815768,106,31933.5114931890.739051,200,31935.045567
1026.210859,200,31961.8886238179.41558,199,31973.853556
361.487644,200,32004.7756417986.032785,200,32036.6442988819.531847,200,32060.020335101196.116047,200,32089.88751061.419713,200,32091.438168
1196.078149,200,32133.308132
915.817671,200,32146.278462
1025.335589,200,32176.838884
739.728574,200,32217.591325
830.458477,200,32232.943995
1196.747238,200,32263.327332
149.427834,94,32264.176304
11170.737011,200,32265.0127066910.404559,200,32266.5790831795.215346,200,32304.59146
1186.542841,200,32334.331368
1181.308765,200,32351.38071411664.966178,200,32389.9341548840.759765,200,32406.9598617890.052823,200,32436.4688438930.454525,200,32464.8481141665.142974,200,32491.01444
1025.798399,200,32520.970865
1016.116792,200,32548.89203
1196.515628,200,32574.834023
1196.701349,200,32590.503007
760.029256,200,32606.848139
1065.322685,200,32608.340643
225.353989,200,32644.339358
180.718733,200,32660.560044
915.819564,200,32689.708023
970.322457,200,32720.312218
168.094042,93,32732.136466
188.32215,166,32746.316289
752.74759,168,32777.544084
895.893462,200,32806.005897
1196.59412,200,32831.267677
1196.613941,200,32847.311585
1195.865934,200,32890.321051
815.624201,200,32902.847914
875.609353,200,32933.131317
1076.2586,200,32949.381784
232.864303,200,32950.875231
986.058878,200,32975.0594
719.677501,200,33004.809473
216.242415,153,33020.502619
834.960771,200,33049.60009
1066.045772,200,33075.463656
1196.821206,200,33104.967682
740.012393,200,33134.74297
1196.133642,200,33158.830524
1195.564174,200,33175.372828
825.09371,200,33219.193808
940.563454,200,33231.199552
1196.472258,200,33260.120181
996.206842,200,33277.203833
582.366042,148,33278.427655
185.691001,200,33306.364635
1041.088944,200,33331.18297
990.077033,200,33347.512876
1025.458112,200,33391.439501
1025.28008,200,33403.260854
549.304654,200,33432.362901
971.171173,200,33476.864931
895.851354,200,33487.888743
1191.372663,200,33516.950443
54.357106,32,33517.220256
1100.93023,200,33562.774482
1100.835353,200,33574.211583
1025.735615,200,33602.960168
1096.343592,200,33619.561945
181.905554,200,33621.06873
513.640367,144,33647.528912
830.133501,200,33662.033729
1076.254075,200,33689.752832
1066.551706,200,33720.702915
1176.310255,200,33745.639287
1196.002174,200,33776.04653
1106.482997,200,33806.608094
1015.487967,200,33830.573281
1106.088986,200,33846.592095
969.930343,200,33891.82583
1076.44151,200,33902.33052
1196.841416,200,33930.754994
1041.529223,200,33947.493375
959.450205,195,33948.954347
1001.126894,200,33988.302485
860.617799,200,34002.906097
1051.023186,200,34032.048012
1000.935551,200,34063.210121
1100.354985,200,34087.089035
724.916009,200,34103.158229
749.687855,200,34148.434126
1046.21497,200,34172.343333
1196.748411,200,34188.124638
885.551303,200,34234.243551
1196.401414,200,34246.109872
730.258034,200,34273.159645
760.08254,200,34289.943141
391.118474,200,34291.47566
790.44366,200,34319.612221
1121.304127,200,34345.48271
1036.097095,200,34361.675894
726.645638,185,34401.85418
1015.986986,200,34416.094244
980.738533,200,34445.594447
369.015635,129,34477.350405
960.814722,200,34499.373528
180.881435,200,34515.475771
205.089673,200,34561.098228
1016.222643,200,34574.575562
1090.830882,200,34600.812093
1056.097743,200,34618.631965
1000.786295,200,34620.11798
517.572716,153,34650.44387
1196.176705,200,34673.695865
1146.49506,200,34703.586054
930.559547,200,34735.960903
175.523333,121,34748.313944
558.486176,170,34760.571653
931.06351,200,34790.210198
910.423848,200,34822.638088
860.379628,200,34846.027074
672.263172,126,34861.714185
1096.312548,200,34907.078065
1055.631627,200,34920.214297
1105.768869,200,34946.473084
1020.612121,200,34963.110173
1125.645486,200,34964.611148
267.403051,200,34994.394785
659.944576,200,35018.174759
900.685645,200,35033.938043
614.610095,200,35076.391582
1011.050557,200,35104.0966
935.516953,191,35119.771183
790.084388,200,35162.637968
1186.530341,200,35175.683625
991.05957,200,35204.354363
1180.718313,200,35236.663254
1106.312595,200,35261.396256
604.248843,200,35275.893936
1085.388638,200,35292.883538
203.51294,200,35294.392554
122.491843,136,35323.849619
935.750678,200,35348.038821
900.768312,200,35363.683378
1056.301839,200,35408.660856
1156.170762,200,35432.91134
1035.206609,200,35447.243491
1126.252579,200,35492.790766
1050.460803,200,35506.168718
1111.457052,200,35531.627923
215.915327,200,35564.233988
142.653414,134,35579.459271
1020.698252,200,35604.873253
1196.467217,200,35632.290649
64.621251,72,35633.073678
915.403192,200,35634.566334
900.683857,200,35651.970068
486.680517,121,35666.203712
1035.954386,200,35690.361792
436.932195,200,35704.474255
337.475425,86,35735.203559
105.026855,114,35747.768997
1196.104831,200,35775.953982
699.377322,200,35788.696966
1196.262091,200,35832.065032
869.903215,200,35844.985209
1086.406691,200,35873.241026
971.210619,200,35905.257231
1136.525002,200,35930.982728
790.412161,200,35957.665708
890.332691,200,35960.01621
820.547031,200,35961.505496
1120.374153,200,36003.74664
689.752036,200,36018.400937
1195.725092,200,36045.048824
920.700057,200,36089.51634
990.787689,200,36103.271198
232.799563,200,36130.604163
1196.391542,200,36162.846601
1076.215015,200,36188.382476
611.768931,200,36201.797392
970.391324,200,36247.640007
113.682961,47,36248.032179
1086.284393,200,36274.376453
1196.813024,200,36287.354539
1176.766726,200,36302.408102
311.54062,200,36303.895956
1081.134052,200,36335.029439
1196.76272,200,36360.710613
1175.409727,200,36387.247735
1051.416159,200,36420.492296
1010.569414,200,36447.1755
1196.85302,200,36460.581866
1001.037096,200,36504.367049
1081.640129,200,36518.090917
1196.440606,200,36545.375899
915.017975,200,36576.348582
210.762351,126,36589.30353
845.51715,200,36615.733971
1049.975322,200,36630.377941
899.901919,200,36631.858007
975.766562,200,36674.379544
1145.297733,200,36700.374041
1051.084983,200,36714.5927
1115.828299,200,36759.707379
970.771606,200,36774.140178
1196.567149,200,36799.304566
1146.319134,200,36832.549752
905.614388,200,36857.57049
760.317353,200,36872.959507
1115.648442,200,36917.283018
1196.456673,200,36943.352274
1106.48374,200,36958.083682
955.969546,200,36973.042085
458.60965,200,36974.578774
720.204584,200,37005.909063
1086.241298,200,37030.515612
1185.821594,200,37056.872826
499.59548,200,37089.560161
1196.557671,200,37115.294294
1171.081185,200,37131.061603
278.082869,200,37172.954238
1196.381571,200,37186.462943
1196.554604,200,37215.023926
70.286086,77,37243.902389
1186.359581,200,37257.79299
1196.287422,200,37285.790241
513.867614,198,37298.423128
754.150621,200,37299.949749
417.828329,200,37301.312889
880.314614,200,37344.278098
1015.744548,200,37372.021492
1036.079157,200,37385.907268
1036.316139,200,37429.249491
1095.902535,200,37444.852789
715.349984,200,37471.696207
1091.288073,200,37504.1272
1005.973178,200,37529.798667
1196.495056,200,37556.274918
739.913162,200,37589.142858
1170.899522,200,37614.917149
1040.084027,200,37631.37636
805.256403,200,37645.304225
815.587013,200,37646.676107
529.689848,200,37687.30951
536.428562,200,37703.531078
380.632047,200,37730.471736
1100.560557,200,37762.575496
434.53532,200,37790.373406
1196.718402,200,37806.737031
367.146958,148,37848.147424
1185.718198,200,37862.149963
925.694228,200,37891.71424
705.193469,200,37920.228774
1196.911502,200,37947.001112
1050.528786,200,37963.995296
224.456174,78,37978.200904
854.762674,200,37991.910653
1175.960326,200,37993.442984
1060.635161,200,38020.791595
1196.182617,200,38050.178109
1176.199836,200,38064.616311
750.221438,200,38106.729913
895.722051,200,38123.577644
1196.468473,200,38150.327914
1035.894887,200,38181.296894
835.441607,200,38208.109236
1135.614584,200,38235.291176
798.366259,200,38265.637046
1165.800595,200,38293.765879
970.703494,200,38310.075721
1186.202719,200,38324.926984
216.835821,123,38325.769426
1020.635631,200,38353.948923
1196.564527,200,38381.709996
1005.406638,200,38398.556063
1030.759035,200,38437.756125
1021.143734,200,38452.812109
1186.530573,200,38482.181646
180.910116,200,38511.710647
925.270497,200,38537.192168
683.848704,200,38566.637396
624.572704,200,38594.071536
930.480281,200,38621.943348
1071.154163,200,38637.757588
1196.777139,200,38667.693588
950.365267,200,38669.074192
1120.866941,200,38694.310981
1076.107347,200,38724.041782
865.520778,200,38739.003143
182.615883,200,38780.372565
905.580758,200,38796.814756
1091.267304,200,38824.932144
1136.342883,200,38866.293761
704.947047,200,38882.07924
118.13202,67,38896.995838
1135.76086,200,38910.804924
1161.599238,200,38952.807321
1060.767678,200,38968.833025
1110.437588,200,38996.769484
1130.467729,200,38998.345301
271.177876,200,38999.714028
826.77591,177,39038.798393
820.205495,200,39055.412191
960.559503,200,39083.219984
414.438667,200,39111.372153
1061.411113,200,39140.944959
1005.860447,200,39157.247742
1196.397481,200,39197.484436
945.965014,200,39213.196848
1186.533253,200,39242.188811
1196.139379,200,39282.270273
1041.247904,200,39298.468
1196.864904,200,39327.979565
1196.102646,200,39343.771571
884.613315,200,39345.020687
930.473853,200,39372.321148
187.989387,200,39401.419426
895.675252,200,39418.14479
1186.362311,200,39457.709793
123.52645,36,39458.032765
375.442801,200,39489.207951
1140.609588,200,39503.316938
259.348753,99,39530.377759
1176.490472,200,39559.978084
1196.358969,200,39575.897769
1176.616428,200,39616.292436
1196.549706,200,39631.719442
770.115973,200,39662.194554
181.909068,200,39677.235426
750.072011,200,39678.612501
1191.372805,200,39719.401242
855.563258,200,39735.745191
1196.83547,200,39763.775671
1186.537937,200,39791.928968
1161.059875,200,39821.516717
1105.685252,200,39849.181923
655.177739,200,39877.113325
454.776739,145,39892.204579
1010.356021,200,39922.391506
1090.537527,200,39949.077984
770.018527,200,39977.288532
1191.937458,200,40007.342268
1096.109532,200,40021.446431
1090.852565,200,40022.693896
1171.583531,200,40051.143672
1046.365948,200,40080.355193
1196.627108,200,40096.988756
995.52583,200,40135.596809
182.696187,200,40165.027482
1071.104579,200,40179.971262
1196.677285,200,40220.252096
1025.956883,200,40236.406018
800.264766,200,40264.976497
1180.994331,200,40292.423777
1125.924822,200,40321.946578
186.908105,81,40337.344747
623.532922,117,40338.327809
1196.218332,200,40354.673202
965.185452,200,40356.045693
1196.257892,200,40394.366431
1196.519331,200,40410.609685
142.622113,153,40439.207069
1071.117531,200,40466.840808
925.256747,200,40495.905055
1151.830781,200,40512.53011
805.107579,200,40552.612881
568.263031,112,40568.453366
735.248883,200,40583.65948
75.981783,85,40598.871661
955.77239,200,40626.657831
1085.505991,200,40655.472388
1191.091933,200,40685.06956
1176.305017,200,40702.359617
590.161529,151,40703.484844
1115.641808,200,40728.196301
910.164651,200,40757.94451
865.468118,200,40774.218292
1196.044659,200,40814.527968
1196.282144,200,40830.873744
294.50003,200,40860.947759
935.362996,200,40887.461627
955.53663,200,40916.565946
775.271902,200,40932.724924
925.301655,200,40973.030933
834.36446,200,41002.118993
420.438981,200,41018.772891
1156.377547,200,41034.550647
247.663972,164,41035.701798
1015.492162,200,41074.611
1035.665196,200,41091.134491
995.1475,200,41120.333408
925.640209,200,41147.082351
925.058437,200,41177.557922
945.945101,200,41193.56168
1141.200431,200,41233.422737
1035.623523,200,41263.454244
1181.442626,200,41279.608546
454.718071,200,41319.224238
725.281953,200,41335.26813
1085.59481,200,41365.474932
226.81042,107,41380.331721
1096.565655,200,41382.036911
825.590679,200,41383.415672
1000.516308,200,41410.253718
980.6602,200,41439.337392
373.494914,200,41466.417657
1146.86101,200,41495.542493
980.341004,200,41525.522795
200.307215,69,41526.10134
825.050312,200,41568.116171
1146.863268,200,41582.319632
750.217236,200,41612.931027
840.127227,200,41627.352527
1171.354879,200,41669.315864
1196.362503,200,41698.579117
935.482676,200,41713.66937
183.551193,200,41715.236353
157.333204,151,41716.268183
1076.108966,200,41756.579062
1046.148087,200,41772.850411
1196.714654,200,41800.999875
1121.617661,200,41829.071019
760.260878,200,41858.232995
1196.172542,200,41874.988441
169.18362,89,41888.016877
749.504609,200,41929.681896
181.075068,200,41944.899433
1196.68865,200,41974.361226
925.761934,200,42000.411844
1195.672866,200,42030.184748
995.505599,200,42045.906497
950.745878,200,42060.996886
133.723917,115,42061.806133
694.73295,200,42086.783814
975.94768,200,42103.428141
975.253895,200,42133.246874
980.630558,200,42161.391991
955.467211,200,42189.751592
1196.726355,200,42218.148913
1025.295255,200,42247.501163
966.008111,200,42275.476182
960.797549,200,42291.612641
1195.956241,200,42333.170903
1075.233404,200,42347.054819
1106.373612,200,42376.564553
1046.05825,200,42391.136748
131.815152,124,42391.979941
101.279535,55,42392.356731
1155.456723,200,42432.589728
1176.606605,200,42449.06693
835.046588,200,42475.965548
1035.361838,200,42518.053589
183.918954,78,42518.750041
1140.611977,200,42549.823772
1196.058648,200,42576.187352
970.09795,200,42605.034764
880.923288,200,42620.044072
870.471525,200,42647.833761
1056.269087,200,42690.971137
1196.157574,200,42706.566059
960.532754,200,42733.922513
1196.572478,200,42735.616954
638.392853,200,42736.99852
30.053329,17,42751.812318
905.311758,200,42778.704107
181.017184,200,42794.961495
1145.589819,200,42821.434333
1061.361701,200,42849.507925
1025.811639,200,42878.359755
1171.594582,200,42891.834284
925.59535,200,42934.284631
1156.837473,200,42963.317801
1196.464708,200,42976.519693
1095.546004,200,43020.422969
1000.886237,200,43035.823143
1020.961365,200,43062.76902
1126.207586,200,43064.874629
336.201401,106,43065.666311
220.170364,134,43093.650208
1186.271413,200,43108.593627
930.637832,200,43137.424607
1130.918901,200,43167.474754
285.44584,115,43180.333899
1146.190314,200,43210.048827
1196.422846,200,43236.416832
793.760875,184,43265.260142
1035.982292,200,43295.697994
906.138462,200,43309.024359
1186.349565,200,43350.39642
459.574456,136,43365.856161
925.873646,200,43382.012701
710.106185,186,43408.217964
902.953421,157,43409.748281
413.732873,166,43411.020994
448.13996,172,43439.067093
181.488579,200,43454.390986
990.675012,200,43482.860831
1195.926558,200,43513.481491
859.798429,191,43541.620452
543.296863,200,43569.020587
1050.804407,200,43600.391475
1106.046987,200,43627.233439
1130.993804,200,43640.672703
865.369132,200,43684.88231
1141.116821,200,43698.457265
1196.171091,200,43725.555823
1055.442302,200,43740.910231
1196.482733,200,43756.473008
1060.37696,200,43758.127092
1180.454026,200,43786.429798
1025.559495,200,43812.781526
1176.522748,200,43828.179887
970.614889,200,43870.643187
1006.097854,200,43886.943218
804.858527,200,43913.068567
1171.608111,200,43943.080913
665.548723,200,43972.734803
940.608006,200,43998.850414
1081.049391,200,44027.902928
1140.794703,200,44057.53473
1031.247293,200,44070.700865
1195.921239,200,44086.039041
885.139435,200,44087.550158
196.870827,161,44116.573556
1101.329538,200,44144.478416
1181.492965,200,44158.261809
840.482241,200,44200.801784
859.766495,200,44229.104264
1040.399745,200,44243.125116
494.640466,98,44271.827658
1196.309665,200,44285.247107
950.453149,200,44312.508374
1030.720173,200,44338.874496
177.748031,77,44356.449738
1151.353507,200,44382.758963
1015.338109,200,44396.818333
1151.190797,200,44425.910256
394.055538,151,44427.029078
915.73134,200,44455.848528
1125.987983,200,44470.260217
1025.63842,200,44495.511483
1005.541015,200,44528.712143
1141.487012,200,44554.928243
408.729775,200,44580.298424
592.897307,200,44612.38622
1091.424622,200,44639.514245
1161.422005,200,44653.549021
1000.592599,200,44696.475476
1111.170235,200,44709.771459
1030.407372,200,44737.730214
1030.664028,200,44753.18132
1166.365097,200,44754.669673
976.074546,200,44795.232751
1005.181072,200,44811.564874
925.848554,200,44837.614846
248.589288,62,44853.788185
430.673379,200,44881.370303
885.883447,200,44896.551602
990.750077,200,44939.239902
181.218244,200,44967.008141
1121.01278,200,44981.540828
975.685905,200,45009.449984
835.642939,200,45040.31055
734.131435,200,45065.879373
1025.655499,200,45079.649305
910.482095,192,45095.901875
182.220156,200,45097.550802
736.270512,172,45128.065544
804.917457,200,45152.93655
720.026167,145,45167.148185
694.67128,200,45200.306222
985.350111,200,45226.87784
1196.375437,200,45240.220997
975.719418,200,45285.212956
1196.251987,200,45298.018991
935.395877,200,45324.979532
189.535712,162,45339.511373
1035.826367,200,45383.488672
905.205312,200,45399.031231
930.207004,200,45425.320093
1196.726892,200,45427.020532
533.727766,200,45428.635226
929.828105,200,45471.118981
1171.696091,200,45486.351829
990.52773,200,45512.601757
1055.886971,200,45545.438879
970.965181,200,45571.566668
1055.840142,200,45597.871464
1191.572849,200,45630.232271
855.561953,200,45656.807249
1176.199851,200,45670.186365
885.564288,200,45715.428187
1015.958645,200,45729.497058
1121.049407,200,45756.129834
180.898279,200,45771.246122
924.651325,200,45772.743504
965.811243,200,45803.615353
463.994341,200,45825.951973
181.475206,200,45841.139985
1196.193607,200,45887.255025
268.620977,98,45900.145
854.90976,200,45911.210053
835.386251,200,45956.912238
1115.677128,200,45972.126117
845.531709,200,45996.544725
1181.648649,200,46041.78133
815.332082,200,46055.821919
1111.030803,200,46082.037625
339.712637,146,46095.161939
698.916727,170,46096.886701
172.359631,156,46098.064199
272.251029,200,46131.2469
769.782945,200,46156.89561
980.716956,200,46170.796765
839.97772,200,46215.664536
673.60459,200,46241.444569
638.775657,128,46255.099033
1096.211403,200,46285.348227
1196.252075,200,46312.957085
349.200907,200,46327.294467
1106.20661,200,46353.908528
618.36898,200,46384.909923
1090.349162,200,46412.306528
1136.011252,200,46425.110462
969.979938,200,46439.921663
1131.117895,200,46441.468349
1151.022847,200,46472.351672
850.221893,200,46495.338863
875.080746,200,46508.997123
1005.713777,200,46555.837259
825.389094,200,46579.949967
1130.945638,200,46592.827706
820.109244,200,46640.207058
1160.660671,200,46654.961837
93.566083,99,46665.836228
1049.121083,189,46710.962521
135.224092,148,46725.028393
975.767009,200,46738.839438
1035.852166,200,46765.040306
905.408749,200,46767.03761
258.618434,200,46768.561013
198.358786,200,46812.049856
1021.084097,200,46825.941694
875.741979,200,46852.038457
519.224407,200,46897.185215
184.741606,200,46910.82243
218.591803,109,46924.702919
925.080834,200,46968.720885
679.929165,200,46983.713231
950.367639,200,47009.544548
205.534661,200,47038.972065
1055.570722,200,47068.188094
1100.809586,200,47081.037927
1071.043861,200,47109.213792
1150.592937,200,47110.722885
1146.205469,200,47141.72127
1115.35361,200,47167.112932
513.841516,200,47193.40619
990.645291,200,47226.374528
750.07036,200,47250.008507
1000.881691,200,47263.467468
150.082938,74,47296.043681
935.791764,200,47311.313495
1180.498533,200,47336.086175
775.71062,200,47363.041631
1040.700447,200,47395.81269
64.122797,73,47410.118718
566.911002,142,47420.950992
975.774669,200,47433.21124
1191.684199,200,47434.746521
920.983276,200,47436.244184
183.239669,200,47481.605412
30.888261,36,47481.953305
59.842781,68,47495.217355
970.620388,200,47506.083622
1000.736937,200,47550.710516
1055.989197,200,47565.319459
1095.449324,200,47591.195193
178.463377,77,47602.366605
712.314717,191,47635.751351
1136.483381,200,47663.430369
1030.652768,200,47676.125824
188.93203,93,47689.60741
955.037456,200,47735.447967
182.345722,200,47749.077085
249.224946,200,47773.67743
815.200931,200,47775.424239
494.13586,200,47776.915712
905.153512,200,47808.564186
1096.338326,200,47835.470533
1055.314732,200,47858.423143
1196.51912,200,47892.07145
825.10946,200,47917.776675
1016.19272,200,47929.200742
1180.968809,200,47974.227633
371.246734,69,47974.82053
599.315812,200,48003.09543
1191.533808,200,48026.77296
643.165768,200,48058.970535
960.928431,200,48087.478778
1015.748911,200,48097.66673
1126.189843,200,48099.318261
267.683976,181,48100.629447
1191.619026,200,48145.953407
990.830029,200,48161.319422
263.577462,200,48184.714691
744.865196,200,48230.992958
372.088299,107,48231.890514
1195.724414,200,48258.307498
1096.099821,200,48301.996866
525.731989,121,48303.027554
186.277689,127,48318.268759
975.992378,200,48344.086501
1195.928769,200,48387.260926
1141.321213,200,48403.124843
885.407274,200,48430.046999
929.840829,200,48444.066983
242.644908,200,48445.438839
980.332734,200,48490.24499
905.280651,200,48504.53841
286.977844,143,48517.915134
411.877502,112,48544.914757
1195.778291,200,48575.959685
1065.799954,200,48589.793475
237.022285,200,48630.776491
614.029753,200,48645.791389
1030.824946,200,48674.608806
1166.140554,200,48684.782741
1196.073802,200,48730.819778
1090.221987,200,48759.416268
865.209803,200,48769.594905
1070.496333,200,48784.351194
840.531105,200,48785.850271
1171.160092,200,48817.020471
1080.519168,200,48845.30401
1080.427406,200,48855.546409
1156.389673,200,48901.205732
689.606359,200,48915.859082
1196.327893,200,48941.371879
1060.831167,200,48972.917766
1086.294813,200,49001.264769
794.827993,200,49026.326679
1085.719631,200,49057.823641
1061.461245,200,49086.326489
1041.038152,200,49100.393563
1196.146275,200,49114.362817
198.629477,200,49115.725235
200.01128,200,49159.583175
1115.471312,200,49174.240308
1171.421583,200,49198.947492
1060.558404,200,49230.462355
910.524266,200,49258.688473
1031.146917,200,49272.799342
1050.205118,200,49315.383788
836.100329,200,49344.002485
1110.967368,200,49355.456655
1105.965217,200,49400.346998
1045.620159,200,49416.177439
805.255665,200,49440.354879
1196.03566,200,49454.855319
1010.471362,200,49456.342665
1121.083692,200,49487.09188
1000.568678,200,49515.218945
795.079583,186,49525.890125
1115.60557,200,49571.324908
135.839988,91,49572.091642
585.985271,177,49599.357594
1170.57439,200,49627.715195
1015.074648,200,49656.824001
595.056224,200,49683.846883
1196.733346,200,49697.795009
785.595298,200,49742.368008
1155.911507,200,49757.102358
336.573868,200,49783.846325
544.455828,98,49784.975463
303.954822,200,49786.354506
166.817952,103,49801.912704
0,49696.64909114951.06325,200,49726.51394911065.107858,200,49755.967572
1190.968495,200,49769.299048
1135.559497,200,49784.972795
843.253275,163,49786.099058
133.069983,103,49815.148289
.333272,124,49786.53788
604.143261,200,49816.345992
1.524991,200,49784.136908
108.465494,94,1191.800115,20181.152016,200,49814.548944
,49815.69473
83.14656641999.975679,200,49781176.88230618.849933,200,49786.18967880.768878,200,49815.670281
784.89033
1186.491792,200,49814.736866
507
74
5920.262094,200,49783.625404181.584168,200,49786.502415

.502383
1076.062892,200,49784.410725
1196.221567,200,49785.7973
167.343609,173,49815.481212

674.634443,200,49816.181398
70.403418
885.704757,200,49696.020838
1105.880538,200,49725.894612
950.902902,200,49755.336243
1116.12447,200,49768.677392
774.378951,197,49784.229904
704.792655,200,49785.617186
