#{"t_start": 1667322541.029377, "env_id": "CustomMyoChallengeBaodingP2-v1"}
r,l,t
745.60577,200,1965.80426
526.584154,200,1966.999173
267.186505,200,1968.292982
164.622536,200,1969.59467
417.490116,200,1970.773759
580.081365,156,3982.050927
733.702936,200,3983.251691
1116.985279,200,3984.474903
1180.148104,200,3985.752577
408.892858,200,3986.945308
75.406093,97,5978.660832
435.643249,167,5979.799633
1023.745495,200,5980.965029
170.924368,200,5982.218451
396.983831,200,5983.513566
775,200,46.62771371647.201599,200,49.2418334707.17211,200,51.817789
774.452954,200,54.231569
1051.593337,200,56.58562
1147.991471,200,59.06571058836.640781,200,61.49072824.528735,200,63.981449
740.922991,200,66.524055
697.47984,200,68.939893
110.949139,74,69.822795
378.330547,162,71.79919
629.257985,198,74.179344
924.985533,200,76.708495
542.261004,200,79.104951
478.941066,200,81.530681
951.433869,200,84.06291
969.272993,200,86.417321
1039.572292,200,88.852624
536.783038,200,91.283917
973.162533,200,93.638548
5931.764397,200,96.8508758.797.983899,200,99.2816365.1083.057121,200,101.70410.30861.382914,200,104.08223.27175.826416,200,106.487.1117805.613386,200,108.611.9175840.204726,200,111.971.4587357.634868,200,114.1175.161211.583654,200,117.4613.117176.307413,200,120.1006.616839.852744,200,123.0837.351077.451352,200,125.1024.466143.77351096.093351,900.8389.061857,597.085294,469.961114.72257210.626135,217670542.557849636.713855576.174639.860201,200,135.3222.445.069587,1651.407644,614.773.466625,2546.620466,320.601.390088,2651.248653,7417138.163076,1793.750131,8731083.812482,689.11495,20976.384.6074441116.260849,2974.914.37392,2744.686641,2716309.714596,2442.105655,2643486.462876,2680.386684,2676539.749549,2769.508384,200,480.635246,2702.500642,200,912.632315,1487.99315,200,163.120129
513.718117,200,165.561748
960.307707,200,168.074364
836.419591,200,171.049374
181.181918,200,174.106518
230.577246,200,177.201587
336.301301,200,179.776614
672.986228,200,182.1884
876.015084,200,184.658628
542.959662,200,187.075917
476.122431,200,189.510787
460.612961,200,191.89805
878.499651,200,194.201437
643.946429,200,196.49353
1176.706064,200,198.819989
906.35934,200,201.332257
430.746725,200,203.818926
571.754252,200,206.314784
489.525589,200,208.812177
1085.120241,200,329.763312
694.327878,200,332.141192
436.251245,200,334.631831
1148.22631,200,337.06266
1055.362103,200,339.525985
907.291047,200,342.053313
849.385956,200,344.530273
818.890621,200,347.001338
1043.579271,200,349.524225
945.421342,200,351.965284
470.163157,168,354.040849
169.877301,200,356.480475
616.266673,200,358.994447
1000.578879,200,361.457617
809.874647,200,363.866915
841.692225,200,366.420898
845.46834,200,368.870129
418.861339,200,371.476902
993.580697,200,374.598438
944.156424,200,377.696246
873.194078,189,380.527149
44.398307,44,3886.916341,820.161033,200,3164.708434,608.121809,200,31167.6441721035.76474,200,388.464102
844.056777,200,390.958633
676.921977,200,393.373622
32.385893,39,39255.544949223.044861,199,39134.979393964.642022,200,39966.058786504.624719,200,40330.614962477.726757,200,40141.690472652.654603,200,40593.432014703.300882,200,40225.11797548.82274,200,410733.7960165.955857,200,413.825.1205999.058781,200,415.847727
1035.692261,200,418.315797
692.688788,200,420.736618
359.96568,136,422.405079
469.848744,200,424.820413
488.387298,200,427.201859
863.164354,200,429.943427
145.64539,84,431.936.1707907.69904,200,434.3698.716392.027956,200,437.4727.937353.889026,200,439.9495.7781101.904974,200,442.1065.248833.658552,200,444.208.39871008.323512,200,447.322361
401.554038,200,449.827457
997.106088,200,452.260631
566.998495,200,454.639551
53.527672,63,45796.021499182.339797,200,45824.727493598.714275,200,46249.275802972.707809,200,461168.52341399.947148,171,4641095.3618887.174685,200,467.581.8982806.475913,200,469.842.2272481.967694,200,472.61.66663239.565149,200,47927.646639790.297612,200,4800.034579,960.127729,200,4819.278425,91.006921,115,4922.937186,354.5593,200,483704.61323909.46219,200,486.750.2045844.820852,200,489516.27483265.306987,200,492698.46736185.990229,200,4951088.9692165.40204,200,498.0970.39677.832104,200,500.5642.450926,200,502.672419
535.529194,200,505.172754
1139.428072,200,507.672458
667.774874,200,510.208442
1053.54174,200,512.685082
1045.516377,200,515.132013
481.064987,200,517.611453
457.246472,200,520.018205
733.461409,200,522.45771
182.53998,200,524.940361
739.669642,200,527.418542
669.750767,200,529.87637
365.163572,158,531.823812
313.738938,200,534.363256
799.618004,200,653.557252
563.04157,200,655.996585
67.997691020.838161,200,6712.646212,618.196398,200,6609.092952,200,661.993416
794.548729,200,664.445677
394.497006,200,666.931848
708.616361,200,669.330393
811.344381,200,671.725789
985.389228,200,674.14026
573.028574,200,676.690185
985.999702,200,679.15159
543.941128,200,681.574852
307.268181,150,683.463895
304.745085,200,685.928089
479.948442,200,688.407681
951.106797,200,690.877431
185.321412,78,691.866449
926.308225,200,694.381836
545.142303,200,696.839172
171.87867,200,699.362003
169.989133,200,701.809393
738.128546,200,704.901696
137.442844,111,706.471409
1066.379233,200,709.033124
1040.870318,200,711.491648
748.070999,200,713.963584
108.602538.295557,200,715.412.2375944.8482,200,717.84963.14810.86946,200,720.26860.73985.492292,200,722.7502.094599,200,725.553238
165.01413.381848,200,726.15514.7384.583265,200,728.61173.79460.720818,200,731.06168.45991.131515,200,733.60965.38805.336326,200,736.0189.054994.042189,200,738.587.7726800.109349,200,74717.963616754.321583,200,74553.554936525.125289,200,741141.15650984.924125,200,748406.33088321.000818,200,750739.4741173.044246,200,753.439.0368413.884594,173,755.862.6610422.397621,200,758.567.495940.596235,200,760.402.0340163.511471,200,762.748.3717236.082602,200,765.865.1504403.655252,200,768.905.2891923.684559,200,771.488.7751928.171004,200,773976.66129322.434733,160,7751051.751548.276662,200,778.41151.18176.433741,200,780.841179.647.611503,200,783.3940237.1173.388843,200,785.836177.3216.424922,200,788.25919.96788.92236,200,790.733538.4321.967212,78,791.653811.6700.831074,200,794.05347.01708.412566,200,796.4518.772554.517243,200,798.1118.987544.850503,200,801.2317.301734.320788,200,803.6826.610446.437575,200,806.648.655921,200,809.019265
542.987283,200,811.437139
85.998499.690175,200,811870.66440181.926302,200,81182.977962,200,817.295538
838.13473,200,820.359383
900.960504,200,823.395272
350.696926,200,826.569674
1052.790819,200,829.020122
350.400695,950.183454,200,622.697565,2619.245304,200,713.240159,21059.328053,200411.294453,28168.227872,200122.441708,46656.809089,200825.441909,26710.53263,200,836.06440361444.085434,200,308.53506,68763.466813,200,846.40000315163.424547,200,848.81321511155.425399,200,851.31830229723.774385,200,853.73678173684.455915,200,856.165623
987.093787,200,976.700117
1042.492422,200,979.115655
786.895443,200,981.617365
521.190197,200,984.096902
898.313459,200,986.530483
572.582823,200,989.01224
137.361964,165,991.071161.0674.238287,200,993.522901.5919.67327,200,995.9839830810.262949,200,998.5222876666.725067,41,9872.8606434158.754827,200,10438.71405851000.922871,200,11186.26451841081.334287,200,1467.12313117565.529862,200,1402.1872699727.704839,200,101179.051391678.159567,200,101627.246837360.741204,200,101656.498924876.285688,2739.68478.545056114.182966,1618.99793.475002263.429332,855.350780.471485277.864486586.6212539.351779687.9929521003.759409,200,167.79477,200511.563365,200869.201228,2001052.047566,201080.48277,200,718.789806,2032.711464,38,1959.653298,2268.074213,200,11154.31796984.162431,200,1042607.31574788.366584,200,1044785.707381021.782145,200,104705.132234,200,1051.037475
525.46145,200,1053.497967
1067.065842,200,1055.942864
520.840604,200,1058.489145
420.483331,200,1060.945086
617.679358,200,1063.413341
813.610021,200,1065.947494
505.452714,172,1068.06164
258.554336,200,1070.474094
166.157396,200,1073.267103
592.525292,200,1076.364662
965.353288,200,1079.467793
598.643924,200,1082.30265256644.03611,200,1084.7970131991.117569,200,1087.223577
808.319724,200,1089.594401
620.552908,200,1092.126866
546.631319,200,1094.573351
747.190578,200,1097.00787
814.050194,200,1099.492678
103.968589,129,1100.96885
953.760817,200,1103.344642
170.931263,200,1105.828632
1106.65295,200,1108.372174
1104.265509,200,1110.837389
201.533024,51,1111.475268
337.067962,200,1113.937657
670.438367,200,1116.519382
807.85364,200,1118.986959
662.862973,200,1121.438133
291.381704,200,1123.965376
649.505207,200,1126.527167
791.888905,200,1129.018738
605.392304,200,1131.8811
315.144243,200,1134.610658
471.164109,200,1137.332633
133.899851,149,1139.433682
949.918003,200,1142.247784
626.017152,200,1144.927422
660.396907,200,1147.509416
876.44027,200,1150.156715
687.352671,200,1152.610999
940.345072,200,1155.080714
281.01163,124,1156.641891
710.601843,200,1159.195551
851.819702,200,1161.599025
688.886648,200,1163.959305
657.630553,200,1166.487288
947.934214,200,1168.942132
998.961898,200,1171.437236
507.534247,200,1174.05125
631.39964,200,1176.522543
445.112818,200,1179.004734
815.328748,200,1181.460161
1025.385977,200,1183.982353
32.793319,40,1184.478139
37.67001,45,1302.5749.239692.714769,200,1305.519.0095648.450873,199,1307901.55892476.753218,200,1301061.50771970.215311,200,13121029.8988552.36057,200,1314.935944
213.913797,167,1316.165.4685575.611283,200,1319.632.9099556.040127,200,1321.698.0909402.560494,152,1323.668.5651841.557659,200,1326.284323
485.890282,200,1328.762426
555.376901,200,1331.274502
906.507328,200,1333.725143
683.307725,200,1336.159557
1048.413391,200,1338.654428
511.572592,194,1341.096684
770.01552,200,1344.079152
1161.822481,200,1347.125751
475.451947,200,1350.256284
646.134797,200,1352.885621
758.265564,200,1355.327097
134.387981,65,1356.208923
906.479852,200,1358.673694
1054.437858,200,1361.143309
381.41567,200,1363.578877
574.188993,171,1365.776438
268.611621,200,1368.220159
455.172.489914,200,1369.9702773.670.458076,200,1372.525106.9865.419752,200,1374.940353.572.776625,200,1377.3480836763.820495,200,1379.766615
163.985894,200,1382.315961
1015.471783,200,1384.774344
71.291362,90,1385.868584
711.188818,200,1388.350306
589.507478,200,1390.973013
1137.457376,200,1393.462758
849.635407,200,1395.926696
494.637821,200,1398.564305
684.165741,200,1401.66956
212.880991,200,1404.720114
588.33792,200,1407.771659
461.969653,200,1410.237367
35.05607.960921,200,1412.4303.01702.472646,200,1414.97175.36313.107111,200,1417.39629.63923.46586,200,1419.872585.239.741078,144,1421.6467189.880.490276,200,1424.1344338.295.194977,200,1426.5799770767.900028,200,1429.07236796524.391295,200,1431.58301177894.161613,200,1434.0476272.644.677295,200,1436.5030820.1022.065565,200,1438.913166.281156,200,1439.754984
819.309063,200,1442.187255
939.538998,200,1444.630038
1174.547136,200,1447.100051161037.189772,200,1449.557527101071.721263,200,1452.02267225266.792196,200,1454.476873724.022887,200,1457.1422331125.123498,153,1459.46313111075.541202,200,1462.5439377630.814118,200,1465.66365291796.274287,200,1468.28467253980.699873,200,1470.68846511689.288871,200,1473.12214491709.387379,200,1475.565523891076.029371,200,1478.0037892203.217596,200,1480.49380274604.915709,200,1483.046138
379.69687,168,1485.08511854715.306172,200,1487.52143101399.805824,200,1490.03659106176.03039,200,1492.51153769627.447544,200,1494.941663495.740634,200,1497.44094194510.188334,200,1499.75510673810.856709,200,1502.15612652723.70386,200,1504.6131898080.785965,99,526.137751,20531.459332,200,754.625044,201029.689343,200473.010609,200830.810465,200542.907031,200341.489533,149638.348377,19495.59417,116,1874.841074,200,1631.894773
677.999268,200,1634.35202
644.498129,200,1636.872402
739.960646,200,1639.333368
165.291487,200,1641.794615
736.77305,200,1644.31514
242.875152,200,1646.775483
601.149937,200,1649.221124
658.783609,200,1651.588471
754.342352,200,1654.094197
371.596236,162,1656.09578
44.4872.61099699.983554,20971.270034,200,124.810341,14832.380232,200,787.99369,200509.528984,200634.559468,200742.22766,200,892.816106,20245.151479,200,1671.174412
1093.576186,200,1673.611788
643.102903,200,1676.047144
794.05454,200,1678.566779
898.402228,200,1680.960861
713.482675,200,1683.327305
167.156909,200,1685.714108
393.451708,176,1687.937912
1031.809872,200,1690.388591
80.524.640393,200,1691178.796.2698.02482,200,1694.709.708.735.308877,200,1696.451.858.507876,200,1698.5797660.758.446042,200,1701.04102
1151.635568,200,1703.603312
452.645811,200,1706.082187
599.98268,200,1708.528904
255.163229,200,1711.077782
659.753702,200,1713.507797
505.016236,200,1715.946965
715.478792,200,1718.369487
944.952013,200,1720.869495
693.918574,200,1723.323464
392.454668,200,1725.76902
1138.353422,200,1728.312979
479.761839,200,1730.810033
170.317113,200,1733.320896
403.578755,200,1735.806228
1155.932721,200,1738.257185
974.422872,200,1740.731609
462.795935,200,1743.116404
546.812951,200,1745.596684
1115.829758,200,1748.022263
565.813225,200,1750.482497
1026.530774,200,1753.030224
636.546083,200,1755.4887751741.294268,200,1757.934131
591.232176,200,1760.351656
561.920352,200,1762.86729
500.629907,200,1765.301744
471.796099,200,1767.732455
682.292967,200,1770.321568
793.294955,200,1772.724019
1150.967775,200,1775.076319
522.861066,200,1777.913347
672.775301,200,1780.980664
443.984667,200,1783.997135
685.26379,200,1786.907794
812.56137,200,1789.347138
278.001005,200,1791.802226
157.604957,200,1794.303998
166.02468,200,1796.777769
293.902317,132,1798.40951
383.191148,200,1800.90501
267.527136,200,1803.381613
1025.964248,200,1805.861385
767.624626,200,1808.328684
167.253293,200,1810.836659
870.235353,200,1813.291408
644.169337,170,1815.350474
846.473807,200,1817.751713
888.90295,200,1820.283502
727.190813,200,1822.753702
714.726658,200,1825.215783
221.414356,80,1826.217808
337.614454,200,1828.770247
1065.903223,200,1947.922984
838.566679,200,1950.371953
33.464874,33,1950.77947
664.553526,200,1953.325768
913.111862,200,1955.74983
610.426962,200,1958.143818
936.059439,200,1960.585559
419.132555,200,1962.928071
219.081998,200,1965.325805
206.226626,197,1967.735782
1068.03251,200,1977.710884
996.066645,200,1981.249927
475.054089,200,1984.566916
919.912296,200,1987.103106
676.469101,200,1989.530501
1079.288426,200,1991.972329
133.01939,117,1993.529644
661.580393,200,1995.983469
953.443538,200,1998.426786
446.49754,200,2000.885784
864.717277,200,2003.411511
607.655343,200,2005.848923
1057.190756,200,2008.260666
729.426557,200,2010.744411
164.121802,200,2013.10837
522.660802,200,2015.541122
669.841692,200,2017.920917
433.937688,200,2020.345172
919.819212,200,2022.766234
618.723844,200,2025.223688
171.178301,200,2027.718567
163.364419,200,2030.208287
831.833131,200,2032.833408
1030.83138,200,2035.439718
181.348031,200,2037.932767
320.775793,200,2040.404598
1155.52026,200,2042.965909
166.281204,200,2045.457456
713.965247,200,2047.831166
950.976148,200,2050.275002
659.927936,200,2052.764442
384.156909,200,2055.155913
745.551652,200,2057.582844
248.238215,200,2060.113445
1096.306713,200,2062.605265
924.644609,200,2065.063005
357.362444,200,2067.533184
288.109868,200,2070.13066
964.774927,200,2072.589123
879.014819,200,2075.070695
1070.741439,200,2077.628097
165.485657,200,2080.111915
898.585906,200,2082.634328
1043.650111,200,2085.245278
843.922152,200,2087.728671
681.28887,200,2090.177545
782.449966,200,2092.927821
1087.930741,200,2096.021209
708.281465,200,2099.112716
180.192725,91,2100.532973
733.904029,200,2103.087052
562.903646,200,2105.58602
965.956737,200,2108.053496
821.628785,200,2110.551797
75.972672,93,2111.64934
718.790716,200,2113.990567
586.961485,200,2116.388354
525.498588,200,2118.861341
1115.527313,200,2121.315049
1001.77881,200,2123.75191
646.209942,200,2126.275624
193.981895,200,2128.736591
637.716663,200,2131.202446
543.509547,200,2133.664655
561.821156,200,2136.21505
914.925702,200,2138.670385
797.223691,200,2141.061142
788.167385,200,2143.531877
672.982433,200,2145.900874
960.357889,200,2148.785433
598.675122,200,2151.908843
1142.453625,200,2154.955783
741.990011,200,2157.667042
802.205616,200,2160.212943
1081.345126,200,2280.017094
875.54692,200,2282.453867
923.908906,200,2284.909956
235.143737,200,2287.329448
946.744111,200,2289.777946
888.210208,200,2292.246013
1000.300122,200,2294.67311
904.957657,200,2297.04147
158.760639,154,2298.949624
987.850454,200,2301.933801
528.324862,200,2304.992372
161.642816,108,2306.603639
581.829689,200,2309.588462
648.358785,200,2312.009953
665.170048,198,2314.497229
996.245759,200,2316.933218
939.584306,200,2319.49917
506.311109,200,2321.951089
265.278363,200,2324.365542
592.525137,200,2326.814236
274.037935,200,2329.254653
437.902753,200,2331.744925
412.878554,200,2334.244586
758.618657,200,2336.692868
614.779692,200,2339.13262
1190.20781,200,2341.537874
265.289004,175,2343.730263
517.094405,200,2346.151178
900.072181,200,2348.573036
685.445798,200,2351.14883
873.381231,200,2353.550354
270.520102,200,2355.891377
516.361816,200,2358.756168
958.437351,200,2361.839514
386.509715,200,2364.894436
720.576712,200,2367.639513
213.721423,190,2370.059138
1081.786277,200,2372.473724
944.04432,200,2375.076828
677.956287,200,2377.5829
347.806699,200,2380.030146
85.242828,57,2380.748612
1001.621391,200,2383.176582
1084.773161,200,2385.626041
91.846393,112,2386.931981
713.072107,200,2389.351776
97.048223,122,2390.831797
724.354313,200,2393.347698
1085.673231,200,2395.827383
388.783662,200,2398.248283
691.576082,200,2400.752703
641.217815,200,2403.231069
133.167667,76,2404.166494
1052.145933,200,2406.605945
638.723874,200,2409.113007
159.078171,200,2452.004189
1149.534051,200,2454.454599
480.50177,200,2456.852205
758.65268,200,2459.371186
743.632436,200,2462.448772
693.078067,200,2465.508676
185.042654,200,2468.085219
650.673546,200,2470.562083
724.380507,200,2473.109773
679.253609,200,2475.650498
163.136366,200,2478.067099
253.098194,200,2480.490266
826.048591,200,2482.930973
535.500021,200,2485.521205
794.804852,200,2487.97749
1079.794127,200,2490.457518
234.141656,129,2492.078072
1018.793096,200,2494.629375
188.987122,200,2497.107059
1177.35812,200,2499.608406
588.427073,200,2502.15459
442.553051,200,2504.521881
665.476963,200,2506.77344
523.332137,200,2508.966749
888.506079,200,2511.102407
769.276389,200,2513.186321
578.111387,200,2515.287682
104.368437,127,2516.753074
240.026421,200,2518.922149
650.923613,200,2521.237713
372.219571,200,2523.899559
628.414099,200,2642.333615
167.086938,200,2644.804245
530.888631,200,2647.293012
1092.984942,200,2649.854798
183.696847,200,2652.318277
1115.852195,200,2654.811598
758.021648,200,2657.303794
530.820405,200,2659.873124
1059.562863,200,2662.504411
755.887067,200,2665.55149
840.356187,200,2668.712598
898.698154,200,2671.690578
166.105044,200,2674.201659
494.042482,200,2676.687501
173.658714,200,2679.13824
486.723631,200,2681.611795
184.964663,200,2684.151067
841.165106,198,2686.612049
827.172414,200,2689.064742
915.788724,200,2691.565569
716.801909,200,2693.940373
532.863253,200,2696.373703
830.781914,200,2698.830878
696.142471,200,2701.382019
746.701557,200,2703.892022
196.669456,200,2706.349393
730.867483,200,2708.888832
1111.712186,200,2711.370875
758.750907,200,2713.844332
636.687836,200,2716.345357
199.94292,200,2718.910212
163.189339,200,2721.97304
645.686456,200,2725.06737
632.833981,200,2728.147135
573.995171,200,2730.60953
406.311764,200,2733.15646
642.660477,200,2735.597281
415.894682,200,2738.018828
164.29699,200,2740.493967
1010.418597,200,2743.040318
890.499493,200,2745.482129
881.791668,200,2747.956538
716.462903,200,2750.496245
863.752443,200,2752.985429
1055.558478,200,2755.393573
162.99973,200,2757.931288
500.606973,200,2760.388493
1066.206569,200,2762.838416
463.959768,200,2765.299457
865.477755,200,2767.837418
1087.353955,200,2770.321422
57.579773,70,2771.163845
690.81918,200,2773.615858
544.866019,200,2776.2039
951.948145,200,2778.658834
245.761905,165,2780.690046
148.71699,190,2783.093964
159.360936,200,2785.4924
479.466104,200,2787.880155
500.937262,200,2790.245613
875.70812,200,2792.660062
422.904131,200,2795.040836
904.402751,200,2797.51549
339.266334,200,2800.087665
1091.281556,200,2802.543706
934.518251,200,2804.993731
165.593454,200,2807.522968
641.934621,200,2809.988897
942.54131,200,2812.410536
815.108948,200,2814.839978
777.753789,200,2817.355487
905.90933,200,2819.780204
514.001165,200,2822.268536
903.979708,200,2824.795765
531.017843,200,2827.223137
371.016872,200,2829.721635
555.107701,200,2832.233359
1057.263051,200,2834.649624
313.316565,200,2837.16536
896.645616,200,2839.810792
149.12637,78,2841.098189
163.622657,200,2844.210549
391.561989,200,2847.235646
220.657176,200,2849.964311
784.991397,200,2969.010877
598.774312,200,2971.492598
163.660292,200,2974.043353
532.314113,200,2976.513383
409.387696,200,2978.976732
452.451087,200,2981.499552
496.135369,200,2984.044993
543.076909,200,2987.055243
635.116459,200,2990.16308
220.346289,110,2991.88184
1176.654117,200,2994.3811
574.097355,200,2996.845621
742.739706,200,2999.307836
70.237818,88,3000.376677
594.101385,200,3002.797704
880.944533,200,3005.259058
641.278573,200,3007.780574
1179.292952,200,3010.210768
1173.173975,200,3012.645618
700.024348,200,3015.205113
519.205605,200,3017.645435
270.476685,200,3020.10864
588.480496,200,3022.598791
1056.343696,200,3025.177445
372.555195,200,3027.63956
54.523283,62,3028.401571
565.963793,200,3030.873437
546.625014,200,3033.372787
758.910374,200,3035.830297
227.646845,200,3038.274203
895.505451,200,3040.96813
119.564573,145,3043.168911
893.545913,200,3046.237132
672.400442,200,3049.374151
378.884635,200,3051.929638
1152.056819,200,3054.373589
727.451234,200,3056.914948
722.722758,200,3059.301665
956.385069,200,3061.665723
608.469091,200,3064.048892
206.249839,72,3064.997436
365.240673,200,3067.417833
472.244277,185,3069.679259
164.740383,122,3071.188321
494.965079,200,3073.741818
959.264482,200,3076.19364
974.9252,200,3078.622303
177.257166,144,3080.408483
893.762139,200,3082.933534
919.144149,200,3085.384042
537.127207,200,3087.85821
681.913825,200,3090.32498
77.826789,87,3091.333894
166.056374,200,3093.712143
942.984394,200,3096.225608
716.616409,200,3099.092817
216.260668,200,3102.165482
171.758303,200,3105.218666
607.470163,200,3108.046595
47.166153,54,3108.720845
1062.665001,200,3111.147413
608.616477,200,3113.605453
626.182032,200,3116.136569
385.456726,154,3118.060714
948.481762,200,3120.484294
170.768461,200,3123.008598
176.702392,200,3125.469491
355.60978,161,3127.473435
1050.897268,200,3129.884714
540.998699,200,3132.417733
437.704882,200,3134.849523
660.917752,200,3137.298217
1096.021145,200,3139.837769
840.006985,200,3142.310069
253.210745,200,3144.761459
185.840068,200,3147.198085
422.449025,200,3149.723049
960.224211,200,3152.185443
557.072452,200,3154.622333
920.04522,200,3157.71361
852.593607,200,3160.81653
724.034025,200,3163.848551
72.469875,88,3165.10057
433.650502,200,3167.548299
574.964033,200,3170.014221
445.762356,190,3172.301689
955.3672,200,3174.848927
896.160744,200,3294.300171
1071.373419,200,3296.726172
769.221079,200,3299.218177
48.851351,56,3299.879284
641.106238,200,3302.333499
768.930794,200,3304.791225
991.704015,200,3307.236778
212.259744,46,3307.806061
873.065367,200,3310.168877
392.554194,200,3312.621884
237.507685,200,3315.152175
792.183117,200,3317.584049
1080.758382,200,3320.051757
187.800593,200,3322.559576
797.54745,190,3324.853287
960.888984,200,3327.309195
171.195276,200,3329.751317
522.428262,148,3331.621112
471.322787,200,3334.040891
506.277396,200,3336.432878
798.342872,200,3338.769133
960.012136,200,3341.279645
337.163207,94,3342.439154
576.945412,200,3344.876307
782.149047,200,3347.453443
387.196982,200,3349.901049
155.218753,151,3351.748084
167.299348,47,3352.336645
781.055151,200,3354.775995
604.997163,200,3357.266078
1105.22945,200,3359.721925
1005.833357,200,3362.173958
633.528142,200,3364.677743
904.428918,200,3367.065366
535.469552,200,3369.937265
457.884792,200,3373.141426
424.771095,200,3376.08638
553.102043,200,3378.621329
832.546979,200,3381.208244
209.767723,200,3383.762636
789.315631,200,3386.268898
196.856737,171,3388.39225
542.904571,200,3390.989911
942.522054,200,3393.476742
696.85069,200,3395.919175
612.181075,200,3398.527722
82.298362,105,3399.773421
497.636237,200,3402.148772
921.594702,200,3404.620524
385.373041,200,3407.154407
567.782219,200,3409.618175
574.050701,200,3412.059782
779.532701,200,3414.616911
604.68986,200,3417.122159
318.466245,200,3419.632715
621.485828,200,3422.238791
729.83293,200,3424.715277
494.551982,200,3427.180468
650.337858,200,3429.628611
508.149075,200,3432.092745
665.190358,200,3434.616865
1040.930071,200,3437.40162
485.045179,200,3439.999269
378.300127,200,3442.411407
1158.643681,200,3444.883867
1081.17604,200,3447.434406
341.931997,200,3449.85467
739.158642,200,3452.215914
844.659786,200,3454.498549
165.860416,200,3456.782423
812.243846,200,3458.959147
920.075719,200,3461.151677
300.814723,200,3463.507307
439.402659,200,3465.966821
299.061005,200,3468.426557
837.062152,200,3470.927413
460.850582,200,3473.40114
646.750001,200,3475.783437
162.154314,200,3478.196903
501.542313,200,3480.755378
984.978423,200,3483.620017
698.123232,200,3486.68059
622.5444,200,3489.845309
892.919541,200,3492.544495
479.163929,200,3494.987377
186.511802,141,3496.731148
618.601847,200,3615.908568
807.955384,200,3618.339702
870.665153,200,3620.819674
668.47366,200,3623.357096
560.976431,200,3626.402173
671.098705,200,3629.557578
1119.616445,200,3632.687875
117.852414,119,3634.244947
503.292591,200,3636.703619
375.542422,200,3639.227762
733.715599,157,3641.15548
618.271445,200,3643.596223
325.204079,98,3644.830656
817.301104,200,3647.341299
871.266311,200,3649.794253
1064.901703,200,3652.226726
809.049223,200,3654.739311
1031.689991,200,3657.169364
1043.031994,200,3659.664055
842.386767,200,3662.140788
768.94159,200,3664.714054
162.97275,200,3667.176577
579.192672,200,3669.628106
695.385783,200,3672.171358
693.188854,200,3674.599916
910.324766,200,3676.979593
189.15164,200,3679.476695
826.245196,200,3681.959656
887.281748,200,3684.887391
559.68773,200,3688.036921
1016.451287,200,3691.126683
784.866163,200,3693.796184
928.268244,200,3696.325485
219.977568,200,3698.78872
575.143764,200,3701.238054
773.964535,184,3703.437662
694.032561,200,3705.891272
539.210571,200,3708.306601
563.628834,200,3710.771209
73.95052,52,3711.415523
559.603742,200,3713.949556
339.531777,141,3715.673008
174.219685,200,3718.137368
261.984352,200,3720.591721
1158.036778,200,3723.128895
669.587345,200,3725.545173
1167.22629,200,3728.00162
713.545289,200,3730.552132
727.276161,200,3733.040798
791.91644,200,3735.433684
163.634291,200,3737.858154
93.421676,56,3738.543256
920.482428,200,3741.085208
164.472533,200,3744.17632
175.005683,200,3747.406982
717.824252,200,3750.448223
389.283784,200,3752.918012
162.122029,200,3755.467883
1058.675873,200,3757.882255
1041.417775,200,3760.273209
165.813751,200,3762.812974
1185.470613,200,3765.275093
1161.391046,200,3767.623095
81.417205,104,3768.888151
170.166334,200,3771.384729
985.562204,200,3773.788345
612.091649,200,3776.222095
816.683375,200,3778.647749
183.70646,200,3781.187695
617.821113,200,3783.667903
777.409685,200,3786.114991
472.434987,200,3788.652962
504.888225,200,3791.12787
859.503993,200,3793.58199
165.95502,200,3796.054415
955.591057,200,3799.001597
809.275912,200,3801.483042
345.086972,200,3803.832914
476.233665,138,3805.57204
321.800929,200,3807.985104
814.727295,200,3810.478868
321.762898,133,3812.147097
587.795735,149,3814.115338
729.829706,200,3816.573478
384.964958,200,3819.032622
331.222753,200,3821.608708
717.52712,200,3824.079819
1176.282253,200,3942.91704
796.0458,200,3945.387135
1113.017266,200,3947.814269
1041.288368,200,3950.26665
883.099221,200,3952.620928
155.496523,55,3953.27541
304.041663,200,3955.743449
993.258566,200,3958.601452
316.603167,200,3961.679663
1017.586688,200,3964.803312
742.670662,200,3967.554144
593.289738,200,3970.02422
616.675275,200,3972.545924
685.774765,200,3974.963708
708.280526,200,3977.472967
649.742205,155,3979.428072
484.253947,200,3981.877865
377.804515,200,3984.273008
733.487601,200,3993.00186
272.932409,200,3995.90556
777.89086,200,3998.649285
608.994413,200,4001.073587
411.943954,192,4003.494093
630.760616,200,4005.941447
616.637615,200,4008.362191
639.383374,154,4010.233599
601.054194,188,4012.544167
331.996274,180,4015.077969
208.165032,53,4015.941789
1052.395902,200,4019.010892
840.117852,200,4022.135059
993.947726,200,4024.679331
921.876275,200,4027.156723
358.831813,200,4029.699391
102.432636,124,4031.206637
739.9109,200,4033.64803
86.985095,104,4034.910083
429.610683,136,4036.640521
372.87176,200,4039.101488
1116.546969,200,4041.576332
420.490301,200,4044.006326
744.783844,198,4046.49364
220.530194,200,4048.972423
939.953044,200,4051.379869
396.571394,200,4053.865066
994.153027,200,4056.290958
539.997865,200,4058.770361
894.442377,200,4061.190639
968.67767,200,4063.715533
56.074182,47,4064.296805
873.542608,200,4066.776428
774.290373,200,4069.170782
735.254785,200,4071.58379
760.426243,200,4074.521586
384.266128,200,4077.602272
797.054482,200,4080.829285
859.894096,200,4083.428697
975.626429,200,4085.842165
960.67,200,4088.399009
841.278853,200,4090.821338
145.269465,57,4091.500501
641.621351,200,4093.891975
440.247654,200,4096.434038
959.506693,200,4098.897372
287.246373,200,4101.31409
472.006404,200,4103.751168
1126.916415,200,4106.113165
348.380436,200,4108.493047
193.987186,200,4110.929483
853.27902,200,4113.446731
1057.289344,200,4115.87784
259.784323,125,4117.414587
444.944491,200,4119.983044
1047.305851,200,4122.386571
431.704881,197,4124.801507
308.373038,200,4127.296027
890.256269,200,4130.286814
821.311898,200,4133.36037
675.842022,200,4136.513362
346.689261,200,4139.197839
1095.706228,200,4141.662051
498.762184,200,4144.149223
700.445935,200,4146.735752
204.678841,54,4147.396827
87.429319,112,4148.740183
1072.041963,200,4151.221198
297.61934,135,4152.94301
436.678055,200,4155.393247
488.448355,129,4156.992178
719.642683,200,4276.170245
393.995657,200,4278.713682
885.386741,200,4281.193787
168.727077,200,4283.662988
162.39181,200,4286.427192
631.66684,200,4288.908604
927.581983,200,4291.375496
166.420897,200,4293.893063
935.702971,200,4296.420307
873.448423,200,4298.860467
940.826684,200,4301.284757
758.981258,175,4303.479177
738.878541,200,4305.890209
955.068474,200,4308.265152
968.893298,200,4310.728526
782.466129,200,4313.214286
707.468905,200,4315.705198
167.1508,200,4318.101244
641.047763,200,4320.573678
297.921612,200,4323.027055
1121.922908,200,4325.466683
807.995592,200,4327.987061
816.021423,200,4330.344459
1090.064029,200,4332.744908
279.436229,200,4335.225298
451.257475,165,4337.843745
1089.64579,200,4340.931731
860.112557,200,4344.122993
847.26286,200,4346.562023
1175.415092,200,4348.887881
879.639826,200,4351.154891
630.285306,200,4353.522704
178.596932,173,4355.60209
824.920212,200,4358.089431
539.631002,200,4360.650289
917.839877,200,4363.083442
481.058923,200,4365.529706
544.049195,200,4367.981582
1005.716901,200,4370.524855
481.798356,200,4372.990529
1011.279706,200,4375.416451
642.943521,200,4377.934623
720.832504,200,4380.403582
644.290291,200,4382.92589
540.3155,200,4385.238427
793.650563,200,4387.588104
975.97536,200,4389.871132
741.55447,200,4392.391941
582.08923,200,4395.512869
553.298105,200,4398.538714
623.024826,200,4401.569782
218.188984,200,4404.101542
794.142281,200,4406.561616
72.007723,59,4407.311534
660.806509,200,4409.726749
1050.029972,200,4412.234929
883.640998,200,4414.67857
795.438172,200,4417.116953
625.676795,200,4419.565304
774.962828,200,4421.944457
188.819099,200,4424.428651
172.709716,200,4426.920707
375.828951,200,4429.439277
652.75992,200,4431.943889
163.603478,200,4434.401169
824.398247,200,4436.949506
1031.391802,200,4439.333862
667.955919,200,4441.624613
887.311331,200,4443.958913
96.6135,122,4445.352788
795.288125,200,4447.708541
374.120826,141,4449.413827
481.739253,114,4450.809218
697.4316,200,4453.361692
71.857982,47,4453.947178
511.695474,200,4456.419978
73.294067,91,4457.566231
670.254757,200,4460.023883
662.226959,200,4462.512096
163.849986,200,4464.904413
399.313344,200,4467.360038
728.412623,200,4469.874029
949.678118,200,4472.286905
673.06788,200,4474.786949
260.433641,200,4477.288189
943.988255,200,4593.711764
251.670146,118,4595.081283
816.85581,200,4597.748299
1148.597951,200,4600.82186
795.098207,200,4603.993023
956.375084,200,4606.825801
566.587851,200,4609.286131
607.906414,200,4611.784945
991.615713,200,4614.211939
712.805836,200,4616.629531
640.290252,200,4619.175344
90.815189,46,4619.739851
557.936202,200,4622.168558
149.078383,104,4623.357502
868.782147,200,4625.67941
163.220305,200,4628.067254
182.151049,123,4629.584965
430.370007,200,4632.038263
898.426874,200,4634.621707
974.831009,200,4637.098501
172.457795,200,4639.518986
408.375501,200,4641.910407
1000.075432,200,4644.434922
603.024291,200,4646.879555
354.312371,200,4649.344036
346.402478,152,4651.258929
1021.127459,200,4653.694056
161.712235,200,4656.845425
708.011547,200,4660.023984
810.64682,200,4663.036545
720.83962,200,4665.372651
501.875558,200,4667.671665
188.3098,200,4670.174179
238.358829,144,4671.945116
547.237397,200,4674.389109
598.991987,200,4676.903598
398.44313,200,4679.374168
1036.198759,200,4681.786125
492.793559,200,4684.113717
604.534984,200,4686.507828
779.170625,200,4688.885222
717.156805,200,4691.361211
638.009484,200,4693.92274
545.454046,200,4696.397288
681.236968,200,4698.823837
1177.690856,200,4701.358419
247.132979,200,4703.81433
799.376297,200,4706.205312
1065.869846,200,4708.533097
535.630942,200,4710.972616
997.496526,200,4713.642041
461.872454,200,4716.092569
162.973316,126,4717.447707
892.801956,200,4719.697085
1029.497704,200,4721.917859
1175.016426,200,4724.163311
98.269264,122,4725.555926
520.773553,200,4728.006856
773.297072,200,4730.357538
897.698765,200,4732.790778
1183.153833,200,4735.334071
910.423502,200,4737.731437
971.374663,200,4740.047374
238.580068,200,4742.351784
949.7721,200,4744.749678
660.489592,200,4747.066735
536.367534,200,4749.33861
1126.811678,200,4751.682493
946.85776,200,4753.840786
846.375324,200,4755.928344
839.155162,200,4758.053479
303.147228,200,4760.303077
616.092392,200,4762.586787
832.080596,200,4764.957975
369.450574,200,4767.505171
132.465462,164,4769.522639
1152.975695,200,4772.140687
611.071015,168,4774.744874
699.084754,200,4777.689554
1172.013311,200,4780.136403
804.864195,200,4782.604759
145.900903,184,4784.951849
184.383207,200,4787.426082
585.408292,200,4789.891828
717.042469,200,4792.446949
720.304503,200,4794.92522
1171.834695,200,4913.637502
494.968539,200,4916.678921
545.243076,200,4919.478201
1026.89546,200,4921.944922
870.948933,200,4924.391524
975.970274,200,4926.929744
987.045984,200,4929.320542
1011.506078,200,4931.600995
1009.248686,200,4933.956897
653.109461,200,4936.35258
761.5344,200,4938.749017
845.508082,200,4941.080609
189.648564,200,4943.584676
607.643626,200,4945.975008
819.419176,200,4948.382225
41.150491,48,4948.986262
1026.939247,200,4951.47775
801.653821,200,4953.942239
890.767324,200,4956.405882
1057.04181,200,4958.89852
750.310237,200,4961.264751
540.17023,198,4963.58604
706.83558,200,4999.924949
1016.292781,200,5002.337752
563.666511,200,5004.791675
921.291694,200,5007.266794
165.496863,57,5007.947018
584.291361,200,5010.427938
898.593789,200,5012.812886
785.447335,200,5015.213523
744.302601,200,5017.688593
162.561285,200,5020.544747
915.731315,200,5023.595418
888.535187,200,5026.71346
767.09719,200,5029.504667
1110.281782,200,5031.902507
929.378739,200,5034.379212
1104.386015,200,5036.767896
765.664776,200,5039.158613
491.102687,200,5041.577466
915.867292,200,5043.982311
1153.458917,200,5046.331004
928.948291,200,5048.705613
1106.104979,200,5051.19422
174.807637,200,5053.572676
641.609644,200,5055.929525
450.944378,142,5057.529842
954.187947,200,5059.905205
80.024483,101,5061.080316
174.25735,200,5063.471706
335.30724,200,5065.811832
400.118551,200,5068.273101
419.545994,200,5070.610743
250.108518,200,5073.064299
925.123439,200,5075.57802
1040.809732,200,5078.388372
809.912007,200,5081.48327
1071.91537,200,5084.600297
486.678967,200,5087.39864
1031.971101,200,5089.851519
195.254995,200,5092.33627
1001.092671,200,5094.794907
325.288939,200,5097.185444
640.433102,200,5099.615808
896.57412,200,5102.040933
163.755819,200,5104.468204
168.417044,113,5105.817975
725.924872,200,5108.362417
594.253837,200,5110.785166
650.448787,200,5113.220985
723.11143,200,5115.520947
553.185606,200,5117.874345
788.283583,200,5120.206155
528.675241,200,5122.659225
752.107871,200,5125.184958
912.218622,200,5127.555438
1147.765396,200,5129.893458
458.339582,200,5132.424166
810.125046,200,5135.560559
251.462013,200,5138.621278
176.859464,200,5141.632234
175.467333,200,5144.069832
747.087303,200,5146.439153
666.092472,200,5148.828429
732.97629,200,5266.202784
905.540641,200,5268.602749
908.810298,200,5270.971949
728.537815,200,5273.385069
1159.449711,200,5275.837177
869.859324,200,5278.204527
85.6778,108,5279.535336
701.055538,200,5282.595746
486.581513,200,5285.665201
503.451018,200,5288.723961
452.275426,200,5291.356444
425.15447,162,5293.333057
803.987934,200,5295.745494
588.817828,200,5298.223568
830.991828,200,5300.677293
529.372591,200,5303.140199
1029.30076,200,5305.636597
73.587129,88,5306.716551
736.557732,200,5309.298274
167.300693,200,5311.69165
1105.945832,200,5314.068832
303.956679,200,5316.497576
786.338004,194,5318.82146
978.510295,200,5321.237866
500.477891,180,5323.509332
779.437887,200,5326.052971
512.320547,200,5328.470015
1127.031021,200,5330.865037
444.161922,200,5333.243755
1061.122505,200,5335.476214
1111.233804,200,5338.337981
705.152599,200,5341.463057
539.210918,200,5344.582097
576.802196,200,5347.225226
753.688304,200,5349.851013
1004.208326,200,5352.297525
991.214593,200,5354.760704
640.166468,200,5357.377709
441.888552,200,5359.78338
441.15194,109,5361.071672
447.566027,177,5363.163172
1178.337728,200,5365.565945
610.838822,200,5367.904898
673.116954,200,5370.263298
80.732371,102,5371.483076
1019.524178,200,5374.046552
188.433187,200,5376.509058
425.707553,200,5378.989102
488.911729,200,5381.486514
651.409687,200,5384.259057
823.013109,200,5387.151497
647.343961,200,5389.633282
782.095321,200,5392.151608
1195.575342,200,5394.90683
955.39322,200,5397.955939
537.017863,200,5401.042159
435.631792,200,5403.814587
611.740027,200,5406.250979
1173.054307,200,5408.756008
917.802598,200,5411.190352
1185.294043,200,5413.606351
673.585965,200,5416.047284
950.906837,200,5418.52622
514.628357,200,5420.970308
585.939039,200,5423.345629
955.032618,200,5426.043535
733.581561,200,5428.768657
384.124264,196,5431.179854
515.958034,200,5433.699903
438.066216,200,5436.126403
991.731906,200,5438.497651
170.848492,200,5440.930098
889.119962,200,5443.305827
80.582514,101,5444.48863
1094.482866,200,5446.857465
401.428391,200,5449.332223
845.974409,200,5452.076908
715.320377,200,5455.176952
592.147334,200,5458.393715
609.500334,200,5461.243654
1003.873313,200,5463.735915
640.941936,200,5466.23732
1076.486512,200,5468.700878
825.697845,200,5471.142138
752.652281,200,5473.708629
884.813222,200,5592.112177
182.01249,200,5594.492436
605.451426,200,5596.854714
162.711717,200,5599.328362
493.57346,123,5600.768328
611.617731,200,5603.17268
770.352349,200,5605.608917
534.587915,200,5608.548885
574.694097,200,5611.598535
561.112421,200,5614.136293
423.200163,200,5616.677806
948.489345,200,5619.070908
109.936571,71,5619.969283
1083.844105,200,5622.437256
871.834109,200,5625.068269
485.091192,200,5627.482027
613.711761,200,5629.9899
566.598712,200,5632.498436
265.257646,137,5634.165481
227.397609,200,5636.597393
556.34047,200,5638.96561
438.888537,200,5641.416936
758.737597,200,5643.864388
350.076439,195,5646.257552
767.753689,200,5648.796715
775.028202,200,5651.264348
784.274195,200,5653.717866
423.455155,183,5655.968436
427.872904,200,5658.53138
833.61723,200,5660.928749
123.588154,138,5662.512306
621.137693,200,5665.018415
478.21695,200,5667.423188
784.124529,200,5669.811423
718.868216,200,5672.733114
891.953783,200,5675.668958
877.976594,200,5678.137484
179.271797,200,5680.601504
274.511214,200,5683.03478
233.342542,200,5685.373672
753.143044,200,5687.736446
789.813718,200,5690.138168
949.42904,200,5692.531863
1092.029906,200,5694.995931
172.268216,200,5697.397905
806.830288,200,5699.825875
165.374718,200,5702.263109
818.51308,200,5704.703005
1132.879951,200,5707.199034
209.014393,200,5709.65004
572.924911,200,5712.075802
964.979503,200,5714.607894
876.09259,200,5717.075475
1156.38642,200,5719.525506
724.012244,200,5721.927404
874.097837,200,5725.000962
171.229777,200,5728.03558
692.784569,200,5731.150753
754.490002,200,5733.850158
990.564675,200,5736.283447
629.69661,200,5738.707012
1067.702278,200,5741.232139
1106.107052,200,5743.685008
39.600431,51,5744.314904
423.966404,200,5746.789145
41.872637,51,5747.448244
944.817526,200,5750.04282
77.919824,98,5751.232852
1112.664952,200,5753.666506
654.792174,200,5756.180793
779.75795,200,5758.633029
994.105799,200,5760.99626
507.174671,200,5763.348803
864.559219,200,5765.946658
449.602406,200,5768.442037
440.955842,200,5770.890036
208.873968,200,5773.394645
90.608994,58,5774.173903
731.796771,200,5776.655163
386.308136,200,5779.078137
100.394004,119,5781.037054
52.456776,54,5781.93123
980.131445,200,5785.038226
490.019729,200,5788.136266
1123.845543,200,5790.734031
168.731102,200,5793.081719
1155.659752,200,5795.450059
575.77277,200,5797.893431
622.841471,200,5917.252292
549.649577,200,5919.86665
660.143325,200,5923.052702
479.266067,200,5926.126408
230.853208,200,5929.153369
836.142698,200,5931.62097
713.361431,176,5933.7625
560.718863,135,5935.445448
327.558578,200,5937.869932
165.43782,200,5940.38328
852.625107,200,5942.749485
421.400718,200,5945.121974
561.582386,157,5947.050262
438.885908,184,5949.34977
585.976619,200,5951.80442
432.761594,200,5954.244239
33.260084,40,5954.73716
893.593931,200,5957.25744
325.746268,200,5959.694579
517.652806,200,5962.15002
638.714766,200,5964.714403
518.604654,200,5967.138009
1195.422809,200,5969.581594
1043.66419,200,5972.039904
811.195928,200,5974.516829
797.594419,200,5977.558059
548.375557,200,5980.734931
745.280455,200,5988.96655
1010.656074,200,5991.462586
702.398581,200,5993.948945
697.954628,200,5996.489382
174.54198,104,5997.851728
214.650039,200,6000.299124
1053.502028,200,6002.767825
191.692986,144,6004.472602
976.183625,200,6006.88519
1121.612032,200,6009.366593
1057.17464,200,6011.798343
41.730495,50,6012.42016
1143.399058,200,6014.955559
206.290612,157,6016.911539
616.897354,196,6019.305228
171.269203,200,6021.814939
1155.494595,200,6024.321061
465.558177,200,6026.779284
342.927268,200,6029.322746
797.904923,200,6031.889736
499.095386,200,6034.443686
802.406572,200,6036.873916
456.209493,200,6039.439677
183.593508,75,6040.363969
433.68857,200,6042.809695
108.833078,138,6044.508268
714.219478,200,6047.013479
387.730561,200,6049.481822
711.793825,200,6052.002575
165.403325,200,6054.448135
238.476534,200,6056.943197
784.043987,200,6059.410589
175.385831,200,6061.790139
652.682418,200,6064.276116
532.366816,200,6066.598478
645.878958,200,6069.005811
706.468219,200,6071.440582
762.450723,200,6073.923009
420.446095,200,6076.296082
1007.074017,200,6078.675687
1041.914053,200,6081.171476
846.11311,200,6083.641919
740.958854,200,6086.05636
949.398198,200,6088.617358
780.388639,200,6091.239958
520.794217,200,6093.777154
363.749991,200,6096.114256
420.354031,200,6098.619766
547.571361,200,6101.085502
127.597444,124,6102.6158
701.744256,200,6104.981343
1110.611412,200,6107.538819
74.264669,94,6108.731026
955.401866,200,6111.217056
249.581738,93,6112.405415
569.638587,200,6114.962413
941.660867,200,6117.338351
808.895929,200,6119.852705
521.607113,200,6122.394317
696.262945,200,6124.91545
81.987583,54,6125.571056.9636.633709,200,6245.717327.0773.435339,200,6248.253633.5639.293344,200,6250.650385
168.606302,171,6252.720489
734.089902,200,6255.226493
984.381358,200,6257.623279
626.675819,200,6260.011976
1041.607441,200,6262.452512
695.029442,200,6264.96138
352.008289,200,6267.412578
587.286427,119,6268.861235
735.670049,176,6271.033289
385.951045,200,6273.614351
275.594874,115,6275.03860.951004.429466,200,6277.4778.305176.28585,200,6279.941061.168.504415,59,6280.6479750.673.971356,200,6283.0119671.715.776576,200,6285.460296.71178.102715,200,6287.8815.38789.40409,102,6289.229357.9331.082862,200,6291.930956
327.580057,200,6295.062724
382.041839,200,6298.217171
74.615498,51,6299.0156389.756.785803,200,6301.7791464.1025.971597,200,6304.131025.3911.756339,200,6306.554348.7452.238083,188,6308.829470.5668.371932,200,6311.23834.36570.903195,200,6313.68210.50983.098081,200,6316.071195.849.085919,200,6318.4619527.1016.880004,200,6320.893457.780323,200,6325.590075
974.818986,200,6328.017058
849.00354,200,6330.349885
589.73496,181,6332.41521
95.583331.452976,200,6331544.044445,200,6336.065546
1031.877069,200,6338.241476
800.526448,200,6340.375179
353.101793,200,6342.672232
1041.435194,200,6344.901316
956.519488,200,6347.207993
479.506285,165,6349.142581
1072.106129,200,6351.910144
684.101821,200,6354.961613
567.392579,200,6358.134257
25907.767247,200,6356.89810983353.28913,200,6359.40214293168.563565,200,6361.88727700920.041369,200,6364.45076904307.759472,200,6366.891909661142.866798,200,6369.4537407.217.209887,200,6372.0025637.834.255482,200,6374.4371586.392679,200,6379.657809
742.31993,200,6382.087661
537.954973,200,6384.65243
822.841889,200,6387.120498
600.49041,200,6389.584687
286.778447,139,6391.35085
1160.854216,200,6393.829135
1063.868584,200,6396.252762
888.860092,200,6398.694715
1178.647031,200,6401.198378
215.281826,200,6403.670752
400.101479,200,6406.182749
842.727621,200,6409.17072
58.854749,68,6410.144716
1182.270442,200,6413.02156
490.190337,200,6415.76399
76.688.915855,200,6414.527864.4624.475131,200,6416.9891083.836.356685,200,6419.4577556.973.41094,200,6421.95826108212.875539,200,6424.40815927573.208568,200,6426.82683888856.249023,200,6429.265032
82.161086,92,6430.46662611427.193094,200,6432.9041787540.427536,200,6435.269947591.059092,116,6436.630581
510.939663,200,6439.06624
754.480989,200,6441.499829
790.026276,200,6443.942534
841.755344,200,6446.375528
519.989186,200,6448.876634
542.903385,200,6567.655602
752.236263,200,6570.101753
971.06944,200,6572.628573
846.584534,200,6575.151249
747.086379,200,6577.613048
796.227777,200,6580.193601
798.842912,200,6582.613185
48.724678,56,6583.332994
722.204031,200,6585.815855
478.600577,200,6588.30518
1019.314175,200,6590.735875
335.19667,110,6592.104815
893.578203,200,6594.495148
784.581192,200,6597.052789
815.462587,200,6599.505734
513.177958,200,6601.954009
638.996931,200,6604.411712
861.28568,200,6606.935285
471.39602,200,6609.33686
506.216201,163,6611.24686
527.081445,200,6613.659145
729.275759,200,6616.05838
115.392674,68,6616.898105
722.80221,200,6619.309541
925.332635,200,6621.780539
697.019062,200,6624.237754
460.805654,191,6626.543643
396.823761,117,6627.941865
596.553378,162,6630.001209
290.669478,200,6632.43129
326.948445,200,6634.910648
164.007452,200,6637.333231
547.90152,200,6639.892091
119.940455,78,6640.878988
735.693647,200,6643.308214
232.311912,186,6645.561223
1178.049682,200,6648.078016
1089.234009,200,6650.447758
925.629171,200,6652.897993
892.474025,200,6655.459023
588.210747,200,6657.907797
763.24756,200,6660.40637
1138.126046,200,6662.882885
108.200628,138,6664.643849
189.606173,200,6667.548142
983.109702,200,6670.57084
868.389392,200,6673.777185
991.763626,200,6676.482372
869.756315,200,6678.936602
626.818348,179,6681.073109
366.147661,200,6683.349499
371.125467,200,6685.534912
166.258348,200,6687.698707
483.402671,165,6689.665727
824.778485,200,6691.974726
97.7355,71,6692.830117
894.525609,200,6695.268429
1187.542644,200,6697.769817
596.146125,163,6699.73997
899.626913,200,6702.165363
859.892716,200,6704.665628
555.067462,200,6707.069993
571.701648,184,6709.332832
1073.172504,200,6711.692644
1003.272983,200,6714.124491
697.957239,200,6716.53116
947.926775,200,6718.990139
990.718794,200,6721.846864
1015.957235,200,6724.905964
186.969083,200,6728.048739
1041.024394,200,6730.945426
167.069746,200,6733.387548
935.331926,200,6735.868855
704.723287,200,6738.437365
645.292865,200,6740.897999
146.685461,169,6742.901517
675.935808,200,6745.337153
850.95409,200,6747.780167
564.20027,200,6750.268814
1004.040205,200,6752.698684
1086.317351,200,6755.191213
995.416645,200,6757.648965
66.696024,60,6758.398963
735.419371,200,6760.791658
229.841307,200,6763.304639
583.766118,200,6765.789077
626.800446,200,6768.253982
208.179994,200,6888.709576
1112.57726,200,6891.161757
736.320908,200,6893.631811
741.729917,200,6896.056098
671.081893,200,6898.495915
98.81345,71,6899.385047
437.799289,200,6901.792857
410.819187,200,6904.315187
718.638828,200,6906.757733
160.416867,200,6909.202828
621.528816,200,6911.630138
1179.534851,200,6914.302843
230.536011,71,6915.39839
344.446168,158,6917.392077
200.978299,200,6919.896528
625.895235,200,6922.484599
807.049566,200,6924.946302
830.864146,200,6927.356474
742.400485,200,6929.797323
94.689847,110,6931.107451
397.947989,200,6933.447976
411.927973,200,6935.748487
891.631526,200,6938.129948
1022.25813,200,6940.44837
1001.019093,200,6942.771731
337.128554,200,6945.03938
901.932259,200,6947.293869
491.689445,200,6949.497477
865.365799,200,6951.776527
37.471891,44,6952.301208
199.270931,200,6954.818695
831.716952,200,6957.241259
1181.666856,200,6959.5845637993.943348,200,6962.10436651117.51955,200,6964.5802772593.699507,200,6967.01611971057.811812,200,6969.523869101188.234787,200,6972.03902886768.491385,200,6974.9017581083.156819,200,6977.925169101147.453406,200,6980.89100852727.010637,200,6983.2629637.860.928546,200,6985.673514
527.302671,185,6987.8997241.524.345792,200,6990.3087767.666.925776,200,6992.7973163.739.183101,200,6995.340064
47.845999,58,6996.054497351080.615277,200,6998.4737224.804.487586,200,7000.9073116499.038842,200,7003.325063111011.961072,200,7005.831422892.906966,200,7010.64519
614.419817,200,7013.109298
1034.779194,200,7015.629194
164.079872,200,7017.947695
860.726697,200,7020.22897
527.946726,200,7022.469195
400.560369,200,7024.689992
694.686362,200,7026.895955
948.843958,200,7029.127408
199.432703,200,7031.350369
1146.091557,200,7034.212838
162.858752,200,7033.540048
1180.660688,200,7036.617983
659.47167,156,7038.879754
543.917664,200,7041.361075
953.084641,200,7043.865122
93.009257,54,7044.5182094650.353923,200,7047.0085651720.551307,200,7049.337116
1006.576383,200,7051.732978
849.938549,200,7054.201519
496.235734,152,7056.0615484743.37773,200,7058.479755
474.007638,200,7060.915313872.071439,2187.920423,200,7340.714579,200,7068.851782
995.442157,200,7071.300156
851.355136,200,7073.824066
167.078021,200,7076.270735
568.244006,200,7078.657309
1002.701759,200,7081.12890479956.277307,200,7083.589716591031.875573,200,7085.89065232515.712409,200,7088.294558291021.205856,200,7091.1206901.956.625495,200,7094.13821035256.307385,88,7212.72511610445.894479,200,7215.2260552663.163002,200,7217.5819173946.636119,200,7219.9464145603.904417,200,7222.3329164844.992452,200,7224.85146251011.779543,200,7227.2976555867.940092,200,7229.73242899867.797872,200,7232.309544
929.499816,200,7234.700251
164.401255,200,7237.099761
521.818154,200,7239.609369
724.118912,200,7242.104628
758.898794,200,7244.563773
1172.726251,200,7247.056423
1079.242777,200,7250.215079
550.239572,200,7253.279987
269.760758,200,7256.391149
752.680294,200,7258.864853
821.180656,200,7261.351614
1152.004482,200,7263.817635
1070.793307,200,7266.280456
794.463438,200,7268.688551
239.915438,200,7271.150835
204.102129,200,7273.638514
87.312314,107,7274.923333
784.200346,200,7277.290395
557.517872,200,7279.612484
842.037242,200,7282.121819
431.747863,98,7283.33881.55861.61791,200,7285.754698.8498.423903,172,7287.8561183.165.335857,200,7290.385842.8163.286545,200,7292.778559.0778.330317,200,7295.0761031.1066.183263,200,7297.4631038.166.281964,200,7299.8975882.1057.379792,200,7302.22727.49810.483303,200,7304.5456.810605.28386,200,7307.56943.40365.822572,200,7310.64647.28627.24477,200,7313.70782.07891.101374,200,7316.34151.524162,191,7313.904707
911.557813,200,7316.341231
760.510678,200,7318.739544
870.922587,200,7321.24186
398.446291,185,7323.420591
409.278424,158,7325.209099
1178.028058,200,7327.427161
1178.246815,200,7329.846888
260.851249,200,7332.231813
824.517006,200,7334.618746
173.083767,200,7337.093133
1164.061435,200,7339.49215
916.622769,200,7341.942321
450.881738,200,7344.424214
168.962292,200,7346.871688
491.997914,200,7349.305322
929.385596,200,7351.625586
1041.341842,200,7354.069797670.969816,200,7358.745844
320.298668,200,7361.04354
189.781817,200,7363.614421
915.307349,200,7361.39876591112.351628,200,7364.44257270.333824,200,7370.392353
1016.472298,200,7372.973288
438.093083,200,7375.416183
855.113454,200,7377.86495
343.748.851583,200,7376.482785.2460.293533,200,7379.025661.634505,200,7384.045898
1048.562916,200,7386.565964
807.820012,200,7389.034528
570.629811,200,7391.534121
706.641793,200,7393.945359
1178.676089,200,7433.648254
188.21849,200,7436.070229
407.010855,200,7438.50145
281.794187,200,7440.98018
609.487483,200,7443.373173
146.139847,183,7445.621569
831.601849,200,7448.150434
1025.389282,200,7450.600587
230.076901,200,7452.966712
422.078542,200,7570.659325
477.499196,200,7573.152095
1057.989252,200,7575.477725
407.467315,200,7577.712981
1137.347898,200,7580.02553
859.945185,200,7582.524889
704.886962,200,7584.953082
432.17733,200,7587.37592
918.0028,200,7589.859469
878.506864,200,7592.259703
512.212474,200,7594.685481
1116.684161,200,7597.18377
748.81989,200,7599.607155
168.297478,200,7602.068652
788.867305,200,7604.471182
698.144959,200,7606.920987
1115.274987,200,7609.315713
852.136239,200,7611.968723
848.770836,200,7615.127552
724.541541,200,7618.181211
173.905864,200,7621.03405
324.592979,162,7623.095415
695.274646,200,7625.512984
173.877506,200,7627.941632
521.098152,200,7630.469792
1079.564561,200,7632.747555
985.906363,200,7635.044903
833.539759,200,7637.352985
742.485911,200,7639.824272
150.236009,99,7641.024452
891.39142,176,7643.050997
1083.043269,200,7645.187612
169.253838,200,7647.376652
241.390461,200,7649.485282
928.790772,200,7651.582557
1017.096558,200,7653.75754
280.487314,188,7655.976648
898.808339,200,7658.341508
406.917901,200,7660.738985
386.910781,200,7663.138019
1103.977357,200,7665.611793
729.598777,200,7667.955803
676.986269,200,7670.339389
887.389392,200,7672.864584
418.865786,200,7675.329447
279.073119,135,7676.975898
902.018816,200,7679.463114
539.205486,200,7681.97346
169.514689,200,7684.420302
574.02167,149,7686.14732
728.188503,200,7688.659853
467.728841,200,7691.066798
212.523605,70,7691.915479
88.31642,49,7692.53447
45.834392,54,7693.187036
741.533759,200,7695.527172
575.62573,200,7697.90971
576.668076,168,7699.920104
928.416473,200,7702.285965
543.047209,200,7704.740377
885.563624,200,7707.188266
838.584532,185,7709.374329
727.845127,200,7711.726281
607.888114,200,7714.253191
469.978543,200,7716.681303
842.820299,200,7719.480853
810.2733,200,7722.37514
187.012222,200,7725.197818
1092.890236,200,7727.886593
140.28733,109,7729.669905
904.703096,200,7733.145818
955.40726,200,7736.867918
695.65774,200,7740.058976
316.973685,200,7742.610945
169.388468,200,7745.08589
164.44472,200,7747.674791
38.264079,47,7748.331661
583.317884,200,7751.066525
950.99549,200,7753.991259
948.386001,200,7756.70101
786.819637,200,7759.110877
950.045802,200,7761.503179
839.350829,200,7764.066346
580.096945,200,7766.702861
1177.981083,200,7769.424371
846.298693,200,7772.151123
518.947609,200,7774.775281
,200,7770.06484.4742.800608,200,7772.720557
.271256,200,7771.775187
584.086686,200,7774.407682
200,7764.345226
669.330162,200,7767.035084
643.878642,200,7769.765959
278.840221,200,7772.457203
.913.284241,200,7769.2193545.631.221719,200,7771.93271013339.147988,200,7774.707138
00988.285379,200706.990288,200,7767.46415
548.457882,200,7770.184668
380.025119,200,7772.816259
773.014417
8,200,424.958494,20810.775615,198,512.516545,20484.903585,150,7775.313962
773.09845362.733335,200,7775.233889
9308
341.057169,162,7770.642353
,200,7770.153426
930.297157,200,7772.790845
756.87181
803.628751,200,7759.260133
939.474209,200,7761.686008
592.304314,200,7764.241634
577.31668,200,7766.930868
636.974603,200,7769.618489
739.957777,200,7772.353902
1083.170986,200,7775.088824
