#{"t_start": 1667305364.8915157, "env_id": "CustomMyoChallengeBaodingP2-v1"}
r,l,t2345.349987,200,46.92698
475.260979,200,47.546492
26.563255,200,48.164068
963.304745,200,48.779588
859.818911,200,49.417063
393.957545,200,50.039342
771.416679,200,50.665761
394.167397,200,51.294136
403.080874,200,51.903901
786.406305,200,52.497789
693.164312,200,53.140277
1140.683898,200,510684896.174523,200,72.90667711758.694823,200,74.0776608083.274835,200,75.3723867439.312379,200,87.481699084630.86942,200,88.19233448677.711858,200,89.40947105802.506323,200,100.2565.370886.186244,200,101.3436.3817954.632128,200,145.130067
1062.431592,200,145.776671
986.233082,200,146.431137
46.424436,91,146.712283
1004.009008,200,148513.21250.207806,200,172.43892.8387.333843,200,173.7666.359972.287.427554,200,1298.709882.072612,200,186.634.8793511.332085,200,187.155.84547.6527.491779,200,1528.75992.985843,200,200.16979.04734.394062,200,201.44720.96697.178587,200,202.611057.6984.287122,200,213.85351.14921.67579,200,215.19.21781140.159846,198,218.814414,1794.380103,200,120.096588,2339.488673,200,511.495599,2303.202719,147,813.908119,228.097113,200,2758.538537,137.944444,200,21046.253126214.886655,200,28286.691429538.632226,200,28517.437136633.92049,200,299696.76734110.796904,200,30915.1383221130.438184,200,3188.2943,20514.490412,200267.520645,21010.115445,200138.180022,20195.776265,200615.621172,20475.374766,2001077.854417,2409.233261,200,976.403104,2537.549919,200,443.008853,2912.091591,200,1033.128792,596.631668,200,3294.331625,563.055679,200,31009.244756633.047021,200,36187.9295151083.161091,200,3934.508239,537.347476,200,749.137136,2704.106368,200,29.912791,140.864711,200,3281.780064,960.462261,200,4520.492701,501.65052,200,43238.322379409.244353,200,43393.422327587.412348,200,43642.323558871.024037,200,45396.8012473.541152,200,45749.8356291121.205383,200,4522.737255,963.897219,200,4766.430962,1016.507575,200,977.638939,245.13195,112,4810.509748,1126.535578,200660.151252,20320.408377,200331.042013,2073.954538,200,609.492569,21037.007274,200615.100805,20494.457762,200712.034576,20332.022514,2001036.283184,200,506.706499
1099.251843,200,507.944432
987.41854,200,519.309156
432.474849,165,520.331057
104.683918,200,521.598015
316.37301.576297,200,534.3866.149698.485482,200,566.9892.248550.973179,200,568.502.3324641.662303,200,579.222.435472,200,579.001263
483.000646,200,580.247102
1126.274368,200,602.626035
607.75764,200,603.856409
1071.653498,200,605.091505
145.221848,200,606.329933
852.582113,200,617.652072
987.282985,200,618.903805
501.160389,200,620.168155
201.515326,200,631.50745
28.242235,200,632.761775
485.636703,161,633.763198
219.651853,200,645.146972
1021.753177,200,646.381646
668.66304,200,647.621332
0.353752,200,671.095629
442.621294,200,672.331955
549.347576,200,673.573331
176.426476,72,705.266843
581.39708,200,716.412505
758.630227,200,717.6852
941.047139,200,718.92568
696.063431,200,730.108001
337.622114,200,731.349922
634.779906,200,732.587494
32.700.610693,200,745.201728.81038.121779,200,746.45511.81899.943974,200,747.61049.1048.709413,200,770.59917.09577.280128,200,771.89194.92992.966767,200,773.14613.29946.975997,200,774.42892.011148.056934,200,785.7503.8221144.048934,200,787.898.96121044.774714,200,788181.95788497.283306,200,8030.033359,191.277703,200,8350.687527502.83796,200,805190.883431116.436525,200,81370.799756968.959401,200,855.557155
460.681862,200,857.081298
427.346364,200,885.289969
566.699556,200,886.640675
82.823678,200,887.984413
259.957944,200,900.627207
750.686875,200,901.935724
958.40167,200,903.278077
540.597201,200,917.321908
806.190167,200,918.773925
635.209641,200,920.153872
433.754265,200,933.310124
870.200132,200,934.871056
869.253228,200,936.415468
6.656807,200,966.010903
907.30694,200,967.319997
970.920926,200,968.642639
741.521048,200,969.959995
123.044266,200,983.587794
137.140808,200,985.074822
787.502443,200,1019.54433
645.725024,200,1033.886507
1104.385382,200,1035.20421
745.705896,200,1036.524344
1062.517066,200,1050.903191
661.455402,200,1052.415898
206.473117,200,1053.731532
998.799012,200,1082.071192
599.102022,200,1083.391353
785.512622,200,1084.721885
158.225099,83,1085.270762
764.223602,200,1100.150911
924.426507,200,1101.492584
379.525821,200,1102.827011
1047.719848,200,1115.149439
246.573443,200,1116.458769
1160.828747,200,1117.773724
127.282128,177,1131.747882
245.755081,200,1133.191117
646.019346,200,1134.629327
671.683168,200,1161.896297
698.374796,200,1163.211684
17.346727,105,1198.757747
652.289768,200,1200.352813
70.897579,200,1214.200317
17.982218,173,1215.360893
1058.382915,200,1216.713021
848.18436,200,1229.492743
570.817236,200,1230.809163
448.13192,186,1232.078058
619.340898,200,1246.307952
15.185181,95,1246674.93632229.404999,200,124823.38072114.532914,60,1248.360.7537898.716344,200,1250.355.8772720.002053,200,1275.39.8862611.156264,200,1276.652074
558.06297,200,1278.193573
1059.897409,200,1292.38092
411.86618,200,1293.701843
496.582189,200,1295.016173
703.334368,200,1309.251326
5.17195,200,1310.726423
1075.907508,200,1312.136647
166.261895,200,1358.508711
835.895358,200,1359.825134
689.929027,200,1361.206149
887.012595,200,1389.847317
528.477662,150,1391.002477
564.834479,200,1392.511122
450.49922,200,1405.700476
295.531134,200,1407.119563
988.683515,200,1408.870703
861.515419,200,1410.446958
87.481283,200,1424.75864
324.227912,200,1426.203824
461.598615,200,1427.68409
678.050066,200,1440.204856
584.263112,200,1441.616462
170.857064,76,1442.165878
453.618889,200,1471.767851
219.937945,200,1473.35076
1149.42539,200,1474.945509
1043.996682,200,1476.674621
239.628333,200,1490.078284
273.492265,200,1527.030341
737.627338,200,1528.579832
1073.773219,200,1541.77858188380.772935,200,1543.12346973912.313844,200,1544.4660281001.402592,200,1556.81081276987.789263,200,1558.4544587317.313567,200,1559.9458662759.108002,200,1589.2898763623.12891,200,1590.5995931949.255449,200,1591.925296
200.93414,200,1603.839854
645.60476,200,1605.349372
1007.195344,200,1606.9168954797.622967,200,1608.44310536863.091757,200,1621.95685963.679713,195,1623.236731
620.797135,200,1624.5882987792.799207,200,1638.4792176606.430413,200,1639.816272869.835503,200,1641.78047
281.789511,200,1703.214131
871.01845,200,1704.536274
1017.384812,200,1705.87776
143.714703,198,1720.109125
556.422262,200,1721.626593
140.198141,200,1722.955931
820.816734,200,1736.209776
83.642317,86,1736.870538
218.080218,200,1738.404651
445.546236,200,1739.904792
529.197878,200,1753.484987
638.584172,200,1754.852036
558.974968,200,1756.193079
537.250653,200,1784.228669
794.844645,200,1785.549841
775.578086,200,1786.864753
494.450937,200,1801.399538
563.66095,200,1802.858514
340.425071,194,1804.290967
864.875254,200,1816.5615026303.720703,200,1818.12081
300.955666,200,1854.752723
802.262544,200,1867.352368
561.183846,200,1868.675441
793.734575,200,1869.99051
474.430702,200,1897.042691
20.210018,98,1897.686684
632.236377,200,1899.005075
598.267582,200,1900.331681
573.044268,200,1915.139619
728.32961,200,1916.461703
16613.592486,200,1917.01858.57704.737068,200,1930.64346.55503.23104,200,1932.200673.9491.784568,200,1933.72185.3626.745532,200,1946.498530.0822.587981,200,1948.08884.31411.619108,200,1949.56893.13668.814998,200,1951.14900.70452.548954,200,1976.67958.511030.521997,200,1977.920.32714.943091,200,1979.31118.12626.25652,200,2027.5351002.127.82311,200,2028.841117
842.75314,200,2030.19981
984.635111,200,2044.843457
541.983445,200,2046.160011
578.120645,200,2047.474589
204.936658,84,2060.338848
1011.519504,200,2061.888539
470.753312,200,2063.36043
605.805772,200,2064.822397
854.469039,200,2090.982214
568.642914,200,2092.545308
573.4805,200,2094.004791
817.42256,200,2107.399621
772.216714,200,2108.716052
444.8348,200,2110.126563
324.688279,200,2124.92516
134.253439,200,2126.244179
286.231132,200,2127.56452
738.883224,200,2141.889972
506.984419,200,2143.456475
90.727079,42,2143.772804
797.075055,200,2179.00708
987.214921,200,2206.568002
619.235148,200,2207.903156
22.341951,200,2209.233565
589.454281,200,2222.617924
667.085351,200,2224.136075
109.097268,64,2224.603503
788.365606,200,2226.180787
596.319552,200,2239.137344
412.823142,200,2240.453431
316.890677,200,2241.764147
773.577763,200,2256.083124
604.038819,200,2257.43027
757.216313,200,2258.7413
66.421454,78,2259.259939
779.420885,200,2287.079672
660.930436,200,2288.453092
1020.759844,200,2289.786025
396.06538,200,2301.916982
770.383573,200,2303.394774
21.563858,200,2304.920717
848.39618,200,2317.863609
407.841612,200,2353.816746
549.652641,200,2355.313008
785.119298,200,2368.991483
353.5801,200,2370.308655
42.18442626.407273.191806,724.04249,705.492469.981779388.046654,246.9901133.20166315.164893,200,240364.356545392.826538,103,24025.888246,302.748829,200,2735.299404,2459.965374,200,2844.069737,2438.622132,200,2649.396354,2544.411246,200,2156.622486,226.917777,200,24475.842397,315.844821,200,24552.06146,21011.248806,200,823.001623,20691.280487,200,2447.919728
15.875638,200,2449.239654
1106.981467,200,2450.560545
382.765662,200,2479.201037
655.845043,200,2480.768188
14.020731,200,2515.322868
535.200411,200,2530.104478
80.994823,71026.993126,200840.229151,207761.639437,200845.233124,210704.07494,200,459.774977,20683.785927,200699.770323,200784.702504,200699.638053,200433.165738,200206.998231,200450.980098,200765.513065,200482.293225,200665.938001,200568.829615,200199.953481,200530.479778,200445.09544,200,532.974383,208.250546,200,25663.680542,21.493138,200,261190.679118800.594419,200,261582.5605611035.432033,200,26454.922062,299.88324,200,2621136.538591002.129073,200,2627.282034
259.077963,200,2628.849615
1093.91131,200,2641.584751
1059.619623,200,2678.05868
332.867036,200,2679.632864
420.752296,200,2707.915745
425.287774,200,2709.281148
713.506859,200,2710.621819
11.465163,185,2711.886758
-4.337333,136,2724.075443
506.748131,200,2725.394882
373.811801,200,2726.718135
700.073757,200,2740.866414
688.938749,200,2742.386508
1042.486605,200,2743.69675
662.856377,200,2756.250389
613.863227,200,2757.686643
399.525888,200,2759.267631
145.410916,166,2787.972158
1088.951364,200,2789.274162
737.784495,200,2790.585295
1002.311213,200,2791.92782
1091.850851,200,2805.867328
741.181036,200,2807.435111
494.856085,200,2808.935584
1059.119543,200,2855.694165
166.285169,200,2857.015231
891.473943,200,2858.330881
687.280592,200,2872.986292
19.031214,200,2874.37126
440.570465,200,2875.693006
241.893833,200,2902.496671
749.072987,200,2903.825628
725.762052,200,2905.146122
572.178239,200,2919.906456
311.083109,131,2920.791252
805.507929,200,2922.137811
547.862704,200,2934.64063181064.369077,200,2935.95473629216.435975,200,2937.27575868136.827993,200,2938.591646
1027.062528,200,2952.168725
146.746704,200,2953.69311
1144.769244,200,2955.223825
314.787044,183,2983.700342
714.149087,200,3019.1446
19.25421,82,3019.68769
656.589816,200,3021.194873
628.908309,200,3035.366488
216.031208,118,3036.155292
505.898424,200,3037.527512
441.596346,200,3050.034309
521.065827,200,3051.357957
389.518399,200,3052.678421
98.831996,200,3066.276143
559.863681,200,3067.725878
403.61935,200,3069.067816
761.893503,200,3097.208449
796.949539,200,3098.552343
101.109311,92,3099.1646687.596.547168,200,3100.6245582.1001.184517,200,3114.996900.539.980777,200,3116.3214262.408.136554,200,3117.679266
599.069611,200,3131.664411
62.874659,200,3133.135299
464.022312,200,3134.576497
466.378704,200,3181.216347
9.237305,200,3182.517424
647.41591,200,3183.823627
680.654897,200,3210.909085
400.843367,200,3212.478943
137.492263,200,3213.917705
159.281831,190,3215.444592
1115.791901,200,3228.979453
245.919074,200,3230.306446
204.767314,200,3231.630357
821.486592,200,3246.43188
708.826009,200,3247.748218
27.042865,116,3248.534603
42.432818,200,3260.7235
1016.58606,200,3262.03475
313.926637,145,3262.975451
1110.289659,200,3264.302217
681.84738,200,3292.045098
739.161269,200,3293.558129
7.918688,200,3295.012322
784.922514,200,3309.101052
82.968687,200,3310.40982
15.951806,200,3346.271392
589.235832,200,3360.243008
724.44442,200,3361.591565
999.422111,200,3362.944437
319.006728,200,3375.566676
75.760309,200,3376.891703
341.655114,200,3378.200256
628.227448,200,3406.621818
759.311468,200,3408.090801
478.870792,200,3409.649045
831.810772,200,3422.987122
312.049805,200,3424.320119
202.765704,198,3425.781321
1015.271435,200,3440.34774
832.395743,200,3441.648494
597.355837,200,3442.987018
94.956901,76,3443.494774
40.77134,67,3443.936246
700.975375,200,3458.403798
230.117269,200,3459.837807
448.876191,114,3460.66017
193.902343,200,3486.442997
11.374905,200,3523.106237
856.297931,200,3524.411175
513.367012,200,3537.677588
362.922505,200,3539.120516
484.808042,200,3540.724296
440.218459,200,3542.22993
474.721884,200,3554.636068
855.457193,200,3555.945278
356.35937,199,3557.3599
1070.812053,200,3572.109039
834.521835,200,3573.438926
779.417089,200,3574.774088
619.327046,200,3602.188611
250.558639,200,3603.650918
775.507708,200,3605.09754
857.9713,200,3618.708982
544.923694,200,3620.229457
198.379345,200,3621.804165
760.518579,200,3634.561359
269.199142,127,3635.399321
498.982614,200,3636.716195
19.458661,138,3672.93787
717.888297,200,3685.479261
885.139554,200,3686.81375
860.026119,200,3688.151868
763.845131,200,3715.933396
592.978684,200,3717.24946
86.072751,200,3718.566086
434.337442,200,3732.542933
802.537945,200,3734.098016
731.509191,200,3735.618056
292.949685,200,3748.842441
758.046482,200,3750.375604
709.473792,200,3751.898962
200.346736,120,3752.786563
116.718781,200,3765.918997
28.021287,86,3766.490914
942.087213,200,3767.802078
605.284185,200,3794.778152
993.853219,200,3796.096285
647.132174,200,3797.415873
1105.302372,200,3798.751029
7.268786,57,3812.355912
618.453535,200,3848.020664
1008.674168,200,3849.336535
495.326288,200,3862.901873
6.30199,119,3863.772303
627.351672,200,3865.276856
416.250535,200,3866.630749
633.427138,200,3880.16153
347.094102,200,3881.725618
668.12264,200,3883.207624
721.669769,200,3910.350797
14.94743,200,3911.662803
808.740318,200,3913.123966
259.262212,200,3927.124748
13.91909,132,3928.017858
767.56852,200,3929.352958
349.249374,200,3930.661344
1010.547952,200,3944.593745
793.243822,200,3946.053477
802.297597,200,3947.397954
971.651706,200,3960.493885
544.958308,200,3962.049995
2.76716404.568305,200,3963851.53871365.250366,200,402381.253695387.625949,200,402446.121093420.073223,200,40390.298341,675.724393,200,401099.61349,953.284016,200,40363.30515,2825.387338,200,4323.02657,20722.353162,200682.263828,2386.631667,200,4674.793905,854.249714,200,40272.739803,393.397384,200,40814.067969,453.703222,200,40667.31723413.932175,200,4076606.97844642.38575,200,4077.180.460216.184652,200,4104.8796.49544.560507,200,4106.2574.3411150.905574,200,4107399.055211029.99781,200,411787.585163128.247167,200,41212.11794,2151.908713,200,4122.227448
400.645325,200,4136.737571
790.737406,200,4171.964776
590.180219,200,4173.252158
962.406157,200,4186.878305
624.572611,169,4187.989404
535.721326,200,4189.307204
1146.073739,200,4216.926158
409.792447,200,4218.293509
331.464927,200,4219.626504
954.096538,200,4232.669541
819.213247,200,4234.236954
789.505152,200,4235.786619
558.432515,200,4237.364021
1051.575489,200,4250.851077
667.483644,200,4252.172705
1070.46745,200,4253.49437
79.339512,200,4268.189963
732.887557,200,4269.512382
416.237857,200,4270.827626
6.111527,200,4296.722954
927.381762,200,4298.057101
978.248897,200,4299.380299
490.730495,200,4346.024838
5.262977,200,4347.555101
103.639722,200,4349.073256
959.503312,200,4362.357281
527.411501,200,4363.76179
428.627092,200,4365.294165
347.520599,200,4379.782068
552.245271,200,4381.08781
1054.207803,200,4382.406435
978.78936,200,4410.593884
173.488086,200,4412.154275
822.930394,200,4413.598095
851.205273,200,4427.273905
202.014097,200,4428.61074
659.592119,200,4429.942204
454.935325,200,4431.275599
674.137661,200,4443.351999
513.400963,200,4444.680528
879.369482,200,4446.239239
357.100362,116,4460.043756
-7.555878,98,4460.695076
281.878234,200,4496.526949
264.632873,200,4498.044931
838.682739,200,4527.314305
1046.119776,200,4528.6918
1033.655158,200,4530.045295
142.162671,200,4541.696321
453.279039,200,4543.014513
682.404609,200,4544.341459
678.432275,200,4558.040925
707.805338,200,4559.513148
233.927105,200,4561.085444
15.185961,110,4561.92821
1126.392588,200,4573.932081
1143.359665,200,4575.448319
238.689282,117,4576.325807
168.113736,200,4605.387023
9.467225,200,4606.842676
31.539658,200,4608.234704
645.603338,200,4621.478279
735.178587,200,4622.981855
414.213974,200,4624.554606
773.797398,200,4638.293078
33.941841,56,4672.750471
242.648636,200,4674.05812
355.983049,200,4675.368926
828.156147,200,4688.676118
586.045984,200,4690.261295
617.913091,200,4691.730654
785.142367,200,4719.174124
402.419199,200,4720.484668
827.713617,200,4721.837217
543.115336,200,4736.042929
722.293317,200,4737.484694
909.249855,200,4738.950887
523.888724,200,4740.313359
586.982788,200,4752.672348
70.824421,200,4753.990346
1009.254245,200,4755.312388
19.445829,200,4768.758945
825.329511,200,4770.225792
14.787543,47,4770.637325
716.864157,200,4772.150797
1022.329376,200,4800.160311
16.894167,200,4835.529599
459.775508,200,4836.847228
532.109361,200,4851.136731
354.457021,200,4852.467473
191.570464,200,4853.80033
187.29509,200,4865.540283
963.802572,200,4866.858733
33.9372.346617,200,4867.53530.6621.172569,200,4881.0461138.754.197561,200,4882.5822618.1009.718618,200,4884.0741044.909.651462,200,4912.3719506.492.303337,200,4913.693994.2567.593071,200,4915.008824
601.21272,200,4928.889237
671.697583,200,4930.398158
715.344166,200,4931.836575
760.246447,200,4944.099242
1034.937784,200,4945.664922
583.467854,200,4947.105849
481.706957,200,4948.732689
477.844494,200,4995.966753
7.29737,200,4997.297341
742.644219,200,4998.622115
473.801336,163,5026.610518
712.393556,200,5027.950002
580.818123,200,5029.286927
569.819761,200,5043.745321
171.66211,200,5045.061471
704.032775,200,5046.398305
696.268242,200,5060.433526
102.01699,103,241.451114,18715.543423,200,445.760627,1939.437617,200,51152.676939,436.654834,200,50463.365429,760.180331,200,5078.274669
178.594475,181,5079.462388
177.489879,200,5106.829345
302.548419,200,5108.177528
842.403564,200,5109.486814
907.278798,200,5124.355278
362.636146,200,5125.649876
709.252088,200,5160.86463
1044.136032,200,5175.428498
1027.339847,200,5176.777336
584.768143,200,5178.111487
722.426923,200,5191.018656
755.115704,200,5192.337865
1063.400862,200,5193.667774
1002.322699,200,5220.628692
791.868932,200,5222.103952
1049.361754,200,5223.604785
532.967866,200,5225.198233
334.04945,200,5238.729025
12.35819,200,5240.035538
1044.229933,200,5241.356516
52.900376,200,5255.958412
1071.651993,200,5257.277509
346.260959,200,5258.59376
544.860845,200,5272.359246
962.713889,200,5273.97288
612.581797,200,5275.413883
280.913321,200,5301.762307
523.084931,200,5338.421959
815.33248,200,5340.009547
632.341357,200,5352.689936
625.602868,200,5354.281946
78.633219,200,5355.798064
485.389022,175,5368.969322
701.5229,200,5370.286955
661.946195,200,5371.613981
555.469596,186,5372.865113
98.94888,114,5386.548941
688.170092,200,5387.884526
685.500206,200,5389.231015
23.22274,80,5389.760515
574.979466,200,5417.19016
698.671772,200,5418.738437
893.175845,200,5420.260953
18.868358,200,5433.109008
713.838317,200,5434.621483
710.345025,200,5436.171179
855.354861,200,5449.798804
705.15746,200,5451.120441
700.188508,200,5487.113547
659.250233,200,5500.940973
675.563739,200,5502.296515
650.356592,200,5503.643241
312.001773,200,5530.423719
706.705885,200,5531.905495
659.10664,200,5533.205495
646.16685,200,5546.259615
653.583998,200,5547.831027
100.269721,200,5549.282101
774.365082,200,5562.548977
277.46597,200,5563.865231
550.603618,200,5565.186881
376.191805,200,5566.708709
306.537969,200,5581.218058
21.121233,77,5581.722721
817.87288,200,5583.047025
903.218068,200,5610.157466
439.021135,152,5611.176892
75.471305,200,5612.522779
117.604882,200,5613.847664
299.042326,200,5627.469016
1024.967148,200,5664.174284
1111.65293,200,5665.484278
636.159213,200,5678.755476
881.109796,200,5680.234709
799.557422,200,5681.802672
795.183659,200,5694.907037
340.901843,200,5696.215883
534.579845,200,5697.55022
282.121214,200,5725.246638
830.346866,200,5726.569274
798.13458,200,5727.893107
211.815507,200,5742.204292
491.589285,200,5743.654308
708.685539,200,5744.954759
387.854256,137,5745.849256
825.002888,200,5759.071797
793.522509,200,5760.654228
558.372182,200,5762.082762
187.854773,200,5775.720635
31.70726,129,5776.581831
530.727414,200,5777.925642
72.563556,199,5839.522977
35.210715,63,5839.932384
790.296834,200,5841.273613
478.690147,200,5842.724808
8.495014,200,5857.052213
20.959396,200,5858.391591
50.585971,110,5859.133355
7.82796,91,5859.744037
460.663251,200,5873.742051
237.994021,200,5875.191136
1053.358948,200,5876.665648
624.574723,200,5890.037346
608.870003,200,5891.590884
547.233839,185,5893.000531
68.64287,200,5922.839258
1008.591534,200,5924.173628
105.382685,182,5925.407195
229.7927.546341,200,5926.83738.52890.093491,200,5939.2986.588792.874923,200,5940.362.1020570.661395,200,5941577.73290523.869015,200,5955236.436658,200,5956.596401
697.805476,200,5993.840944
851.341288,200,6007.971061
424.633639,200,6009.619315
728.058765,200,6011.230534
481.164078,200,6012.742962
512.42256,200,6042.986353
19.498275,200,6044.410291
879.286735,200,6045.888572
241.082973,200,6059.164459
784.890846,200,6060.573081
387.085175,200,6061.989208
907.587185,200,6076.729899
32.920256,117,6077.547376
403.852983,200,6078.959511
729.598235,200,6093.150836
287.274108,200,6094.728569
43.199936,200,6096.267651
671.642881,200,6124.364609
992.407149,200,6125.816071
6.98077,200,6127.211749
434.534655,200,6128.60704
990.777306,200,6177.035425
769.213196,200,6178.612864
385.182983,200,6180.337466
1130.537157,200,6194.123818
388.024027,200,6195.440456
96.047493,165,6196.519732
836.28328,200,6211.362009
608.877147,200,6212.66743
499.29844,200,6213.988866
7.655156,67,6214.4511
477.391342,200,6241.455865
633.194665,200,6242.814254
683.956392,200,6244.117885
337.725624,200,6258.226525
413.33654,200,6259.55909
1011.242867,200,6260.917244
778.718553,200,6273.375783
395.820534,200,6274.691538
1042.59169,200,6276.009666
414.243718,200,6290.093478
415.73608,200,6291.569996
269.165541,200,6327.048062
480.769525,200,6354.0505
989.049014,200,6355.575315
344.846157,200,6357.093
321.817324,134,6358.104771
657.110052,200,6371.032382
928.687492,200,6372.369246
190.432521,200,6373.712132
776.472068,200,6386.169354
331.402828,200,6387.475497
829.923813,200,6388.782764
490.63062,171,6403.083661
508.646529,200,6404.375519
415.471482,200,6405.683779
869.032883,200,6433.370227
618.200045,200,6434.691506
1146.577567,200,6436.055859
524.626191,200,6449.885219
636.780683,200,6451.221307
297.533125,200,6452.543987
623.915808,200,6453.856812
655.704313,200,6500.281147
1101.251844,200,6501.644998
625.98604,200,6503.164831
864.233285,200,6517.137906
7.234139,200,6518.47418
981.969287,200,6519.798034
118.159511,200,6547.073421
450.194943,200,6548.607394
731.133217,200,6550.140672
492.077232,200,6564.35703
492.113537,200,6565.676169
400.96277,200,6566.998568
278.36224,200,6581.487282
790.802854,200,6582.873433
1048.482598,200,6584.197522
250.904337,200,6596.604306
463.084414,200,6597.935136
357.564513,153,6598.960814
918.81165,200,6600.270769
31.612586,119,6627.118614
31.946836,200,6628.433594
394.209457,200,6664.84395
788.891434,200,6678.031542
1032.064128,200,6679.366845
444.936126,200,6680.68146
95.13235,76,6681.180495
531.032413,200,6694.94154
13.430336,200,6696.300983
441.004194,200,6697.671085
197.427645,200,6710.35183
472.976153,200,6711.68264
1128.293619,200,6713.004001
140.11101.019651,200,6739.1765.4761046.300864,200,6740.995.7833559.503769,200,6742.809.564137.103937,200,6743.7489.698699.187584,200,6757.3453.093696.067474,200,6758.1027.708567.51197,200,6759.95886.10254.989644,200,6774.153.8154638.713042,200,6776.423.793789,200,6777.585758
122.322025,200,6791.099133
-3.02337.531636,200,6824.960.0713725.176942,200,68251019.010931.582065,114,6826.673.774591,200,6856.090368
401.41592,200,6857.639838
655.508724,200,6859.133981
491.403672,200,6871.981324
105.30247,200,6873.467422
1022.002646,200,6875.082459
679.992422,200,6888.922093
812.288584,200,6890.232427
892.277936,200,6891.543093
708.701069,200,6905.715167
330.59285,200,6907.124607
1094.333063,200,6908.461972
626.319215,200,6933.959774
6.03897.872993,200,6934.2889.3585.375085,200,6935.680449.128.724831,200,6937.297081.329466,200,6949.884941
514.030609,151,6950.892831
669.929316,200,6952.452153
532.051158,200,6989.211302
11.661035,200,7001.331416
463.513026,200,7002.826898
214.843067,200,7004.341303
677.309651,200,7018.18731
154.456032,200,7019.523121
90.491496,200,7020.874798
983.558378,200,7048.583343
406.654208,200,7049.882544
940.392691,200,7051.199279
363.193392,200,7064.646301
1088.69875,200,7066.118502
633.956143,200,7067.684919
743.026084,200,7080.723564
541.620671,200,7082.043562
560.495938,200,7083.51466
1113.678805,200,7097.458727
594.278064,200,7098.768138
1051.979968,200,7100.086782
1053.267407,200,7126.717928
613.158266,200,7128.057538
634.980703,200,7163.177569
390.917312,200,7164.510115
992.758286,200,7178.503857
854.832174,200,7180.070237
411.452614,200,7181.516326
239.607684,200,7193.8486217763.694831,200,7195.326782
971.146105,200,7196.910175
84.650989,200,7209.994672
3.929398,200,7211.31751
520.336006,200,7212.662637
228.070081,199,7239.990448
462.737588,200,7241.306656
535.104751,200,7242.625074
302.362656,200,7256.328809
772.200516,200,7257.875021
601.158419,200,7259.338605
448.487027,200,7272.231486
561.751098,200,7273.544233
635.537562,200,7275.021158
456.126919,200,7323.089083
582.692282,200,7324.421251
744.925918,200,7325.882305
392.231608,200,7351.900347
431.679257,200,7353.217343
977.166327,200,7354.562264
70.809844,124,7355.385509
687.525379,200,7369.596188
926.207381,200,7371.021846
363.146668,200,7372.637528
1043.198809,200,7385.77164
122.4318,200,7387.275041
548.886804,200,7388.775838
134.248049,86,7389.386282
330.206585,200,7403.262243
956.247445,200,7404.579307
1024.346112,200,7405.898305
538.994076,200,7433.437986
1048.714404,200,7434.9379228517.288575,200,7436.5103468367.785732,200,7449.45455562413.913712,200,7484.851975
35.385706,158,7485.88539
644.794615,200,7499.522625
1121.887464,200,7501.09713
671.473688,200,7502.558563
645.384358,200,7515.188914
697.291443,200,7516.685421
689.022013,200,7518.261693
731.359821,200,7519.729315
594.005903,200,7548.404091
1040.568547,200,7549.869736
749.222844,200,7551.230396
502.646608,200,7563.941515
593.498503,200,7565.249115
760.20605,200,7566.569829
22.004273,200,7580.659344
5.254631,46,7581.000186
132.673875,146,7582.213744
449.644118,200,7583.667587
694.029581,200,7596.93231
5.61015.120968,200,7598.0322.765574.163673,200,7599.956.4521616.483169,200,7601.64.99097982.939177,200,766254.911037191.003074,200,7531.93749571013.280724,200,7398.86044303442.052542,200,714.763043463597.676429,200,844.23660584895.865257,200,71011.3927251768.335003,200,76178.439981,226.300357,200,76612.265481,762.767329,200,7850.957061,2580.442852,200,7249.43665,20867.488832,200539.799511,200254.291597,200519.743473,200211.241101,142229.527255,200570.223655,200593.062217,200146.29466,200,580.834501,20730.866582,200,15.968856,200389.611222,1961032.509199,2057.546291,200,7584.517014,21106.366066,200,11.354343,200662.500712,200514.818915,2001147.10656,200724.149731,20010.436991,200,651.375311,200,7826.156542
70.835467,14627.224819,200,7.278685,67,7533.516045,775.41578,200,782580.739766704.215322,200,785639.792412718.521231,200,785203.783779673.017521,200,785617.352,20182.958153,200,32.684333,200687.366666,2013.698056,89,78946.309782,752.481854,200,7823.575376,217.532791,200,78170.5427770935.861607,200,7494.54561251017.332422,200,7979.76192495844.043572,200,7692.75215510693.190061,200,7936.72896,2584.286095,197,7772.035708,2309.689469,200,71060.02024,2766.592209,200,7766.547865,5669.478996,200,7791.690276,8762.1244,200,793923.597415,620.489819,200,751028.125021082.339791,200,759540.511888,200,7989.53300349570.225476,200,8001.5114436612.204169,200,8002.97863
1060.806473,200,8004.478796
840.38621,200,8018.335449
15.056489,200,8019.649134
343.732816,200,8020.96827
410.815911,156,8022.00308
701.239084,200,8050.251199
32.439319,466.418561,200,8802.663559,21020.872432,200,893.305256,20329.978415,200,471.37994,155950.744282,200891.156881,200821.868103,2001039.945359,20524.311237,200,8084.361948
531.908572,200,8085.731941
619.593922,200,8087.087993
886.921189,200,8099.505637
681.486282,200,8100.821444
632.463664,19854.827299,200,633.163137,20122.157168,200,715.917653,20744.898657,200,20.707108,200777.706129,201145.690051,200919.335702,200627.489066,200546.751185,200269.48425,200,270.205235,20813.987779,200,131.224134,20586.854616,200,962.139288,20800.586267,200,1099.053138,741.348366,200,8603.362032,2747.438594,200,8876.784999,2581.588212,200,81014.179388,827.733931,200,82799.155188,409.332755,200,82884.64463737.121395,200,824338.089157720.150318,200,824581.539325165.982175,200,826716.88893372.744323,107,8261389.36212800.407539,200,82621033.338527.472842,200,8264.5557.827524.822929,200,8312.7351.8801083.226162,200,8314.21.7831493.373183,200,8315.858.6276758.128738,200,8328.718.5728141.859874,200,8329.27.1427670.841716,200,8331.610.448881.374277,200,8360.249.53691157.144191,200,8361731.84349907.294611,200,8362748.66547423.048846,200,81076.902031,825.344613,200,83671.682594,1072.055361,200,8419.296961,2499.762531,200,8628.172451,2522.563301,200,8393.726828
266.415951,200,8395.294199
755.481215,200,8409.077292
639.649662,200,8410.423064
498.155128,200,8411.790573
952.083328,200,8437.628937
409.55929,200,8439.127844
942.895481,200,8440.645581
267.417813,200,8489.171987
438.747975,155,8490.303251
493.829361,200,8491.789165
890.260775,200,8493.095275
567.380393,200,8506.525187
664.541896,200,8508.020113
215.088579,172,8509.330101
494.746441,200,8523.091367
989.407556,200,8524.439298
476.506325,200,8525.786165
395.856523,200,8553.588097
678.365624,200,8554.909436
553.318699,200,8556.218624
274.824353,183,8569.387638
376.14445,200,8570.972243
440.231159,200,8572.429598
521.182342,200,8574.005129
542.602798,189,8586.898113
126.79910207.060651,200,858668.089753633.09933,200,858845.4816211005.297956,200,8624.080656,2805.963271,200,8812.497879,2850.660409,200,8550.099433,2483.31203,200,86269.564973,658.051004,200,86280.1594111102.225985,200,86120.685754,555.34747,200,866318.18816,89.311687,77,8682979.39229491.603624,200,8684528.25157346.745348,200,868396.1271231066.750957,200,86566.185042,736.384524,200,87621.672605,284.929868,200,87656.193949,725.457802,200,87991.510604,699.631045,200,876592.120109496.962117,200,564465.266503588.703816,200,992367.579616961.334823,200,874790.769206234.397581,172,87587.6730993600.062244,200,87624.9688955.577436,200,876398.898084600.791496,200,876670.706739787.935391,200,876979.476909694.797586,200,881424.133566346.784933,187,881459.469267532.706567,200,881537.109625509.171845,200,88278.428726,777.920043,200,8831.055781
383.884808,200,8832.571044
465.965147,200,8834.138006
426.796311,200,8859.473684
96.541952,152,8860.6686.793182.440511,200,8862.1136.457266.264236,200,8876.0487.262135.396228,200,8877.3670.958692.113638,200,8878.6412.772811.054451,200,8893.3777.68240.008518,200,8894.67595.10499.901764,40.955772,2575.271023.26768704.488134,200,89091066.01841090.239965,200,891117.350192647.8994,200,8912.1149.701613.303762,200,8941.5-2.3344932.735208,200,89421052.537381.748323,200,8978.01140.81782.424973,200,8990.520.9647862.789853,200,8991.747.057655.211673,200,8993.5968.93847.292969,200,8995.04875.9223.233833,200,9008.7511139.764.457779,200,9010.070472
158.380125,200,9011.378248
37.437523,200,9025.448803
694.855386,200,9026.817251
329.381967,200,9028.14132
777.93389,200,9055.70718
1061.4084,200,9057.086151
1123.031214,200,9058.414843
710.335872,200,9070.997984
1103.417552,200,9072.464592
504.133587,200,9074.030032
588.898305,200,9088.316423
1028.513836,200,9089.631765
539.192571,200,9090.952472
739.560709,200,9138.65829
433.544393,200,9139.963761
763.635125,200,9141.279109
1058.726184,200,9167.774464
488.563375,200,9169.106467
739.534733,200,9170.440919
915.0657,200,9182.383489
58.929672,69,9182.88745
655.443934,200,9184.478822
1088.410928,200,9185.968703
1043.095187,200,9199.317882
131.446952,187,9200.548986
468.093114,200,9201.856891
1135.319211,200,9215.105425
375.561506,200,9216.546806
593.445442,200,9217.85291
562.33763,200,9219.172485
1123.054928,200,9247.233578
524.837341,200,9248.547203
163.506439,200,9249.859759
778.782512,200,9263.917396
217.440885,200,9298.789688
29.026042,126,9299.7004460405.580707,200,9312.71969774783.220283,200,9314.333297361038.828305,200,9315.79458101644.553799,200,9329.83036561659.012624,200,9331.15392382753.843483,200,9332.4748311014.821686,200,9360.056266
558.21239,200,9361.675742
497.646644,200,9361.257169
264.281508,200,9362.8691761442.352981,200,9376.147425
1057.581449,200,9377.46234545759.483004,200,9378.8009361015.683931,200,9391.656776719.404541,200,9394.8958021725.642341,200,9396.4703988478.416259,200,9410.6304198528.098934,200,9411.9497776350.786723,127,9412.831981310.871272,200,9439.480098
941.111779,200,9476.368515
230.248139,162,9477.5007749185.475983,174,9478.64380596710.643909,200,9491.1096882792.870063,172,9492.24501367567.478891,200,9493.58759533242.882922,200,9507.42178255485.764128,200,9509.0002355578.363442,200,9510.45763361722.59897,200,9522.67491945867.785621,200,9524.15510387779.718823,200,9525.71874512757.334571,200,9553.191245470.44055,200,9554.74261
924.52177,200,9556.261011
828.027253,200,9557.777102
808.556415,200,9571.119392
803.717688,200,9572.624844
353.740295,200,9574.190981
696.444483,200,9587.330358
77.695099,200,9588.65724
539.512696,200,9623.960883
30.485239,140,9636.735232
789.472152,200,9638.184368
536.527715,200,9639.759323
109.895343,200,9668.376575
646.400643,200,9669.682477
974.657817,200,9671.019361
1042.310559,200,9683.836471
1153.570018,200,9685.404237
382.797413,185,9686.755177
595.659223,200,9688.315853
372.842885,200,9701.677143
23.989613,200,9703.013855
87.56124835.633398,200,974407.3083851029.822363,200,94454.547075,200,9717.7512223447.145134,200,9719.2731773837.982903,200,9747.8865393886.793033,200,9749.3317626744.782452,200,9750.6719482438.454272,200,9752.0140186385.547118,200,9800.2659046914.724439,200,9801.60609
557.705512,200,9802.958093
39.494675,200,9815.267245
527.863624,200,9816.583744
693.814728,200,9817.916111
400.688998,200,9832.494269
682.921776,200,9833.919608
95.585242,149,9835.009948
413.655552,200,9862.866187
832.741745,200,9864.184626
762.842968,200,9865.502467
484.636167,200,9879.8046
113.716056,60,9880.247263
228.583381,134,9881.18166584422.022039,200,9882.49347472543.042988,200,9895.57300292386.536496,200,9897.06670892787.899221,200,9898.6080638733.400591,200,9900.127631.1672.855814,200,9913.12140.40617.459391,200,9914.45595.221036.103534,200,9949.8192.993373.621925,200,9976.9715.434405.854239,200,9978.3304.60515.021919,200,9979.8617.216394.943844,200,9993.8328.7271053.412836,200,9995143.16650743.559059,200,9996423.09808869.912722,200,10011111.3480108.358736,200,10012.578.1975827.248339,200,10013.719083
794.772845,200,10026.313944
417.872258,200,10027.676678
111.639772,200,10028.999606
656.736729,200,10055.205984
348.278047,200,10056.53291
521.309188,200,10057.876227
679.00222,200,10072.404477
405.350304,200,10073.714247
389.07641,200,10075.030106
206.572835,72,10075.50765
638.871114,200,10088.39664
988.675577,200,10124.848438
7.421712,79,10125.395962675.402084,200,10126.726864
381.03094,200,10139.369386
186.251237,200,10140.68376
328.290948,200,10142.004469
21.8897,200,10169.129365
331.94679,200,10170.592728
295.397751,200,10172.171341
10.350007,118,10197.134653,919.719605,200,101814.15627,2650.78867,200,101918.232564,25.216345,200,10181115.97608964.039673,200,10203.161795
154.204306,200,10204.476177
1113.51176,200,10205.818084
0.184013,139,11102.241164,2261.071552,200,10549.291919,2555.826616,200,10683.269832,2593.65348,200,102570.204569,581.195783,200,102979.206139,893.016395,200,102762.382316,988.871021,200,1021138.723455143.723115,200,10291020.91083991.941516,200,10301195.49826189.040646,200,1031715.917083442.725733,200,1031786.448077.088433,130,10317.8895.058613.217524,200,10319.1788.515643.499815,200,10332.8811.329946.286973,200,10334.2223.55715.217148,127,10335.22375.44774.621379,200,10361.41761.08445.923794,200,10362.83486.63620.650268,200,10364.38471.09666.867846,200,10365.90598.96312.240418,200,10378.6498.100639.662219,200,10379.9532.613167.760911,200,10381.2291.178591.792947,200,10395.41126.81271.897733,200,10396.7679.6161104.90605,200,10398.421.13441162.371551,200,1041655.629942176.862561,200,10441098.80680723.808685,200,10448850.94731696.593434,200,10475986.3606722.798548,200,10477.428.7261884.807754,200,10478.577.732014,200,10490.530075
720.672062,200,10492.086635
770.242818,200,10493.611027
458.275559,200,10507.016861
834.837561,200,10508.323145
684.228072,200,10509.633361
676.349636,200,10524.125478
309.608156,200,10525.431349
761.726897,200,10526.751633
1152.221197,200,10528.06945
334.3160938.948097,200,10556.1031.863850.758366,200,10558.2551.129162.808977,200,10559.6611.095481.027269,200,10573.601.82691006.279871,200,1057410.247056637.939848,200,1057220.55778610.707604,200,10623582.32149856.970315,200,10625777.73575688.058148,200,10626473.57663723.528534,200,10639550.23861641.319038,200,10640891.932407,200,10640.915426
415.88585,200,10667.576606
1155.505034,200,10668.904419
213.182133,200,10670.228008
949.614803,200,10671.578781
579.035835,200,10686.083461
516.928281,200,10687.399141
24.126732,200,10688.709918
82.657067,200,10702.783537
1015.889396,200,10704.2748
696.437563,200,10705.817169
20.380081,200,10718.410909
589.24626,200,10719.874198
493.797423,200,10721.416922
1106.342268,200,10751.223733
712.211062,200,10752.686188
485.845945,200,10787.125442
530.545261,200,10800.784441
600.366287,200,10802.091108
499.97986,200,10803.395312
838.576292,200,10817.853966
232.958408,200,10819.196405
770.46693,200,10820.516218
114.49173,67,10820.95359
722.864316,200,10835.517826
678.745976,200,10837.028811
92.10228,200,10838.416694
543.215634,200,10865.730203
589.704563,200,10867.069007
412.08042,200,10868.436232
488.756785,200,10880.843691
781.572935,200,10882.165646
703.660629,200,10883.640357
694.324255,200,10897.999925
799.507061,200,10899.351723
34.121532,171,10900.479173
966.146992,200,10901.790075
966.642988,200,10950.320702
471.38997,200,10951.632428
371.972788,200,10952.944667
1072.387447,200,10981.009692
881.720725,200,10982.32803
160.621607,200,10983.64634
188.552601,200,10996.782064
145.945654,200,10998.227677
538.43179,200,10999.799155
41.258441,200,11012.753746
576.543115,200,11014.107891
649.234071,200,11015.660338
779.687213,200,11030.143245
310.101668,200,11031.4576
648.792774,200,11032.779346
238.087262,200,11060.448795
202.108197,200,11062.009624
741.305937,200,11063.468029
838.779327,200,11077.111173
999.477252,200,11078.452194
10.787351,200,11113.860294
359.941725,200,11115.154314
511.684562,200,11128.996327
442.180429,200,11130.430237
655.866182,200,11132.026444
710.446607,200,11145.158466
1030.337194,200,11146.642636
716.933197,200,11148.249328
993.410328,200,11177.375311
866.061022,200,11178.867797
1038.546397,200,11180.351681
750.052445,200,11193.207214
749.24007,200,11194.546147
585.727595,200,11195.862212
723.781964,200,11209.386399
513.788986,200,11210.953372
681.929233,200,11212.437347
771.968814,200,11225.261387
1134.338562,200,11226.573528
965.640253,200,11227.883817
108.138118,200,11255.760151
320.023648,200,11292.398462
1064.789946,200,11293.730026
462.458971,200,11306.252372
1042.0295,200,11307.581938
1073.769336,200,11308.898753
282.443926,200,11310.234813
156.075324,200,11324.906791
779.93955,200,11326.225371
443.01814,200,11327.541373
674.107803,200,11341.299532
921.994191,200,11342.886786
980.614829,200,11344.332361
4.914733,200,11372.133863
556.146893,200,11373.456275
845.9936,200,11374.776543
847.278949,200,11388.661048
541.692194,200,11390.16978
426.47764,200,11391.724165
315.222754,200,11403.926916
1066.130921,200,11405.261135
792.83971,200,11440.661955
578.7244,200,11455.071002
563.413806,200,11456.499144
699.845286,200,11457.832916
13.751979,200,11484.472531
693.909751,200,11485.799242
1140.890292,200,11487.11841
724.300918,200,11501.53219
584.200618,200,11502.87573
820.469208,200,11504.222433
648.995471,200,11505.561888
785.75197,200,11518.428566
41.455763,74,11518.936902
796.202284,200,11520.270189
1090.63835,200,11534.135354
1150.05583,200,11535.606521
1136.267773,200,11536.965341
95.858723,200,11564.383837
958.72399,200,11565.704736
701.913138,200,11567.028553
801.245532,200,11568.393428
480.059926,200,11582.392586
817.974315,200,11617.885177
277.85195,200,11619.21292
547.364014,200,11631.534534
14.56984,93,11632.251797
799.881198,200,11633.728228
432.29092,200,11647.659769
663.041436,200,11648.997212
432.299015,200,11650.316776
567.478003,200,11676.96818
867.123131,200,11678.422814
589.590409,200,11680.056296
1031.574002,200,11681.56
1106.695557,200,11695.124319
346.189219,200,11696.439591
687.447288,200,11697.768955
753.816878,200,11712.328073
382.34494,200,11713.675575
57.002945,74,11714.178325
12.395641,200,11726.857801
486.061949,200,11728.205268
791.623013,200,11729.523566
825.96211,200,11765.690632
999.477881,200,11794.642237
821.842,200,11795.973079
639.227937,200,11797.292227
1016.190903,200,11810.729764
533.375825,200,11812.237839
8.68906,73,11812.765515
594.576056,200,11826.50996
458.434151,200,11827.862589
1062.750256,200,11829.198651
581.084889,200,11830.533189
1091.270233,200,11843.03352
470.11891,200,11844.508533
713.032592,200,11846.087081
399.347611,200,11873.844257
433.270658,200,11875.446348
88.998596,79,11876.026747
232.850911,170,11877.265526
735.245022,200,11890.340522
624.050944,200,11891.897381
474.225344,200,11893.369304
138.717226,200,11906.875332
140.775227,200,11942.204488
421.072017,200,11943.537381
458.928969,200,11956.857948
1030.481426,200,11958.431934
675.530684,200,11959.863614
832.506543,200,11988.636652
850.262399,200,11989.955469
166.830843,200,11991.271892
616.814028,200,12005.262312
17.714233,115,12006.08978
732.056802,200,12007.634758
622.977059,200,12008.956855
810.046011,200,12021.61061
995.629581,200,12023.13567
481.232927,200,12024.699299
1054.086311,200,12038.530215
483.642089,200,12039.873056
762.729309,200,12041.226225
782.028082,200,12069.011302
741.405835,200,12070.330401
784.205511,200,12071.659122
305.895372,200,12120.188951
685.434103,200,12121.525985
651.171065,200,12122.851049
364.331386,200,12136.445025
977.386245,200,12137.954567
995.870499,200,12139.465025
846.622245,200,12151.729789
618.765801,200,12153.099201
817.025156,200,12154.420802
504.661081,200,12181.582225
359.468193,200,12182.934342
348.221325,200,12184.264651
785.084162,200,12185.584501
727.782629,200,12199.972899
959.829396,200,12201.299003
152.115584,200,12202.616928
448.082753,200,12215.965233
382.938346,200,12217.410986
521.759582,200,12218.975789
869.904664,200,12231.97798
1012.888408,200,12267.133241
274.663041,200,12268.453362
396.878498,200,12295.411665
464.909778,200,12296.989596
702.452602,200,12298.449459
906.798748,200,12312.02637
662.716522,200,12313.341065
398.157661,200,12314.647872
401.835501,108,12315.361772
396.473967,200,12330.096521
675.202818,200,12331.427198
11.673575,200,12332.741658
685.317188,200,12346.527221
677.460531,200,12348.071452
942.473473,200,12349.660065
362.751016,200,12376.476647
29.224558,200,12378.018057
769.923975,200,12379.561556
864.257938,200,12393.494301
670.086006,200,12394.815218
420.127294,200,12396.146395
29.982123,200,12444.474362
435.984318,200,12445.779779
981.769933,200,12447.112747
47.720349,57,12447.493872
778.977893,200,12460.964963
684.497141,200,12462.314388
840.806464,200,12463.646589
624.129683,200,12491.109369
464.392638,200,12492.663847
931.610487,200,12494.170283
12.051627,200,12507.347632
40.374671,200,12508.907186
492.532883,133,12509.857774
294.870433,196,12511.419643
432.740146,200,12524.897675
1071.136601,200,12526.218044
36.962914,200,12527.562492
589.797899,200,12541.677598
590.959335,200,12542.986582
403.453137,200,12544.305156
693.752639,200,12571.940853
1094.35285,200,12573.275779
1067.386383,200,12608.626704
726.420641,200,12622.478288
1074.578329,200,12623.971759
46.14237,187,12625.509877
529.236628,200,12638.406296
692.069642,200,12639.944681
418.881045,200,12641.486838
441.013107,200,12655.40834
316.029583,200,12656.73534
414.596662,200,12658.058605
884.627988,200,12659.381773
-6.036269,49,12685.653583
326.013926,200,12687.000506
523.066888,200,12688.32512
1030.369248,200,12702.320156
626.281391,200,12703.8615
602.395543,200,12705.400486
538.343581,200,12706.924632
439.381511,200,12719.269414
936.050029,200,12720.738972
1026.39865,200,12722.315149
470.150474,200,12770.647008
841.819448,200,12772.110318
855.781003,200,12773.706083
559.962897,200,12800.987262
786.599309,200,12802.304107
690.001689,200,12803.639599
1012.089005,200,12817.808884
636.142585,200,12819.120785
904.397629,200,12820.429518
994.53648,200,12833.696441
640.190672,200,12835.137358
239.823529,200,12836.71827
359.571953,200,12850.17845
672.892626,200,12851.491948
547.137021,200,12852.990562
132.20198,200,12881.843816
991.793305,200,12883.421912
833.547709,200,12884.95962
733.856286,200,12897.74115
992.676568,200,12899.073199
746.606759,200,12900.404552
1068.432583,200,12935.712151
214.122874,200,12949.916487
53.249493,96,12950.575865
767.802105,200,12951.89642
596.848284,200,12964.587965
63784,200,12951.181452
505.248011,200,12952.520825
669.747556,200,12965.231677
2949.711495
857.315095,200,12951.021753
960.368309,200,12952.361127
32.979207,200,12965.073421
363
725.179328,200,12963.936985
0,12952.598011
33.309774,200,12951.528141
26.219199,200,12964.222746
00961

.9603.436351.79731,200,12953.30682.80137,200,12964.611113
0,12949.844032
807.847422,200,12951.162853
233.691925,200,12963.860383
200,12953.236958
1
402.539319,200,12965.808019
3.717617
2950.340091
183.000972,200,12951.677588
1085.641247,200,12952.994878
334.314076,200,12965.668154
.454106
584.464683,200,8535.129534
267.114715,84,8535.415307
896.534962,200,8636.760396
545.828671,200,8637.434558
124.529075,200,8638.103784
501.832117,200,8638.78372
431.663855,200,8639.457946
517.912306,200,8640.153774
877.945656,200,8640.83027
841.299457,200,8641.497055
491.585864,200,8642.200288
583.938681,200,8642.880996
873.35653,200,8643.554546
687.565897,200,8644.236919
810.592902,200,8644.955444
9.533044,85,8645.313181
763.581482,200,8646.114607
535.961608,200,8646.948266
21.77535,200,8647.732651
1003.163857,200,8648.520556
941.95412,200,8649.30108
356.873371,200,8650.106777
82.48771,200,8717.126394
992.550198,200,8717.895523
1099.457623,200,8718.716163
581.885709,200,8719.535282
717.72024,200,8720.315875
541.432541,200,8721.108436
907.919225,200,8721.888872
387.327666,200,8722.651646
234.85079,84,8722.997123
384.163358,132,8723.54103
984.191884,200,8724.27488
639.109103,200,8724.947285
661.119953,200,8725.632229
488.724037,200,8726.309799
-2.50625,119,8726.710653
942.366323,200,8727.355952
903.093308,200,8728.019223
922.912067,200,8728.687338
504.706315,200,8729.341002
227.827895,200,8730.001924
759.46188,200,8831.672441
1005.513497,200,8832.328247
959.370438,200,8832.985413
904.752895,200,8833.659242
307.185101,200,8834.326382
467.753987,200,8834.995475
59.522499,200,8835.666227
560.531748,200,8836.327934
1006.713319,200,8836.996178
801.448958,200,8837.669014
155.844067,200,8838.321947
335.964733,200,8838.982209
938.446075,200,8839.6521
1008.22989,200,8840.336598
899.867956,200,8841.009512
281.147984,200,8841.662527
1131.643432,200,8842.323987
41.424774,150,8842.807069
570.434129,200,8843.482237
160.270709,200,8844.140762
755.288287,200,8910.440657
904.163448,200,8911.235839
486.680072,200,8912.02776
418.407857,186,8912.768787
946.154802,200,8913.57048
1079.933654,200,8914.331723
929.870039,200,8915.005836
814.178721,200,8915.6777
659.107176,200,8916.365821
785.032813,200,8917.067483
1064.727113,200,8917.748924
58.528718,87,8918.04306
368.703161,200,8918.722708
295.192371,200,8919.397535
347.048931,200,8920.091246
651.262277,200,8920.798637
727.41207,200,8921.488783
1047.667923,200,8922.156594
844.604758,200,8922.849878
1074.581407,200,8923.536012
684.036409,200,9025.016565
790.98105,200,9025.708143
1060.77474,200,9026.392294
692.295118,200,9027.095739
942.049324,200,9027.803025
1107.018255,200,9028.51562
352.759394,200,9029.202979
405.514756,200,9029.890195
552.282552,200,9030.591391
334.889734,200,9031.308074
764.977023,200,9032.006272
784.733902,200,9032.69901
459.355508,200,9033.486292
1023.311426,200,9034.299402
251.828868,200,9035.111594
902.670726,200,9035.884344
936.093357,200,9036.712929
17.60364,200,9037.500594
143.587637,200,9038.279994
18.332781,101,9038.687721
428.86916,200,9138.791449
184.74696,200,9139.452443
492.555818,200,9140.12232
658.797817,200,9140.808241
425.537096,200,9141.480091
978.395921,200,9142.257627
609.193133,200,9143.09251
479.762666,200,9143.882455
991.309281,200,9144.674067
158.708101,200,9145.478665
333.739359,200,9146.265595
29.262141,200,9147.067105
754.883819,200,9147.873574
1070.874299,200,9148.669951
75.256558,60,9148.909291
766.779951,200,9149.74351
497.179984,200,9150.554922
837.754914,200,9151.358371
876.743417,200,9152.173355
477.287598,200,9152.939003
725.126137,200,9215.658901
286.023256,200,9216.355453
666.499143,200,9217.046389
-4.911243,135,9217.502276
712.705292,200,9218.216733
579.518184,200,9218.916071
756.058675,200,9219.599583
882.800846,200,9220.292995
626.777426,200,9220.990777
1153.341267,200,9221.66227
284.284026,200,9222.336903
749.225177,200,9223.013624
689.191453,200,9223.74995
341.860864,200,9224.582268
923.931375,200,9225.361838
362.616899,200,9226.142007
529.054688,200,9226.93801
534.779564,200,9227.745155
352.805838,200,9228.511184
733.613995,200,9229.327769
545.729269,200,9330.082865
488.430255,200,9330.857328
783.930897,200,9331.688667
523.931857,181,9332.393742
1103.688552,200,9333.178711
1043.50198,200,9333.984601
474.019213,200,9334.789114
746.992992,200,9335.590777
1040.693299,200,9336.39818
827.637731,200,9337.201722
14.632663,200,9338.012238
1035.526922,200,9338.805481
864.60482,200,9339.595581
778.205767,200,9340.401006
238.432021,200,9341.237856
691.637282,200,9341.910584
1038.43465,200,9342.589538
381.700677,134,9343.046522
12.119889,200,9343.732137
930.679255,200,9344.426869
1080.088518,200,9410.483671
1046.50594,200,9411.142938
509.169597,200,9411.82143
776.439733,200,9412.583741
1023.406978,200,9413.409449
616.882828,200,9414.182967
204.676865,68,9414.461843
96.985369,81,9414.78598
864.723155,200,9415.591041
799.388001,200,9416.395935
871.920615,200,9417.169827
636.621442,200,9417.979086
1048.829385,200,9418.778511
857.785139,200,9419.583272
649.917693,200,9420.383348
12.304288,200,9421.190144
570.513553,200,9422.014076
132.415282,187,9422.778436
988.243555,200,9423.51088
633.723852,200,9424.200699
833.994079,200,9523.58185
1114.742789,200,9524.372389
980.734768,200,9525.21086
522.674832,200,9525.994702
1103.533849,200,9526.809521
320.595977,200,9527.607448
660.01279,200,9528.398085
169.622027,200,9529.197994
479.974271,200,9530.018582
212.365375,142,9530.559694
22.477752,200,9531.230405
174.477582,83,9531.506531
57.871352,71,9531.745721
647.535815,200,9532.439784
859.751868,200,9533.121166
868.753595,200,9533.81303
290.249195,200,9534.488884
716.75574,200,9535.158872
1025.01778,200,9535.837126
991.231149,200,9536.505492
811.233865,200,9637.314206
565.858478,187,9638.042858
1062.622187,200,9638.837171
924.133357,200,9639.612205
628.016033,200,9640.410826
845.863051,200,9641.219805
880.362845,200,9641.905804
754.761603,200,9642.587204
422.258541,200,9643.265145
718.893195,200,9643.969542
653.168803,200,9644.674569
529.34847,200,9645.366453
1053.392949,200,9646.060256
1042.18135,200,9646.747162
956.858005,200,9647.458466
600.687687,200,9648.161405
810.599782,200,9648.842898
627.080155,200,9649.546082
599.135725,200,9650.259323
915.606727,200,9650.970917
126.490059,200,9717.274954
547.527044,200,9718.0302
562.244994,200,9718.834001
128.990969,137,9719.368952
137.206821,200,9720.155782
608.5019,168,9720.831019
554.084475,200,9721.652284
14.516784,73,9721.92799
848.759753,200,9722.672323
619.783016,200,9723.341093
873.223743,200,9724.052294
596.363975,200,9724.756115
652.455622,200,9725.456612
659.937376,200,9726.146022
186.283562,200,9726.832167
696.052657,200,9727.521824
345.221389,200,9728.212353
562.409533,200,9728.920729
1123.721401,200,9729.592058
736.564774,200,9730.27849
140.439218,200,9832.374494
1095.646297,200,9833.06693
725.813768,200,9833.753009
416.014006,200,9834.461027
795.192568,200,9835.162844
422.93561,200,9835.868561
160.76024,62,9836.095132
152.785413,200,9836.786302
499.563551,200,9837.498792
992.731516,200,9838.205458
553.848224,200,9838.897891
540.78625,200,9839.597016
312.230639,131,9840.040138
704.024387,200,9840.723568
527.039741,200,9841.410702
185.144562,200,9842.141221
762.364142,200,9842.97595
626.579074,200,9843.784027
1089.100733,200,9844.583272
753.471748,200,9845.385025
608.584577,200,9946.521879
656.575131,200,9947.203998
7.156971,47,9947.364062
646.353659,200,9948.034572
957.336754,200,9948.7092
315.915259,200,9949.400668
64.322382,200,9950.077103
1025.038214,200,9950.770176
448.166523,200,9951.445922
667.510548,200,9952.122641
909.89447,200,9952.89048
374.616939,200,9953.694875
657.228728,200,9954.50717
228.295803,200,9955.297913
474.323392,200,9956.103054
299.846635,200,9956.895025
833.971808,200,9957.648834
344.673186,200,9958.465634
31.155399,135,9959.013185
410.358855,200,9959.784127
572.783213,200,10026.37701
582.048548,200,10027.052267
328.316566,71,10027.287754
59.313302,95,10027.603615
315.083172,200,10028.27315
1097.332341,200,10028.959782
448.202035,200,10029.643129
810.785499,200,10030.316213
85.27046,159,10030.858089
541.767064,200,10031.54287
824.431047,200,10032.215867
1036.115224,200,10032.920232
100.512873,200,10033.59317
3.166218,200,10034.263268
949.759163,200,10035.023925
249.593981,94,10035.405271
748.088112,200,10036.22557
512.944651,200,10036.980906
203.070839,200,10037.788359
779.19489,200,10038.576917
1109.676246,200,10139.095397
1051.589283,200,10139.793824
172.642202,200,10140.488269
860.597667,200,10141.180181
68.558058,200,10141.889083
764.836916,200,10142.663489
841.104213,200,10143.486259
836.463251,200,10144.283846
457.094459,200,10145.067483
746.235666,200,10145.875913
720.528724,200,10146.64274
875.275399,200,10147.444033
489.774707,200,10148.256916
660.826252,200,10149.040218
671.767965,200,10149.828563
186.725632,200,10150.663801
700.007516,200,10151.447664
461.196625,200,10152.262997
31.968404,88,10152.609796
927.89495,200,10153.358012
462.266689,200,10219.29232
690.202713,200,10220.086202
442.467229,200,10220.900201
560.633491,200,10221.678606
573.080848,200,10222.350221
464.147707,200,10223.022643
642.155588,200,10223.669331
572.941517,200,10224.33825
997.997998,200,10224.99254
492.296888,200,10225.652711
965.832774,200,10226.325055
868.853244,200,10226.975743
964.479107,200,10227.660053
66.678172,62,10227.879723
182.493334,200,10228.540835
315.341407,200,10229.215314
743.742492,200,10229.878268
522.147298,200,10230.553065
938.343181,200,10231.229999
981.950202,200,10231.90304
839.342952,200,10332.855555
738.587077,200,10333.526654
488.408649,200,10334.19055
37.789315,134,10334.637868
108.797839,200,10335.298981
1061.064762,200,10335.987187
973.143892,200,10336.63386
722.4639,200,10337.292063
709.074846,200,10337.942366
494.644762,200,10338.600404
666.633892,200,10339.27649
1035.393426,200,10339.935177
1069.870208,200,10340.600405
898.328484,200,10341.27284
933.012695,200,10341.937815
830.467186,200,10342.618062
558.284728,200,10343.287159
436.972344,200,10343.975241
500.02696,200,10344.668958
1057.039287,200,10345.368718
1142.780686,200,10445.418416
1145.480942,200,10446.111328
44.776466,155,10446.642586
595.088886,200,10447.319932
625.574098,200,10448.009482
1043.065856,200,10448.672568
471.972001,200,10449.350818
95.243888,200,10450.033424
408.099971,200,10450.698799
476.547271,200,10451.390757
985.696812,200,10452.090379
533.692147,200,10452.785552
718.428496,200,10453.478132
251.064437,200,10454.160854
475.372431,200,10454.825945
1084.554612,200,10455.515133
656.250216,200,10456.199905
1087.878515,200,10456.87411
1062.185069,200,10457.55238
542.560191,200,10458.228127
749.845403,200,10525.723614
804.008376,200,10526.44567
1151.462362,200,10527.145288
531.067245,200,10527.841697
429.660524,200,10528.537584
208.991695,200,10529.254779
766.286005,200,10529.947483
443.673641,200,10530.650232
425.089921,200,10531.454767
771.85056,200,10532.258185
1126.899969,200,10533.087281
579.510671,200,10533.897712
426.614366,200,10534.70691
1042.347647,200,10535.451423
868.657898,200,10536.284422
829.102597,200,10537.098689
477.288199,200,10537.861735
988.976411,200,10538.68583
963.284482,200,10539.496955
1044.503287,200,10540.313239
582.074762,200,10639.918513
437.871068,200,10640.735804
983.24258,200,10641.556113
962.141281,200,10642.339815
659.411358,200,10643.153616
1030.677383,200,10643.941756
540.113287,200,10644.74879
562.214494,200,10645.571243
541.413752,200,10646.365118
730.042039,200,10647.071465
321.430403,200,10647.716835
747.142796,200,10648.36957
296.294446,200,10649.037005
482.432153,200,10649.715777
804.913813,200,10650.376406
11.862707,50,10650.539037
789.632362,200,10651.211935
103.547493,179,10651.790534
336.169941,165,10652.33677
549.29074,200,10652.991599
534.598609,200,10719.820528
1011.634355,200,10720.607648
486.312746,200,10721.422049
580.07049,200,10722.233223
764.972824,200,10723.030583
427.898008,200,10723.821034
924.320634,200,10724.617185
284.99521,200,10725.420275
1064.725856,200,10726.210743
961.181307,200,10727.013936
471.485742,200,10727.74085
410.892896,200,10728.405585
860.198389,200,10729.086226
92.321467,200,10729.781381
533.58729,200,10730.480153
990.705374,200,10731.190256
648.860334,200,10731.873161
700.633616,200,10732.552306
466.887344,200,10733.230282
1119.572746,200,10733.916525
754.638135,200,10836.758524
1019.179063,200,10837.429039
33.902623,152,10837.947901
824.739006,200,10838.641727
817.307786,200,10839.332615
931.307326,200,10840.028277
649.822297,200,10840.703849
850.454724,200,10841.380329
911.709196,200,10842.055127
424.989735,200,10842.73362
460.856394,200,10843.407963
652.434896,200,10844.086047
821.432461,200,10844.766552
260.058364,200,10845.441877
252.920849,183,10846.177206
974.866061,200,10846.98585
600.782254,200,10847.803753
826.450263,200,10848.561586
667.418674,200,10849.364333
1038.959738,200,10850.164667
452.519043,200,10950.838051
616.49883,200,10951.547998
500.841613,200,10952.253403
722.061,200,10953.060266
928.572359,200,10953.867314
576.495694,200,10954.640669
761.654419,200,10955.443956
422.942092,173,10956.146501
1034.991878,200,10956.976982
646.061988,200,10957.78547
798.723256,200,10958.594663
775.524849,200,10959.378883
693.03691,200,10960.180645
651.223908,200,10960.963921
23.057997,200,10961.752975
996.382451,200,10962.575408
790.013646,200,10963.363862
537.09938,200,10964.018902
109.311337,200,10964.67837
470.297694,200,10965.352262
803.936979,200,11031.320545
526.804692,200,11031.998977
974.452033,200,11032.702258
354.812277,200,11033.385115
85.866143,62,11033.602846
991.77864,200,11034.36778
901.856682,200,11035.175395
913.3675,200,11035.983708
468.605485,200,11036.773132
1049.122985,200,11037.571918
399.415262,200,11038.356069
947.07131,200,11039.137256
668.121111,200,11039.927231
269.570841,200,11040.724099
61.821142,164,11041.370176
457.151167,200,11042.174625
415.303737,200,11042.982153
799.597955,200,11043.78619
800.383887,200,11044.613008
533.607831,200,11045.325307
800.031636,200,11146.292387
991.997904,200,11147.085944
898.04491,200,11147.901117
417.457491,200,11148.704605
835.737545,200,11149.490026
784.931367,200,11150.300034
446.134417,200,11151.108932
882.541841,200,11151.874472
900.688726,200,11152.691532
261.832402,200,11153.484131
505.56031,200,11154.185613
369.604675,200,11154.856357
749.979716,200,11155.555856
1148.434218,200,11156.269972
689.384298,200,11156.954232
610.669719,200,11157.647043
1053.828307,200,11158.328352
219.712437,200,11159.025058
408.114191,189,11159.695415
1054.986428,200,11160.397542
791.146563,200,11226.486028
608.184061,200,11227.305154
266.597032,68,11227.581924
737.182994,200,11228.367373
556.026191,200,11229.169316
245.487335,147,11229.769375
1154.089827,200,11230.54882
575.768929,200,11231.402883
560.627498,200,11232.199701
732.325841,200,11233.009703
646.18936,200,11233.810787
594.855524,200,11234.62291
976.72001,200,11235.392447
638.508834,200,11236.204161
956.749532,200,11237.004738
522.240621,200,11237.694826
359.621204,200,11238.376088
792.881829,200,11239.08324
151.860773,200,11239.763369
121.032274,189,11240.415493
139.262026,200,11342.411048
784.435841,200,11343.220281
213.546572,200,11344.015151
111.920239,200,11344.720889
13.113347,50,11344.893423
788.536474,200,11345.577181
166.448603,200,11346.270426
620.047568,200,11346.965644
876.904584,200,11347.648337
981.283943,200,11348.322948
937.920805,200,11349.017678
144.598679,200,11349.689049
915.555841,200,11350.382707
659.118816,200,11351.07799
1062.103688,200,11351.774067
798.902812,200,11352.445598
16.383327,200,11353.154414
722.565304,200,11353.845661
698.955164,200,11354.517189
996.367245,200,11355.259567
990.237682,200,11456.365895
38.715506,59,11456.567334
952.398941,200,11457.24306
847.487551,200,11457.913665
290.840702,200,11458.594398
195.798052,60,11458.793967
733.351028,200,11459.466985
179.713869,200,11460.152532
720.607335,200,11460.845102
465.241281,200,11461.518466
159.519438,200,11462.197022
12.694037,200,11462.87631
739.660374,200,11463.551829
164.068489,89,11463.879344
948.110719,200,11464.695446
520.785598,200,11465.511659
676.72064,200,11466.296132
459.983521,200,11467.074691
293.462156,200,11467.894056
771.513387,200,11468.65662
95.044508,34,11535.12781
738.88039,200,11535.822999
606.441668,200,11536.514838
31.514157,200,11537.231493
153.569803,200,11537.921754
392.896155,200,11538.619949
759.293773,200,11539.319819
932.849402,200,11540.018065
968.207651,200,11540.699151
249.222378,103,11541.064989
1009.79126,200,11541.753065
745.731776,200,11542.466481
98.407916,200,11543.147036
1000.434162,200,11543.828489
577.21038,200,11544.621256
1023.440547,200,11545.426418
446.767976,200,11546.22538
745.459436,200,11547.036119
872.266715,200,11547.847551
615.631094,200,11548.652005
974.52285,200,11649.052577
265.175501,200,11649.750397
752.947408,200,11650.441734
505.585613,200,11651.145994
742.167759,200,11651.954288
738.036537,200,11652.76275
1019.944652,200,11653.567902
103.291193,71,11653.845319
191.54091,200,11654.678381
1016.60829,200,11655.479718
373.08371,200,11656.295159
65.466117,61,11656.549975
499.698199,200,11657.372895
1120.682273,200,11658.166471
19.634006,100,11658.576514
647.679036,200,11659.405758
716.822917,200,11660.175194
619.982369,200,11660.950406
782.23807,200,11661.780505
1159.401513,200,11662.506238
1054.286766,200,11763.414629
683.180495,200,11764.201398
624.215438,200,11765.003527
11.78173,116,11765.482374
923.510232,200,11766.286699
548.971026,200,11767.062213
612.07676,200,11767.872434
686.820255,200,11768.67126
540.465879,200,11769.400889
835.277336,200,11770.080479
721.147274,200,11770.77544
570.291209,200,11771.442492
681.246477,200,11772.124372
36.749358,137,11772.600508
448.813561,200,11773.287322
928.554308,200,11773.991247
391.702779,200,11774.676492
1062.445757,200,11775.351569
822.281825,200,11776.035362
316.022545,200,11776.719498
626.7228,200,11844.018775
473.232685,200,11844.788679
579.578532,200,11845.609186
89.999483,200,11846.428721
614.879911,200,11847.187145
1053.224518,200,11847.988663
2.346478,200,11848.776534
647.639597,200,11849.555305
25.900133,65,11849.821909
910.882025,200,11850.63859
906.20488,200,11851.438827
517.423604,200,11852.127213
654.182643,200,11852.817472
303.978095,200,11853.51448
885.655724,200,11854.195247
608.849023,200,11854.863784
50.857596,97,11855.190463
714.729426,200,11855.871742
4.204604,170,11856.474123
575.967543,200,11857.170541
1052.324268,200,11958.275304
569.40512,200,11959.102838
792.33476,200,11959.872849
675.132731,200,11960.685866
608.828224,200,11961.491078
904.362846,200,11962.174461
994.553646,200,11962.838345
1049.321633,200,11963.523798
550.063299,183,11964.155817
651.250837,200,11964.849715
15.117127,200,11965.53958
527.00321,200,11966.232284
387.126898,200,11966.929892
1089.593274,200,11967.629151
584.120172,200,11968.296997
979.554759,200,11968.965345
961.511874,200,11969.645466
12.382118,200,11970.32707
952.704551,200,11971.019702
683.202968,200,11971.69005
473.842802,200,12039.243906
78.356236,200,12039.906099
485.75586,200,12040.618835
173.669184,132,12041.085082
690.336755,200,12041.77631
580.450199,200,12042.449139
722.064453,200,12043.159646
296.000777,200,12043.878628
887.246115,200,12044.563678
19.67339,59,12044.763057
1000.0043,200,12045.455846
534.964579,197,12046.127714
994.460129,200,12046.803433
476.840657,200,12047.482961
146.369958,200,12048.167179
533.851704,200,12048.850524
642.621929,200,12049.533535
706.604678,200,12050.224294
891.909179,200,12050.915316
326.559576,192,12051.580516
78.668886,113,12152.788656
897.292341,200,12153.45002
821.459495,200,12154.117117
266.914203,200,12154.797629
486.030581,200,12155.478952
814.80159,200,12156.156461
1007.960737,200,12156.830229
820.899343,200,12157.505448
1040.055797,200,12158.17697
221.165941,111,12158.553596
589.901711,200,12159.23017
5.393922,200,12159.894778
63.572196,200,12160.572987
980.448206,200,12161.261846
800.986246,200,12161.954292
234.709985,180,12162.638039
733.662987,200,12163.464497
692.944639,200,12164.262223
566.710641,200,12165.037475
863.156701,200,12165.859399
174.969561,200,12266.473922
718.480747,200,12267.148394
876.252981,200,12267.826654
49.509461,120,12268.262642
570.668444,200,12269.086877
647.544924,200,12269.901469
487.788487,200,12270.681243
329.070402,200,12271.507123
533.346336,200,12272.312683
763.604386,200,12273.096866
1067.064151,200,12273.900724
583.628037,200,12274.673956
722.725177,200,12275.450964
731.815631,200,12276.257647
757.732011,200,12277.031775
494.751475,200,12277.85033
742.273306,200,12278.66843
60.615406,56,12278.880126
542.812073,200,12279.606626
262.32,200,12280.268588
931.665273,200,12347.828787
637.206736,200,12348.61474
499.409659,200,12349.293751
714.087899,200,12349.970358
724.284254,200,12350.624144
1045.401962,200,12351.299261
199.550465,200,12351.975387
633.228903,200,12352.643986
1075.407149,200,12353.31649
260.979132,200,12353.973045
326.223644,200,12354.623753
291.197858,200,12355.300684
836.882578,200,12355.975491
247.306081,200,12356.675283
513.841521,200,12357.351708
1109.194687,200,12358.010449
643.758711,200,12358.689483
1034.842536,200,12359.350907
745.515767,200,12360.031563
504.283483,200,12360.726918
999.26996,200,12461.884953
669.065871,200,12462.551511
10.698618,52,12462.73168
1132.87136,200,12463.386897
444.5033,200,12464.046984
137.051731,200,12464.703473
1046.959025,200,12465.390305
865.521875,200,12466.0519
598.188331,200,12466.723724
213.54797,200,12467.399021
559.572074,200,12468.0826
765.720738,200,12468.766614
663.441887,200,12469.470787
535.633859,200,12470.161114
93.122834,200,12470.882024
739.741648,200,12471.587818
414.075635,200,12472.280987
454.741616,200,12472.966465
799.786023,200,12473.651845
539.348651,200,12474.35259
480.703201,200,12542.386025
1080.832022,200,12543.07318
102.688621,200,12543.734112
152.189641,193,12544.396415
432.375226,200,12545.070657
448.201968,200,12545.767403
257.653075,200,12546.439738
447.196654,200,12547.122106
507.633488,200,12547.817795
383.435554,200,12548.497791
618.788806,200,12549.290861
500.133723,200,12550.091948
792.769096,200,12550.866951
640.807251,200,12551.631362
827.218494,200,12552.444571
300.888923,200,12553.217835
548.144222,200,12554.015108
628.853618,200,12554.833804
616.010499,200,12555.631919
42.528589,200,12556.421496
71.483301,200,12656.853366
189.152898,200,12657.530114
1071.13568,200,12658.198166
498.510677,200,12658.90475
1062.610024,200,12659.652998
350.675547,200,12660.479468
935.269777,200,12661.276162
290.359177,200,12662.04795
238.620453,173,12662.752913
815.893299,200,12663.565266
964.26165,200,12664.325428
723.603181,200,12665.140507
733.826849,200,12665.948137
662.797111,200,12666.736094
715.642114,200,12667.562205
1063.361606,200,12668.345597
58.252282,200,12669.058254
994.178803,200,12669.703874
1000.009599,200,12670.394098
565.756436,200,12671.072934
351.342934,200,12771.677241
888.867043,200,12772.444858
1080.92978,200,12773.252329
1123.367002,200,12774.040682
17.005101,200,12774.827131
147.568914,200,12775.649716
509.767546,200,12776.436533
9.193078,200,12777.221786
969.774448,200,12778.04221
537.835749,200,12778.772193
751.287481,200,12779.440672
789.191981,200,12780.099327
1023.283493,200,12780.751816
1037.485676,200,12781.417266
170.891431,200,12782.065947
986.849659,200,12782.723625
872.89872,200,12783.390941
562.035768,200,12784.046833
379.825228,200,12784.71448
993.445711,200,12785.36783
998.149555,200,12851.726782
687.451809,200,12852.501528
861.821139,200,12853.309069
1137.999411,200,12854.07779
709.867115,200,12854.867571
881.373951,200,12855.703235
477.764039,200,12856.514362
426.568226,200,12857.302281
895.33527,200,12858.089183
608.288258,200,12858.853624
1058.706911,200,12859.658763
608.667091,174,12860.36921
1008.775689,200,12861.092918
951.915291,200,12861.77504
21.402773,200,12862.459761
879.392684,200,12863.18022
19.152407,200,12863.880437
897.657516,200,12864.585237
110.234189,81,12864.864471
7.010035,200,12865.55448
