#{"t_start": 1665828134.6550617, "env_id": "CustomMyoChallengeBaodingP1-v1"}
r,l,t4231.671303,200,11.0864185506.88262,200,30.3598429501769.525678,200,43.922700.063688,200,87.060603
95414201.723056,200,102.978181.795755,200,129.041833729980.672201,200,161.5890724945.294088,200,186.90034101065.975185,200,212.40024411227.29553,200,245.18399
910.649309,200,270.818667
335.749.751404,200,286.22641264780.04392,200,301.473351
3745.193232,200,301.285880.8370.994519,200,344.3814
594.419742,200,358.476484118830.604813,200,385.19555
594.494218,200,417.839379214.116783,200,442.205457611111.032008,200,458.088548835.698638,200,500.95951365835.166336,200,527.4986571183.162549,200,542.99857610744.885221,200,586.1432952709.306976,200,600.0627239679.292607,200,626.7301773181.684569,200,640.7199651750.155886,200,642.21246945198.575441,200,673.31855644240.745075,200,699.019125
563.527796,200,713.9610511229.478741,74,744.122751
940.478231,200,758.340506
1076.359898,200,783.9762215616.978143,200,830.09061
720.317867,200,844.975503
211.545388,190,870.557132
709.9054,200,886.473159
950.92562,200,930.859528
724.486658,200,944.710944
825.138235,200,972.31355
970750.416544,200,975.48495890.465246,200,975.539328
229.798518,200,1018.648252
930.800.18385,200,1031.59431096760.474213,200,1060.0195840.070205,200,1090.1306637661.1080.96982,200,1106.5989578.1081.21471,200,1130.6338654.478896,200,1162.13090479224.855404,197,1189.57504216835.402337,200,1201.90569104529.509552,200,1244.82848211905.808073,200,1272.6482889754.867231,200,1286.16379
270.204674,200,1314.748512
779.737522,200,1316.251268
885.121464,200,1346.571291
604.521984,200,1371.687303
760.186068,186,1385.343713
1101.153887,200,1431.620303
541.733123,200,1447.012358
950.726881,200,1471.462256
1106.355129,200,1502.824282
338.416528,200,1529.699342
666.34578,167,1542.583595
805.31544,200,1587.734242
342.013207,96,1601.289599
890.378483,200,1615.576428
794.970025,200,1642.021984
844.949127,200,1643.916849
915.945028,200,1645.41878289204.797693,200,1689.033009
589.649631,200,1702.39604619639.584819,160,1728.30343667196.562221,200,1760.36548265865.432984,200,1787.6022274.935.169846,200,1801.0543731.870.285996,200,1845.2658268.784.234002,200,1859.6273774.1111.338914,200,1885.33785.07835.029166,200,1916.50905.70125.829498,70,1931.0131120.955.655343,200,1957.5317316.107.082002,83,1958.2391505.181.83362,200,1986.386649751005.816626,200,1987.8707633.760.743307,192,2018.451860.2905.446382,200,2044.586830.4679.969196,145,2058.576915.8322.144839,200,2089.554216.61100.971006,200,2117.331030.6683.962385,200,2144.027614.71141.154943,200,2172.671136.2109.54314,122,2186.947200.5956.287272,197,2213.437699.41020.517323,200,2226.4613211.153.199613,172,2271.5670713.1115.810539,200,2284.5890.58476.062942,200,2311.841021.0582.779255,200,2313.98531021835.51325,200,2315.47572
205.511407,200,2360.545568
624.404461,200,2373.764793
80.865401,88,2388.226941
755.22476,200,2432.536815
935.902485,200,2448.054294
349.801891,73,2460.04026780765.232869,200,2475.20919997469.559588,145,2504.024729101131.532281,200,2533.4281810.703.521727,180,2546.4014895.181.40856,200,2589.0884587267.661208,200,2618.188226
306.455532,111,2619.03662880799.981804,200,2646.10255950950.580693,200,2659.83354336257.484225,200,2661.371294.1835.222563,200,2691.46981719860.284085,200,2716.859207
748.742833,195,2732.88203104593.467764,190,2775.760314
703.606882,200,2791.293852
1081.07757,200,2819.198139
1106.225281,200,2861.261821
815.237875,200,2876.607667
218.129998,131,2890.187494
795.611654,171,2918.370999
158.518331,134,2945.7831075.935.905724,200,2961.042674.9985.625317,200,2988.419626.8181.39463,200,2990.361772
255.532287,189,2991.6482319.547.811945,200,3034.0182874.718.895724,200,3049.0735221.538.956831,157,3075.350802
277.23653,81,3091.38140830468.057193,200,3119.3163510289.085316,109,3134.577428.655.467239,200,3151.4034217.1121.02022,200,3180.5954830.900.700411,200,3207.9894805.965.650098,200,3237.8819689.1086.090889,200,3266.42010801966.134524,200,3294.16111413975.788212,200,3309.79428909895.582273,200,3338.091970.818807,200,3339.122002
1025.670202,200,3340.668104
263.422836,200,3371.597668
715.895.439667,200,3398.6880960960.986201,200,341176.28686.935.712673,200,3457.462723
839.894117,200,34860.608018,564.651253,200,35995.82996,21151.085833,200,3543.918272
910.350123,200,1066.271988,21085.826772,200,815.212986,20865.486614,200,1146.278667,21046.122498,200,3644.082952
1000.484632,200,3670.7486
850.54998,200,3673.092536
670.055685,200,3674.586394
905.710616,200,3715.629987
1080.985052,200,3731.646737
885.285558,200,3757.517769
881.321949,182,3788.043998
518.002578,117,3800.648309
225.433113,200,3829.897898
1070.851907,200,3859.219604
463.941001,144,3886.184075
95.948863,93,38770.091636,185.512656,163,391145.9894891106.096687,200,39431.413103,654.937261,200,3972.511557
804.851581,200,3987.99405
1081.007987,200,4015.38445
835.226099,2001016.190052,20277.232472,186,424.11759.98379.966394,151,41060.700635,810.261851,200,4076.14870.29200.302403,200,4090.83726.99102.627295,84,410940.71100.594.252243,200,413825.04945.183.28303,200,4159630.15905.304088,200,4175.47940.88169464.264804,173,4183990.95203.474162,200,423097631.040785.210618,200,4246.9955.933290.169222,200,4288.4945.904781.21601,177,4302885208.82200.483843,200,4331.293962
624.505659,200,4348.539494
639.476785,200,4349.913484
794.849168,200,4388.956527
1130.957503,200,4418.298622
564.854999,200,4432.253419
636.293612,178,4460.049302
840.068025,200,4488.893826
1071.071767,200,4515.988744
483.934158,200,4545.616498
232.525545,137,4560.1404587960.798278,200,4589.6233399150.10329,98,4602.648321
1016.156447,200,4631.743008
278.125825,200,4661.078372
435.558891,126,4675.14629
910.753856,200,4689.344074
551.721721,200,4690.838449
1156.189376,200,4719.135912
749.968146,200,4746.886115
54.281432,27,4747.117234
372.463091,196,4774.231284
1061.039125,200,4802.392487
889.706662,200,4831.575129
284.142131,140,4846.170291
558.754402,200,4887.552397
788.023573,200,4902.24352
850.303024,200,4931.330964
585.767612,183,4960.739183
689.449487,139,4973.617566
1130.941909,200,5002.468358
775.149016,200,5017.980382
637.342131,200,5019.1085.916544.356601,200,5020.789476.7128.429329,41,5046.726.1071.118128,200,5059.306143.389110182.139113,200,501076624.38225.431579,200,5101719245.091020.923014,200,5143.3809.619426.379407,180,5159.41131589.613004,200,5188.19011071680699.862886,200,5215.3583605.905.519681,200,5244.4410579.1086.229364,200,5260.8381056.569.372201,200,5300.24200.91615.568098,200,5315.81150.72180.454943,95,5330.32225.071030.908887,200,5358.5990.8122870.066623,200,5359.515.682840.628506,200,5361.11980.12220.108146,200,5401.471166.140357,200,5419.65344111705.012645,200,5447.61565399379.404369,135,5472.799557791080.886466,200,5488.76296111015.708968,200,5518.577501181040.793727,200,5546.73453900177.437278,134,5558.61216584754.635368,200,5588.41551265975.748569,200,5616.8646112.1020.475788,200,5644.60110611050.839192,200,5674.5190295.1121.312287,200,5690.412714.8764.642652,200,5704.8079246182.150798,200,5706.327863
522.902173,200,5733.083003
1015.782464,200,5763.358935
328.485347,175,5779.936777
895.205021,200,5818.039386
539.575465,200,5834.327496
1045.808696,200,5863.033204
1000.503279,200,5890.12658
1140.919818,200,5920.276808
1090.813099,200,5936.178074
689.35127,200,5974.677359
1085.820436,200,6004.642301
1025.789038,200,6020.659204
113.258883,121,6036.373736
690.147282,200,6037.739643
140.403018,156,6062.323148
674.768101,200,6077.483125
353.558061,200,6107.352314
534.11808,200,6134.688514
885.770238,200,6161.990604
900.134186,200,6177.759572
1140.839258,200,6220.941139
865.417754,200,6248.304097
970.436433,200,6264.294459
709.631703,200,6307.442749
215.97264,200,6321.308816
654.961227,200,6352.043225
1186.468898,200,6368.187273
238.076179,145,6383.975308
202.229709,200,6385.332845
346.377362,90,6398.136623
975.61754,200,6411.275653
890.366915,200,6441.464045
229.586189,200,6480.411796
910.546321,200,6495.231216
748.699702,200,6525.879989
568.896341,200,6541.503937
257.575724,145,6565.446653
1020.486845,200,6595.756237
830.195425,200,6612.304745
996.063912,200,6649.765574
182.244125,71,6665.11851
980.897879,200,6680.309716
894.837454,200,6710.762528
250.691451,200,6712.6098517735.083499,200,6714.111319
219.504667,200,6750.992957
614.324656,200,6767.09645
774.956836,200,6797.439991
418.867822,200,6821.775996
194.357131,150,6851.415797
1080.818212,200,6868.101317
1005.287317,200,6907.139792
1076.158804,200,6922.87098
1100.65965,200,6953.095557
840.269891,200,6983.466353
815.322266,200,7006.922992
965.702283,200,7023.688276
126.72982,112,7038.28565
1151.581058,200,7054.748362
649.296501,200,7056.450183
869.883413,200,7079.872123
1175.804813,200,7108.411628
350.792489,173,7124.745799
136.620219,108,7156.263394
985.89084,200,7178.116089
1080.917811,200,7194.11581
965.226027,200,7238.790301
1100.993699,200,7252.202917
246.916123,112,7265.776855
205.210018,111,7281.248503
1120.77051,200,7323.249672
135.796037,116,7204.881313,2166.00403,101,731013.613734831.255007,187,736146.839768181.737803,200,7386.234714
226.322366,200,7387.72753
1130.972353,200,7420.929002
564.070275,113,7436.875896
61.795648,52,77995.847346785.297474,200,711755.167668,200,7482.875692851135.992408,200,7505.399682661111.247774,200,7535.5314649.259.968798,200,7566.55691080413.931195,200,7589.03561071830.477622,200,7604.590310101115.946242,200,7651.1389181.744.43195,200,7665.182651041196.007162,200,7690.11533108925.530786,200,7720.342366649.578264,200,7721.682073
290.949708,200,7723.254842
230.357507,200,7751.356408
196.608748,200,7775.738035
854.859732,200,7792.071036
1171.356296,200,7836.447619
237.821321,176,7848.059844
93.000719,47,7861.051011
569.086358,200,7877.290417
1000.595588,200,7921.023413
900.191961,200,7934.760703
257.062756,200,7963.611322
1065.900589,200,8003.692698
709.337557,200,8018.618262
1130.906411,200,8048.703973
51106.252131,200,8051.12355510183.567069,200,8052.6209761016.001266,200,8088.215559821055.808144,200,8103.3529919.840.35418,200,8133.0488810.1095.648284,200,8163.974363
181.814372,200,8186.167329
915.62624,200,8216.731306
181.743051,200,8247.789649
975.794951,200,8270.949477
710.062214,200,8286.689553
1106.030725,200,8332.806504
67.204714,76,8333.3782181.215.4448,200,8357.189601
184.181461,200,8387.003922
1196.556885,200,8388.678234
774.911447,200,8390.297749
840.058528,200,8420.676953
442.02382,200,8443.007844
162.253279,113,8458.86219
774.147578,165,8489.729796
83.119021,47,8490.164839229.982236.245181,200,8517.7219.692018,200,8527.348594
890.412861,200,8543.0841052312.288877,200,8588.77294411125.823685,200,8612.0015197742.873876,184,8627.02072821015.60685,200,8670.5738324729.886259,200,8684.34418638860.321967,200,8711.25732110214.740213.931899,200,8714.9193.915023,179,8714.824528
196.231248,200,8757.664704
1075.850558,200,8769.281939
1096.070672,200,8799.156424
1015.303039,200,8831.808746
1030.983372,200,8854.219495
1045.839288,200,8882.898447
1116.024912,200,8915.546824
195.132572,200,8938.895923
185.153596,200,8954.236829
666.454699,200,9000.291456
940.443019,200,9014.817001
1025.538929,200,9039.164959
571.242485,178,9055.23945.77325.933738,200,9056.7995.821965.82945,200,9087.40945.39905.17747,200,9110.052930.1181.380556,200,9125.410860.1885.273888,200,9170.8071020.1091.205027,200,9185.7960.426960.753768,200,9208.752137
184.34096,200,9255.495639
202.504579,200,9270.043921
411.748118,111,9281.358606
1045.712032,200,9322.976357
836.323195,161,9338.211862
940.92493,200,9352.138765
910.676386,200,9378.488143
544.269859,200,9380.511557
895.308712,200,9382.014505
217.54915,146,9424.19552
418.688669,200,9436.702871
925.25979,200,9463.292788
985.586471,200,9495.780175
119.36612,75,9510.170055
807.21832,157,9522.579974
1045.803331,200,9548.597057
134.687867,108,9566.415833
1081.218201,200,9596.7203731121.193559,200,9608.4701993454.356227,103,9620.41167711990.831272,200,9653.18268798694.490352,200,9682.632499111096.281556,200,9694.6469127765.697299,44,9722.12554381065.72456,200,9723.61476381116.200465,200,9739.13205510860.263038,200,9769.8518841880.50659,200,9781.345247
227.202646,200,9822.395418
1220.976377,200,9839.28670931101.247117,200,9866.143116181055.88379,200,9877.65506848173.639872,150,9909.9376355935.672598,200,9939.410948441005.641121,200,9962.151949
182.595302,200,9994.836255
208.11046,167,10010.2511066.1131.310816,200,10038.057204.71141.106012,200,10049.910645
208.933173,200,10051.327258
900.124358,200,10096.592824
689.748421,200,10121.644758
382.034853,200,10135.31252
200.336824,200,10182.029222
244.562549,200,10195.068561
1195.961755,200,10220.932855
895.587431,200,10251.87193
589.688417,200,10279.755231
634.499613,200,10291.557085
124.288368,42,10304.876485
1045.57259,200,10338.697797
84.57813,59,10353.088325
1076.071065,200,10366.710504
185.231915,200,10394.611334
606.845598,200,10411.934354
197.433212,200,10441.801511
232.984052,103,10442.759553
1121.161373,200,10465.656995
50.712062,58,10466.172191
256.569861,200,10512.848351
1080.908505,200,10540.345875
755.180606,200,10551.837693
544.255982,200,10598.446617
94.3186,69,10599.031862
945.849934,200,10626.105728
960.452949,200,10637.962532
965.550602,200,10684.334229
271.372085,200,10699.97484
1181.286559,200,10725.31315
452.337136,96,10726.46277
336.774245,200,10728.006943
1100.151766,200,10759.328721
298.464429,200,10785.711869
915.676136,200,10799.168398
371.882106,75,10811.443182
940.412692,200,10857.013186
804.741359,200,10870.221548
1126.196649,200,10895.409652
239.886056,200,10928.758415
1065.956003,200,10956.16064
390.292493,142,10968.951089
1081.213941,200,10999.980979
870.334201,200,11031.270085
619.415988,200,11055.018207
935.582244,200,11071.681753
790.20508,200,11073.460351
1065.475101,200,11118.534106
121.123961,55,11119.006087
189.1539,136,11131.398283
764.741856,200,11157.287389
154.938108,48,11174.182716
824.726263,200,11205.190386
890.180508,200,11218.321943
940.708304,200,11244.364998
392.561234,200,11277.420042
271.498559,165,11304.302328
960.813166,200,11316.446863
1060.603966,200,11363.511514
995.983678,200,11379.21699
985.432422,200,11404.042983
1010.816393,200,11419.905658
347.825803,200,11421.794176
990.799007,200,11452.613584
1000.878818,200,11478.993156
1086.116096,200,11491.209111
835.535954,200,11537.322953
1096.149054,200,11551.320372
910.442234,200,11577.992562
225.436604,147,11609.487539
1030.967742,200,11636.686959
211.941304,133,11649.064917
1130.673089,200,11679.618618
1141.082218,200,11710.340043
49.739483,54,11710.746495
533.943457,200,11735.372185
1186.419097,200,11751.88334
225.982912,200,11753.415063
855.36492,200,11797.864005
1176.179404,200,11811.12535
192.515781,113,11823.33553
840.567764,200,11867.992472
1196.367211,200,11883.637532
803.336973,153,11896.802823
915.386238,200,11939.323394
1115.892348,200,11969.113489
1116.243891,200,11982.332803
1085.933467,200,12008.198531
1076.24134,200,12041.696237
1066.175839,200,12068.257751
1085.964582,200,12082.103972
189.96945,200,12096.636345
1156.474948,200,12098.263555
980.676544,200,12129.335662
880.66857,200,12156.347551
544.566874,150,12168.863835
568.466155,154,12200.012511
372.175829,117,12215.476297
327.306022,200,12242.939114
850.235408,200,12256.557014
704.914415,200,12299.819506
774.847939,200,12313.575844
840.022023,200,12341.418188
980.607788,200,12372.807667
341.808862,90,12387.009579
1196.134936,200,12412.364333
115.124097,64,12412.887342
390.871656,152,12428.579023
206.663651,200,12430.05896
1181.300935,200,12462.674415
890.546871,186,12488.143293
317.043887,125,12500.824872
1016.15806,200,12533.116828
1075.550649,200,12561.335536
850.514484,200,12575.538648
197.48678,200,12617.33776
639.92189,119,12633.623428
915.143419,200,12659.777356
911.00403,200,12673.489496
869.926641,200,12717.850329
612.010387,200,12733.344506
1176.206028,200,12757.89983
296.597609,127,12773.940263
991.417085,200,12775.436312
388.984071,200,12805.628013
1000.685354,200,12820.669088
995.62579,200,12845.950165
1070.943303,200,12876.313465
970.785305,200,12905.458488
774.270484,154,12918.086424
1096.025152,200,12961.244676
302.564777,200,12975.280802
280.168077,58,604.763018,200144.11706,58,1800.074415,201010.615715,200,825.116459,2001106.063364,200182.232418,200,834.858427,170250.419408,200654.695234,200695.032759,200,890.917716,200234.927765,200,13105.266041
880.276709,181,13148.395845
985.460957,200,13162.073209
160.41452,74,13174.612063
1100.866081,200,13205.116808
795.158738,200,13234.005415
182.928078,200,13247.573679
860.390263,200,13289.412765
905.83067,200,13318.31325
885.480321,200,13332.060614
133.763314,125,11020.632787,2126.979217,66,13577.620661,21125.967968,200,11035.922743,2920.109159,200,13287.957579,21096.099104,200,11186.226737,200,13444.077612
186.575028,200,13445.555958
1080.8787278.190926,200,13477343.97688770.355223,200,135031071.4282795.043882,200,13517.614.0632195.108638,200,13561.1111.0121136.015995,200,1358784.863851643.665521,128,1360820.452105181.841987,200,1363925.5930981050.773748,200,1361080.929544,200,13673.847641
1000.59354,200,13716.399238
765.069951,200,13731.071784
1136.010034,200,13759.507249
348.90743755.084688,200,137731196.268884,200,13774.1663
278.37514,200,13775.527967
905.568829,200,13817.947794
1155.999557,200,13831.876168
885.067794,200,13857.194328
1176.13469,200,13901.238645
905.746236,200,13915.288293
775.43716,200,13941.652678
870.147115,200,13974.480522
915.276898,200,14001.874241
1015.757264,200,14016.13772
182.024033,200,14060.059582
73.211094,52,14060.516692
680.134085,160,14087.895084
1116.105736,200,14101.555335
95.62254,59,14114.831426
589.114279,200,14116.557229
532.814642,200,14118.032789
217.208995,198,14148.474934
935.564399,200,14174.716842
317.729065,134,14189.118785
1076.032003,200,14232.943959
181.671862,200,14248.628117
930.469072,200,14274.494788
439.049601,194,14304.723443
689.648958,200,14333.465112
1131.078017,200,14347.598077
618.246917,200,14389.472001
293.346938,200,14405.443896
736.280604,182,14432.210184
940.792983,200,14447.690361
207.219539,200,14449.06737
89.310224,37,14478.640568
1040.846472,200,14493.149309
1131.185171,200,14518.494724
770.284823,200,14548.807966
1141.112533,200,14578.46476
389.235145,200,14591.710354
770.143908,200,14617.424294
945.548581,200,14663.726674
361.877646,116,14664.618605
1171.408324,200,14689.416006
83.652567,52925.454269,200,120.592594,49,672.593594,2001035.588399,200229.87257,200,14763.740221
910.415248,200,14777.210352
1020.715898,200,14792.677821
127.381373,45,14793.058521
355.041381,7613.090717,200,1704.874616,20915.665043,200,804.222114,186,14839.27414
970.474905,200,14863.354254
293.649287,114,705.052684,200463.210726,200,14909.588364
1085.732094,200,14936.452523
1101.047553,200,14949.904645
940.469951,200,14993.633096
920.147308,200,15021.437764
586.901736,12910.661497,200,1865.464913,200,15064.621582
870.367452,200,15094.99363
1055.565445,200,15107.943486
171.402871,144,15121.080561
1070.972541,200,15122.499028
1096.35481026.323004,200,1512135.586899,92,15155.319237
181.641928,200,15183.100475
173.68771528.87371,139,15182880.898885,200,15211.330654
830.591946,200,15242.130313
1041.008048,200,15269.709923
1126.182028,200,15282.805727
1030.768531,200,15328.068485
905.58134,200,15343.672894
235.68708,200,15369.056052
205.746789,200,15414.246841
1030.757904,200,15430.24547
1070.770299,200,15454.797954
114.953405,43,15455.124037
1055.83375,200,15472.231798
400.980819,200,15473.897427
278.044042,200,15505.922313
950.399165,200,15530.735258
1141.288509,200,15557.394825
150.819494,60,15571.436723
1136.329834,200,15601.998707
166.41783,71,15602.593055
990.700983,200,15626.036476
1110.990693,200,15656.3926
319.961493,89,15671.987494
1120.716478,200,15700.334281
675.865412,161,15710.890341
569.510517,200,15742.263454
799.990235,200,15772.86608
1020.892109,200,15796.975584
155.037068,95,15797.67586
1065.96781825.581423,200,15797785.47118529.061826,200,15799431.51985181.909502,200,158462.816087,1100.680665,200,1975.410236,21006.005873,200,15884.55922
226.295882,85,15915.459095
1151.30405,200,15931.144954
361.587646,112,15944.138028
332.379618,200,15969.415196
755.203095,200,16001.688174
1036.313536,200,16030.03394
1056.059319,200,16054.496336
975.37902,200,16086.51894
940.093838,200,16115.465281
1055.937302,200,16127.425984
960.50952,200,16142.343018
193.548216,134,16143.341041
1005.707658,200,16174.709491
362.785916,200,16202.356162
1121.237208,200,16213.540331
793.140675,200,16258.067951
885.231277,200,16274.061798
1121.030308,200,16298.739806
169.162391,104,16311.412631
704.846802,200,16343.559762
313.193182,200,16372.152523
980.899838,200,16383.73043
1000.94947,200,16427.410427
1161.1004,200,16444.000886
1105.570147,200,16468.809493
1030.971596,200,16482.979353
1161.214314,200,16484.466628
1075.674443,200,16515.311373
316.78388,148,16531.59966
996.125153,200,16556.224906
1051.261179,200,16587.610903
915.189201,200,16616.245414
1035.881024,200,16630.698028
1001.224878,200,16672.783103
1131.274101,200,16701.337194
980.580305,200,16714.26627
1020.763588,200,16757.234471
1086.163354,200,16773.240816
1106.044394,200,16799.182228
935.482252,200,16812.873308
1085.950453,200,16814.360884
635.442917,140,16846.645998
900.549143,200,16875.1866
182.949549,200,16887.137366
1100.885777,200,16930.478484
930.45813,200,16946.507266
1111.109753,200,16972.510782
128.334989,104,16985.013365
950.73126,200,17016.357872
214.725152,200,17045.730651
920.421606,200,17059.011625
1196.53714,200,17102.976989
183.682367,200,17132.377755
1041.062567,200,17145.600529
925.6368,200,17158.925301
187.816139,183,17160.178769
1146.070132,200,17191.616292
1136.016923,200,17220.091371
219.637627,200,17232.840008
985.847157,200,17276.092718
1176.13157,200,17290.707274
1055.905326,200,17318.203452
467.434817,200,17347.481947
1140.877265,200,17376.133713
377.194574,200,17402.154022
253.952944,200,17432.378525
1125.80761,200,17461.372884
195.209378,168,17474.435508
890.259647,200,17488.974268
990.628351,200,17490.337606
73.322474,31,17506.345372
1055.903686,200,17534.714554
1150.882527,200,17549.839222
885.694312,200,17589.290313
844.22197,170,17605.497583
955.690383,200,17633.928015
1030.857709,200,17659.667531
960.780218,200,17687.531913
183.076549,200,17716.351265
221.218765,127,17729.67563
453.152428,200,17759.738773
391.452052,200,17789.126588
125.970869,80,17789.821249
995.972055,200,17816.482177
1136.148405,200,17831.054274
253.594592,200,17832.419001
629.071462,200,17862.403487
689.235834,149,17878.061717
990.383413,200,17903.918823
303.593956,200,17943.734621
955.631099,200,17956.25109
81.482278,61,17966.935508
970.560944,200,17978.693624
337.860977,200,18014.773783
1005.55175,200,18031.151653
482.256268,200,18061.185386
935.380236,200,18086.269987
1070.607201,200,18116.358681
929.974163,200,18132.42557
1196.17183,200,18147.682358
800.139262,200,18149.197198
1065.865827,200,18189.032859
717.071588,200,18206.204406
1146.228746,200,18233.93526
182.330277,200,18262.059639
1135.931549,200,18291.272753
608.710295,200,18320.111109
1115.685478,200,18346.980413
734.480385,200,18376.95786
820.311586,200,18393.057339
210.959699,127,18417.897288
1030.884297,200,18447.33947
1035.560095,200,18463.11493
850.438185,200,18493.411812
1011.10573,200,18494.805857
970.564651,200,18521.73923
1065.615205,200,18551.214036
380.47523,200,18568.601549
1176.378338,200,18607.787883
1111.125391,200,18637.76978
153.063071,155,18653.293556
920.464291,200,18680.020709
930.53648,200,18707.742602
1080.92573,200,18724.19331
288.701341,171,18763.394092
950.725733,200,18779.296328
234.745741,200,18809.16525
147.032545,50,18809.583632
225.134155,200,18825.352865
985.532518,200,18826.755701
1100.660076,200,18866.751595
718.26243,180,18883.522746
1000.247244,200,18911.727537
950.329456,200,18937.995371
230.665245,200,18968.064986
1080.870584,200,18984.466126
950.546993,200,19025.09094
182.501842,200,19055.178392
1105.558353,200,19070.87236
960.596298,200,19111.055724
1151.056469,200,19126.724533
1060.868022,200,19156.730854
241.660579,200,19172.888515
880.435599,200,19174.250843
1035.625598,200,19200.08646
789.742934,200,19229.595504
980.71449,200,19246.23224
990.560891,200,19286.502906
200.11784,200,19316.153655
985.840936,200,19332.561605
1025.736266,200,19370.861223
1000.962835,200,19386.410383
68.630634,31,19401.260097
229.438618,200,19416.971857
1131.117044,200,19455.051993
205.686178,121,19470.457515
115.872824,44,19470.8452
1005.639462,200,19487.565658
950.338419,200,19503.975286
225.152244,200,19505.482924
218.650197,200,19541.915418
441.231493,200,19558.27192
1111.037546,200,19587.367938
845.302733,200,19627.367127
491.349463,200,19643.140294
1015.901395,200,19673.42881
1111.39747,200,19699.465816
270.801756,200,19729.649857
1030.919138,200,19746.389242
765.118484,200,19787.061054
188.79229,200,19803.856787
1196.218935,200,19834.092547
75.052987,38,19834.418815
624.662567,200,19851.11918
870.502601,200,19852.496462
1125.905134,200,19878.312593
193.068788,200,19908.236483
774.940169,200,19937.945071
1000.854358,200,19964.244174
160.994883,96,19979.027836
530.88235,200,19995.07706
241.32252,200,20036.860954
535.759517,200,20065.667335
970.553441,200,20082.188958
970.383239,200,20122.067037
724.795138,200,20136.382195
185.726667,101,20150.846958
87.635997,41,20151.229094
207.13264,76,20167.51027
225.181512,200,20184.098188
70.221996,33,20184.351061
377.598518,200,20210.225585
610.066761,200,20225.686821
950.261076,200,20255.689308
1131.179833,200,20282.360207
493.694879,200,20312.23217
1041.044052,200,20329.259028
614.311542,200,20358.937038
975.531154,200,20396.865868
139.794383,69,20397.494126
205.379331,200,20428.076868
181.626659,200,20454.715642
147.212587,66,20467.569535
224.83429,200,20483.419252
774.817879,200,20514.225324
193.3587,200,20530.679407
885.516254,200,20532.033011
920.355192,200,20558.684528
1096.099618,200,20588.893497
1121.101914,200,20618.792661
1060.8864,200,20645.092482
925.605369,200,20674.870922
775.118448,200,20690.993164
975.63072,200,20730.643773
1121.25676,200,20747.652791
241.833441,200,20777.527029
1020.879081,200,20817.545029
78.835946,42,20817.929626
170.149987,79,20818.601831
800.26877,200,20849.727579
213.954594,133,20866.742164
1006.174168,200,20868.253236
207.505653,134,20891.790247
960.772403,200,20920.846611
990.40013,200,20935.979368
846.560249,167,20964.379686
895.710187,200,20990.313214
1135.97401,200,21020.763207
905.529875,200,21036.854444
424.885728,200,21075.435286
145.645092,99,21076.278085
970.611037,200,21106.802433
378.0053,87,21122.453537
1106.041805,200,21146.847885
840.165521,200,21177.822605
1016.104151,200,21193.541401
1031.059272,200,21209.736545
260.608681,137,21210.759758
251.963954,133,21234.80054
36.43649,42,21235.169061
945.068918,200,21251.636193
840.461105,200,21282.797182
770.472376,200,21320.52162
206.453035,107,21321.429474
184.755704,200,21352.502074
975.494858,200,21368.339751
230.074872,200,21407.663511
191.697514,55,21408.12346
203.866897,186,21437.578139
850.019461,200,21453.457776
195.100633,200,21493.85054
760.106296,200,21525.097474
1130.508725,200,21540.049695
975.456213,200,21541.860842
1166.113428,200,21543.493327
814.913028,200,21581.611221
1095.989117,200,21611.52931
238.473648,200,21628.095903
256.419039,200,21664.954697
807.269046,178,21681.034188
608.092344,128,21696.40034
182.1957,200,21734.559428
1135.808981,200,21751.031709
930.411598,200,21781.55792
835.341773,200,21810.422784
200.714955,200,21836.168938
840.233832,200,21866.122448
815.326568,200,21884.921819
186.11987,138,21885.955555
432.637576,200,21908.76083
1140.859761,200,21939.060113
1050.757692,200,21954.709949
183.551762,200,21992.495288
870.151989,200,22008.306937
169.21606,42,22022.531048
940.305235,200,22039.387457
112.434477,66,22054.386486
899.918667,200,22077.886028
930.526195,200,22105.35848
840.292303,200,22121.874582
495.70699,136,22161.054689
353.689066,200,22174.981718
405.887795,105,22190.516809
258.527549,119,22205.332128
316.461028,90,22221.151824
980.556016,200,22222.632671
920.411576,200,22240.22133
1110.999338,200,22262.467411
629.316115,200,22277.005584
304.723684,200,22324.300964
1095.732435,200,22346.518603
100.273719,33,22346.802849
905.503735,200,22363.004331
1085.683213,200,22407.834386
672.416013,158,22418.655616
905.171002,200,22447.907402
51.579586,59,22448.401206
1105.789954,200,22490.282473
1145.987852,200,22501.714385
106.492106,34,22516.14724
724.868336,200,22532.792676
1035.794872,200,22549.396336
840.379605,200,22550.912028
1085.898603,200,22589.014409
427.373922,143,22604.865681
945.411252,200,22621.271153
1081.180846,200,22663.009757
1030.846046,200,22675.698931
774.989275,200,22705.653282
187.87975,120,22737.759294
745.157723,200,22759.208886
76.169742,82,22759.825178
1136.184682,200,22790.378471
1040.810912,200,22822.546851
1135.8787,200,22844.407278
789.944159,200,22860.617041
945.483435,200,22891.955984
1166.20865,200,22893.446937
162.980497,133,22921.283623
311.677057,118,22931.097586
995.694952,200,22947.01926
162.397474,40,22947.358395
1135.882236,200,22994.987493
855.691281,200,23016.244135
870.264926,200,23032.137955
1121.041865,200,23078.774412
930.251219,200,23090.090054
810.140215,200,23116.430394
795.147481,200,23148.579401
267.572909,97,23164.39517
370.660946,200,23187.434163
1125.615803,200,23202.699713
1041.119442,200,23219.51582
1190.466709,200,23221.057384
71.938365,67,23250.194151
141.101414,65,23250.623315
895.15839,200,23274.24916
593.899277,200,23290.623357
1121.064008,200,23335.420451
262.049064,107,23345.1557639.1025.716361,200,23359.1035.6771040.323978,200,23389.1045.759715.703604,182,23422.5699.5681176.038168,200,23445.080244
1075.948831,200,23461.26661
147.367813,72,23490.991892
1121.009764,200,23516.245587
179.457539,180,23529.683865
366.008425,100,2354226.262437724.77005,200,23561990.91102754.930545,200,23562.690328
189.959804,159,231000.804969,179.018305,47,23591140.855581145.741062,200,23611066.001481050.978352,200,2362601.19136965.657351,200,23675392.851941111.238392,200,2369960.5051011101.147639,200,2371115.970023975.693548,200,23751045.994471,200,23773.769197
195.825624,200,23795.702091
1040.822225,200,23827.798795
940.667746,200,23855.808173
1170.871388,200,23869.282566
1070.872631,200,23884.429638
880.81975,200,23886.101381
549.776269,200,23930.671527
910.652364,200,23941.359907
1146.202617,200,23970.509212
1155.776237,200,24003.640854
315.702882,95,24017.352216
133.622376,150,24027.131317
925.408853,200,24056.183369
930.454214,200,24101.131747
1060.931684,200,24112.62171
1050.822708,200,24138.354805
1111.336144,200,24170.407175
83.753505,42,24185.357163
935.614149,200,24196.863121
863.547836,200,24222.686643
1166.324619,200,24224.266717
1050.86978,200,24225.783099
1101.119163,200,24258.730947
965.906046,200,24284.012119
1060.845681,200,24296.389994
126.846438,86,24327.726873
261.820793,112,24343.843228
224.742696,200,24369.473669
609.659213,200,24381.006636
1020.579284,200,24427.36888
250.084187,200,24443.557543
689.679021,200,24465.576177
257.578765,97,24495.618051
724.938296,200,24512.232446
1121.197452,200,24538.959199
106.871369,45,24539.266977
689.49218,200,24553.888988
950.466969,200,24555.575018
154.013916,172,24599.54898
1065.954412,200,24615.16966
995.552525,200,24638.90187
220.051237,200,24671.912569
890.328191,200,24700.465163
1166.489064,200,24710.635074
835.044749,200,24755.785437
865.528628,200,24786.382784
230.197313,200,24797.252594
1036.082641,200,24838.238536
951.01132,200,24854.489028
884.544532,200,24880.515884
955.765844,200,24893.306926
300.103351,79,24893.901827
1066.135432,200,24911.292212
1071.053723,200,24940.500006
810.259159,200,24966.682002
643.352445,143,24977.186467
910.698637,200,25008.639974
930.618353,200,25038.477216
1020.578407,200,25052.25094
182.100595,76,25077.023563
1090.924315,200,25106.498448
965.308306,200,25123.341922
1040.849893,200,25163.34666
789.321271,200,25179.927822
754.743167,200,25210.502785
1056.066023,200,25225.393943
189.470413,200,25226.611677
704.02679,200,25227.876405
97.177659,92,25254.805875
1101.007219,200,25285.013612
1005.705012,200,25300.930918
674.765453,200,25339.361
1030.593994,200,25355.437266
1105.873856,200,25383.76135
935.37787,200,25409.575398
890.188795,200,25439.764549
181.675007,200,25469.160844
1085.824652,200,25494.350512
569.262858,200,25524.095535
1040.444408,200,25540.193812
1156.100799,200,25564.172645
427.039981,148,25565.102147
960.619106,200,25566.481169
314.401597,200,25596.771772
884.459447,185,25613.137226
1065.870972,200,25641.697854
254.793414,200,25680.684644
310.233346,200,25696.912061
136.768088,86,25711.342886
915.506245,200,25726.620526
1010.487018,200,25767.302547
162.179415,108,25782.52793
910.710006,200,25798.813437
760.085528,200,25836.22578
346.071763,64,25836.772302
1105.968521,200,25866.671007
945.692764,200,25896.19178
1030.980639,200,25898.418218
775.124093,200,25899.797263
990.633529,200,25938.609176
230.316363,200,25968.068948
980.8566,200,25982.416078
920.281126,200,26024.917629
1030.741814,200,26040.821939
314.468552,200,26069.086995
1155.970672,200,26096.750345
850.203557,200,26127.111142
880.764151,200,26142.181212
126.164337,98,26167.230271
1170.833707,200,26196.986201
31.649975,37,26197.301642
1196.448255,200,26227.093932
235.051919,200,26240.65211
650.121617,200,26242.035003
855.762425,200,26272.059
567.398864,153,26300.823065
940.530865,200,26316.096298
1181.280206,200,26357.050003
1100.903546,200,26373.168431
377.977144,200,26401.696814
1191.050536,200,26442.441342
965.801459,200,26458.711408
860.255537,200,26486.793266
935.299059,200,26513.641726
1160.888432,200,26544.311563
90.051047,38,26544.665606
259.967334,89,26559.360486
1176.180378,200,26573.612139
728.62881,190,26575.052037
755.014823,200,26576.427024
1011.18618,200,26616.654708
1095.886842,200,26647.101583
830.134209,200,26660.432995
254.493672,200,26702.088915
1045.954719,200,26718.598109
379.452915,98,26733.014904
1015.636015,200,26774.272003
850.32162,200,26789.670378
965.691787,200,26817.174859
950.784154,200,26843.916001
885.656005,200,26874.306889
970.471837,200,26890.335292
1111.028021,200,26916.50931
235.433425,200,26918.165602
960.608453,200,26919.534158
108.268572,72,26947.716511
1081.055822,200,26962.410588
1065.726812,200,26990.957181
1140.686855,200,27019.268435
905.163531,200,27050.816911
1105.981949,200,27065.048261
337.293198,200,27105.068671
654.143756,200,27119.60676
835.172762,200,27150.192126
1111.252548,200,27176.602958
317.526443,92,27191.074988
847.041201,198,27221.083379
1145.559364,200,27236.772285
256.291146,200,27265.541482
270.185212,200,27266.9537
69.843626,43,27281.460174
1005.394319,200,27296.331464
900.065292,200,27324.917153
1056.162458,200,27366.244142
860.486183,200,27381.717182
1060.719527,200,27410.74138
183.66652,200,27424.39578
895.291241,200,27468.856318
1156.213817,200,27484.611043
920.692269,200,27510.104732
1081.126603,200,27540.128318
1165.935833,200,27567.406575
700.213653,200,27596.393971
950.540715,200,27598.1386
1055.875469,200,27599.487972
215.963962,172,27628.486659
1061.192791,200,27655.154747
1005.272045,200,27683.733296
186.101409,200,27713.373805
220.666434,200,27740.142838
975.604201,200,27756.537276
1126.019847,200,27798.896708
565.399058,200,27815.201426
840.504543,200,27841.115239
840.90321,200,27870.093006
975.627458,200,27899.555622
985.768554,200,27926.797674
1060.954497,200,27943.819828
975.973239,200,27945.290508
1161.151841,200,27973.265415
895.517555,200,27999.659057
723.343443,179,28015.863836
850.655592,200,28058.944048
1130.867556,200,28074.261687
67.401778,35,28086.180232
739.232073,200,28102.532242
90.203683,38,28117.991082
1050.603834,200,28145.793728
268.96962,200,28160.092544
685.170927,200,28188.15225
1016.096935,200,28230.071165
504.177852,200,28242.879886
1166.235177,200,28272.807472
1060.538874,200,28274.751362
905.772203,200,28276.341297
157.834019,51,28304.357734
875.18018,200,28317.745373
1166.050462,200,28346.504927
1155.943781,200,28375.365854
1091.222711,200,28403.807449
865.518988,200,28417.647803
840.207443,200,28461.102818
296.399661,106,28476.110441
146.169471,164,28489.545513
1071.190035,200,28517.455633
1010.638356,200,28547.7732
180.464484,95,28561.876074
1081.000764,200,28576.048411
838.894394,200,28604.481678
743.057602,169,28620.936999
1091.343239,200,28622.48595
370.402203,141,28650.135987
1070.949882,200,28663.467953
390.582669,151,28677.655731
210.841764,200,28721.553976
659.482652,200,28736.887278
890.754874,200,28764.203256
815.429697,200,28806.68897
965.957803,200,28821.901751
985.942239,200,28847.599594
1115.767518,200,28864.181604
1025.509795,200,28907.495495
695.290247,200,28920.509619
341.78781,200,28949.835003
1166.153903,200,28951.674937
840.429154,200,28953.186324
82.888884,25,28967.064191
245.246355,200,28992.818755
1060.817774,200,29023.010581
890.573567,200,29038.751593
1000.777021,200,29078.140795
819.803018,200,29093.63352
809.542006,170,29123.394108
1030.768557,200,29151.928772
599.586437,200,29178.323107
750.030846,200,29193.410216
345.306335,172,29234.574048
835.255482,200,29247.852372
960.260946,200,29277.274524
212.053537,97,29293.293184
122.365589,108,29294.111792
346.181547,200,29309.599953
940.615351,200,29323.044944
1030.582071,200,29349.486091
183.67808,200,29365.657128
182.673422,200,29407.396747
434.431359,98,29420.418952
1095.932382,200,29434.773767
660.172969,176,29478.983429
1106.02595,200,29493.547393
1115.997757,200,29520.248366
183.666641,200,29552.459883
970.856944,200,29579.30935
1075.945626,200,29605.822281
1100.802461,200,29621.929786
619.704255,200,29623.542802
1076.035618,200,29625.029256
59.059884,21,29639.519158
945.560253,200,29663.039572
1040.710557,200,29693.865026
985.818073,200,29708.709295
845.459553,200,29749.245412
815.473134,200,29765.043523
1141.061442,200,29794.886233
263.054889,200,29823.579522
1045.810249,200,29850.520598
945.379458,200,29866.3599
1136.209725,200,29908.200351
664.403553,200,29936.533615
1060.492395,200,29951.806387
185.301311,69,29967.09162
720.125783,200,29968.762465
1115.904924,200,29970.303877
214.793457,200,29997.505644
105.914217,117,30011.190277
1030.82523,200,30040.533182
819.184996,185,30071.931404
141.500587,112,30083.042028
1065.697979,200,30110.342932
996.058767,200,30126.618235
1106.07941,200,30168.04546
554.023636,200,30181.824756
207.656913,113,30197.542032
995.825664,200,30242.464679
229.742003,94,30253.505045
925.805136,200,30266.622716
714.579559,200,30297.038502
417.965665,167,30298.930366
584.572885,200,30300.421654
955.457821,200,30338.883612
182.544139,200,30352.671973
266.203778,80,30367.761296
810.135858,200,30398.297307
975.384845,200,30420.894152
1156.280525,200,30436.824966
1096.129177,200,30467.330888
1066.119895,200,30507.701596
1085.59799,200,30522.499982
1060.516448,200,30553.34546
619.419556,200,30582.210713
880.556171,200,30607.393546
894.057889,200,30623.384536
880.124868,200,30640.107174
828.675498,200,30641.721676
248.921839,200,30668.537051
921.129157,200,30693.218553
1020.947941,200,30722.448947
995.852882,200,30752.461012
930.593985,200,30776.656226
1086.131102,200,30793.313406
1111.190938,200,30838.202049
324.487165,200,30850.077717
1186.347106,200,30878.325602
94.830408,91,30910.02639
405.176854,200,30924.49761
1126.370907,200,30948.07102
1191.508365,200,30964.036377
247.098897,200,30965.572045
970.837049,200,30967.091779
142.108709,118,30997.065525
184.589612,94,31009.626231
895.469051,200,31032.687815
913.042723,200,31049.072932
790.245391,200,31089.115316
860.252951,200,31103.845677
800.120952,200,31133.510966
1090.689143,200,31165.616297
740.051619,200,31187.973489
1155.896039,200,31218.196603
701.043758,151,31249.398478
702.511351,153,31261.024331
732.552024,189,31272.503605
151.781038,55,31302.756071
1010.988582,200,31304.236693
309.877673,200,31321.288152
332.203991,122,31335.675705
1121.226457,200,31357.925264
184.095142,200,31374.20634
229.98516,200,31421.074235
895.61951,200,31443.600371
815.043478,200,31459.649462
769.688533,200,31505.568715
1081.233287,200,31518.388953
1106.006167,200,31543.108438
1055.965503,200,31575.197004
970.866742,200,31602.815705
1125.817372,200,31613.899049
684.653348,200,31630.018787
183.252738,200,31631.680812
1055.848406,200,31675.357308
1146.243468,200,31698.528793
255.207231,200,31713.301029
183.31696,200,31760.487634
1010.882331,200,31774.895111
1070.750699,200,31799.104928
870.597763,200,31831.829862
1146.154521,200,31855.565074
265.996691,200,31870.087403
1161.052159,200,31914.938896
809.943064,200,31938.856435
430.323423,188,31951.797593
303.081125,87,31966.303068
175.88271,195,31967.939931
72.1155,81,31968.561266
306.364939,117,31969.794.62921126.382139,200,32001086.164661146.249249,200,32021126.193981126.048326,200,3205960.422214183.869991,200,32081025.749411035.902017,200,3211234.8027231161.133537,200,32122.920777
1065.943365,200,32170.795068
535.070789,167,32186.321164
1051.077204,200,32207.380222
834.916428,200,32240.365767
147.290252,92,32255.325139
1040.897824,200,32281.458909
815.51885,200,32292.279732
830.071285,200,3991.081034,20195.952004,200,32295.654483
1101.131973,200,920.354758,200880.861081,200,32367.726829
810.227018,200444.547101,2001110.733096,2001141.025513,200976.268429,200,32439.5787
767.992189,189,324820.415949,1096.138686,200,32494.590374
940.200874,200,32523.865976
985.926166,200,32534.744228
1101.193013,200,32577.131676
496.974472,158,32593.344338
664.446897,200,32617.87904
1040.812649,200,32630.865055
862.043027,188,32632.272341
1050.905679,200,32663.12044
925.010537,200,32687.113395
1066.069761,200,32707.632873
184.278696,200,32741.204083
1111.1578,200,32769.587268
142.287136,66,32770.103114
1126.288938,200,32811.424005
1085.989311,200,32826.938719
414.243229,200,32855.016465
201.56293,200,32879.235164
1116.166227,200,32910.744777
1126.284943,200,32940.266842
1096.039825,200,32951.610494
228.085858,87,32964.60813
96.988558,55,32965.01131.06845.360885,200,32966.48573.54305.054646,200,32997.211106.41030.728168,200,33013.5216.860498.432428,200,33038.1121.3281110.901412,200,33068.668.1946960.757151,200,33098.1121.0721035.70346,200,33113.41121.35709.23776,181,33153.461106.01076.053087,200,33169.01526.97181.942433,200,33198.49920.491035.655002,200,33239.350186
1000.740964,200,33254.948463
1060.871842,200,33283.739459
1060.328543,200,33295.291541
414.859755,161,33296.401423
287.025865,200,33327.735328
1070.787553,200,33356.628633
985.817304,200,33371.470728
156.9742,172,33412.032698
1050.985667,200,33428.104561
870.435237,200,33454.286983
1055.713756,200,33496.090315
981.220864,200,33512.220923
182.14916,162,33527.525574
975.819919,200,33566.996851
1021.033522,200,33582.627993
965.850394,200,33613.597115
1070.968186,200,33637.414564
399.977941,200,33638.816767
209.653209,200,33640.193019
353.552131,155,33671.730668
1011.244965,200,33687.917233
1085.982632,200,33714.884354
183.174478,200,33756.590745
950.751334,200,33773.406089
995.751732,200,33800.756276
1071.284269,200,33828.846794
960.706095,200,33859.788936
131.971926,66,33860.530293
153.979993,95,33875.704178
1151.259497,200,33915.367691
222.148058,102,33916.292227
754.889878,200,33946.662179
1031.086931,200,33974.974704
1090.966469,200,33976.86686
1091.149261,200,33978.272427
880.321749,200,34020.292865
955.819733,200,34036.880084
302.382038,112,34051.341613
558.599828,200,34091.148499
220.332794,200,34107.207889
1116.122067,200,34138.426466
1035.6457,200,34162.208415
152.489961,104,34177.709782
1141.237231,200,34207.754635
1050.714674,200,34221.272639
1096.14064,200,34263.301614
283.141125,134,34278.625625
195.181999,200,34307.02133
860.374014,200,34318.571847
463.202525,200,34319.93305
30.115164,17,34335.165243
1045.662953,200,34349.541993
1101.070624,200,34380.386641
230.291008,200,34403.383679
185.157666,200,34434.123459
94.550537,58,180.884271,200597.48882,137,3990.915162,201186.445922,200,1161.114108,20558.285775,200,3182.709376,201065.999092,200,200.217438,2001091.029592,200769.818053,200,1096.150342,20915.691631,200,31040.657058,2177.390452,97,3461085.8750621055.671172,200,3461015.7693431061.369226,200,3461096.311132,200,34653.445467
945.815103,200,34693.21751
269.515211,200,34709.756369
1075.737799,200,34734.436327
138.6987,348.638996,200,34195.589484,289.097279,53,3477377.9879771091.195711,200,347890.139289,764.652642,200,348157.006252587.635774,200,348980.612903,1151.377609,200,341116.244387,1061.282015,200,3810.250945,21071.096276,200,3815.238639,20246.2362,107,349240.96757840.468522,200,3497224.889348980.9365,200,34990.690392
330.936131,105,34991.1186.4591016.087055,200,35020.193.84281085.847425,200,35036.978871
1116.220603,200,35065.344217
1015.707556,200,35091.530329
1126.202885,200,35121.125258
830.068876,200,35136.75779
970.823296,200,35176.030541
820.541132,200,35205.84708
1166.421625,200,35222.337568
1076.096422,200,35261.445522
200.632232,200,35277.579821
1025.767953,200,35307.55979
980.696337,200,35322.950355
219.193314,99,35323.629416
1081.168882,200,35349.912937
609.389951,200,35379.661321
700.314684,200,35395.361273
751.525954,146,35421.921538
905.298472,200,35449.917493
315.116561,200,35465.625377
307.198176,200,35493.807613
970.627338,200,35534.645443
145.793267,85,35535.351126
1060.805479,200,35565.381157
829.827798,200,35592.079729
980.512309,200,35622.209541
126.209254,113,35637.628154
930.530399,200,35652.904551
1086.561684,200,35665.765667
285.37849,200,35667.136265
960.444378,200,35695.672719
805.392257,200,35726.110375
664.558503,177,35740.424178
1020.745901,200,35780.431872
1086.265882,200,35796.67546
274.847078,200,35824.122466
100.7271,114,35851.55553
333.534547,200,35867.275977
764.677736,139,35897.089447
325.635904,168,35909.740761
828.332312,200,35937.94465
1080.93068,200,35968.065217
1015.974542,200,35996.039853
915.487557,200,35998.157595
774.928824,200,3599925.60896880.415733,200,36041930.51422945.885575,200,36058.343056
643.890371,165,36085.102673
128.567596,115,36111066.05757180.90755,200,36128.431896
255.487309,132,36144.1120.881935.682587,200,36169.41146.19146.002979,107,36198.81111.02910.356635,200,36214.721071.11120.696165,200,36244.271105.91061.030946,200,36269.49666.55787.659872,168,36299.55687.809505,200,36314.467002
975.74515,200,36328.144287
266.372057,200,36343.475186
282.224797,200,36344.973113
885.418841,200,36375.465113
1030.749525,200,36403.244426
397.5298,200,36429.037821
1131.111426,200,36460.479825
970.977543,200,36489.087889
810.019446,200,36502.539289
920.656727,200,36546.18764
795.271471,200,36562.242694
965.70377,200,36588.104332
539.09245,200,36618.010112
1196.72253,200,36648.038687
1161.215155,200,36673.889464
824.813492,149,36675.843485
1006.210653,200,36677.347117
1016.172735,200,36720.298335
1096.211784,200,36736.294339
285.207321,200,36762.119787
1030.868259,200,36790.017354
1105.757292,200,36819.746307
1095.980251,200,36833.827614
986.13971,200,36875.0653
178.055392,93,36889.992499
1090.987772,200,36906.34604
1051.068868,200,36931.339901
945.451946,200,36961.123465
965.758229,200,36990.938239
835.631368,200,37004.963133
965.960886,200,37019.115269
905.44817,200,37020.484308
232.889641,200,37049.524315
279.893867,200,37076.766427
1126.435821,200,37103.858388
765.070274,200,37135.025223
589.588201,160,37150.931664
263.786764,142,37176.754588
805.062337,200,37205.960382
965.4683,200,37235.736959
200.9143,108,37248.678567
986.032274,200,37263.649988
182.936054,200,37307.335213
755.15819,200,37323.143957
269.333603,200,37350.35563
966.049561006.082352,200,37351061.271282,200,37354.090103
202.919312,200,37394.941761
890.353014,200,37421.285043
794.897754,200,37437.470356
1025.914003,200,37480.174777
819.840912,200,37495.201638
1005.891935,200,37523.208377
669.5211046.058419,200,37551.996.11131040.728533,200,3758182.43994,755.125359,200,37880.409332,21086.232822,200,31071.2561,2001041.359075,200674.589635,200,925.452794,2001056.12414,200,37694.559891
1121.486947,200532.692656,200,1136.295274,200,37736.265804
875.291765,200,37749.967733
94.242549,101,37765.682223
855.542983,200,37794.989162
1015.603603,200,37823.129163
965.81635,200,37851.195922
1136.437307,200,37880.547835
996.255,200,37908.757823
985.680447,200,37922.810807
1021.157963,200,37964.751869
274.510336,104,37980.161474
1116.247818,200,37994.488974
1076.163285,200,38022.648839
1021.195249,200,38038.62813
1021.05286,200,38039.993717
1096.292679,200,38069.413996
1121.216918,200,38095.029363
1100.88248,200,38111.722568
1091.130082,200,38154.574752
1065.584805,200,38167.86326
1046.157158,200,38197.126882
925.34452,200,38226.239584
1196.069766,200,38254.484872
1041.02573,200,38284.05836
1141.42627,200,38311.934354
1091.034149,200,38339.861981
194.813673,58,38340.299069
184.693112,200,38368.929842
1071.316382,200,38370.583185
1196.466964,200,38372.098325
202.294307,200,38413.855442
1151.051248,200,38427.794632
930.590026,200,38455.939845
438.002401,200,38486.087735
1070.946116,200,38514.169511
624.178186,200,38529.341187
241.807254,143,38571.678498
1055.97023,200,38584.289693
485.126296,173,38600.245569
945.69438,200,38643.076068
1126.147167,200,38669.825872
529.282159,165,38685.385983
556.346887,200,38701.881377
1091.004568,200,38715.93439
1105.946147,200,38717.297464
965.652788,200,38745.662426
309.288788,136,38758.863056
1070.759088,200,38788.636966
1101.376402,200,38817.574439
107.537135,119,38832.057245
940.357713,200,38859.057744
960.870099,200,38888.238444
719.868652,200,38917.401947
182.031047,200,38944.341835
699.532083,144,38959.431966
1071.055477,200,38989.750168
182.003289,200,39016.386015
174.558277,195,39032.702534
117.160209,129,39046.998055
94.900275,105,39047.711753
253.286961,200,39064.755325
130.544431,147,39092.694455
216.017355,106,39093.48556
1186.326934,200,39121.206051
65.026235,73,39121.834732
1076.090592,200,39164.642703
900.545979,200,39192.723294
119.80294,135,39207.816801
955.6882,200,39234.780904
770.259913,200,39261.69127
183.050308,172,39277.386465
679.529762,200,39305.777889
741.963159,167,39334.638306
1101.014259,200,39362.236248
141.61424,76,39362.945145
1065.943284,200,39393.298602
1071.143954,200,39394.687518
910.404419,200,39422.868448
230.523903,200,39450.079837
1156.053273,200,39465.976386
1050.885905,200,39507.944573
1025.970378,200,39521.899814
965.753633,200,39552.464981
970.651182,200,39594.317454
729.822427,200,39608.764995
722.400019,142,39623.993546
182.290405,200,39668.103359
1120.960991,200,39681.386185
279.342982,104,39694.997816
915.78391,200,39725.195216
1026.039224,200,39727.139941
1061.425321,200,39728.629405
951.090165,200,39770.226835
1081.105447,200,39786.001784
1071.162675,200,39813.469368
179.390409,47,39829.3152
980.857212,200,39857.33209
1156.483204,200,39872.059233
1025.952166,200,39899.547459
254.851452,78,39927.177049
11690.082455,200,39927.64882795.339355,200,39943.511334
91.274.546892,200,39974.1664729.122.669823,136,40002.2421016.810.360455,200,40015.315568
1060.69162,200,40046.583825
910.515645,200,40073.561402
184.661429,200,40075.2739.937483.180998,200,40076.600755
183.988309,52,40092.6695.666573.715988,200,40119.1096.3601176.300055,200,40135.430309
890.664742,200,40177.836723
201.618272,200,40190.803383
865.562689,200,40220.567279
235.21288,84,40231006.166861106.306132,200,40261050.798181136.067333,200,40291116.05757,200,40291.779082
40262.99422
1196.528028,200,40291.214879
7.796044,163,39958.566604
264.391304,104,3915.756569,201035.857616,200,925.662456,2001041.222908,200182.976389,200,142.020414,160648.986918,200,1046.004796,200,40074.130917
249.341747,1563.235765,200,40748.439556,21000.947159,200,40105.772681
1010.787225,200,40135.928432
1066.325719,200,40150.957436
196.686798,551141.21969,200,1181.500974,21100.831205,200,4990.574945,20900.750397,200,41021.300739,21075.849106,200,4985.576056,2097.947516,106,40522.005136,137,40293.240608
263.169088
712.567699,200,40291.313262
6853,200,40263.998157
14955.680338,200,40277.6367081156.220299,200,40293.156535
1695,200,4026795.280845184.066632,200,4027940.561652,200,40292.122392
900.612991,200,40231196.51943845.197018,200,40276930.783497,200,40293.443902
,200,40234.661615
229.034675,131,40262.529427
548.325098,123,40275.659191
16864.935213,200,40276.750617
375161
1010.503412,200,40220.955748
949.86819,196,40263.296197
337.863184,108,40276.306761
815.294093,200,40292.364517
2,40091.77836
293.664121,82,40103.440861
965.677509,200,40119.388572
358.290347,200,40148.532716
368.309167,200,40177.576292
111.254829,60,40189.475362
463.755439,97,40204.413846
1076.351817,200,40219.995448
146.732545,71,40234.524862
1081.290749,200,40262.926456
831.392562,198,40291.080293
