#{"t_start": 1665592124.271433, "env_id": "CustomMyoChallengeDieReorientP1-v0"}
r,l,t
9528.899737,150,35.6568125884.923287,150,64.8528039780.116996,150,95.50381988785.013136,150,127.3921171.92.016017,150,171.9102572572.530687,150,222.3156804.69.417016,150,253.1033282787.060617,150,283.192787817883.596159,150,328.496281194.486823,150,358.05265813384.815098,150,389.383995894.143997,150,435.552479893.924955,150,477.870103177.696577,150,509.190718
78.57593.945726,150,541.3886.7721.162981,150,571.74786.13448,150,604.566797
5364.4101.721203,150,605.9471.636.785314,150,640.40449887.46888.305608,150,674.6896.8814.552327,150,721.989.7891590.612113,150,752745.94.43771.89144,150,796.95.781.254225,150,827.0246368.8957799.279226,150,858.74883.077914,150,888.3266988986.259459,150,950.46742689.877.000618,150,978.9996756780.978482,150,1010.3829939885.758975,150,1043.789692.477993,150,1087.200642873.8759.4132,150,1115.962671098.776871,150,1168.669521891.082515,150,1196.070344791.843103,150,1229.668608793.4580.516287,150,1229.8616.87.92594.423452,150,12689786.004568,150,1297.3523244965.6294.643433,150,1327.26877497796.424579,150,1355.496.64426,150,1396.020147
5069488.808151,150,1445.475844.50407.382598,150,1473.56783.418076,798.975922,150,11188946536.80044,150,1546.876.704042,15672.506213,150,8675.76897,150,1611.47768798.426730.830149,150,1662.689.614772,150,1704.679634
406.18174.968882.454532,1508586.125377,150,1764.41304982.4695675.558922,150,1797.66278.90467.119026,150,1827.579.823309,150,1830.14856186.2810.612871.0877.595928,4098.791308,15882595.8608,191.651589,641.48591.495199802.15487.391927,150,1976.7682775672.99872.9394.44727,92.911288394.654451,150,20682.437181,150,99.235441,15056.708163,150,2112.39689
85.672595,15634.745583,1102.4620671.942174,150,401.787.318689,150,2237.124266
680.478390.9788.42018524.18095.928066,150,2311.34691
131.41035,150,2342.163729
556.661467,150,2392.63901
128.678916,150,2424.173289
91.740423,150,270.2017103.8418.724055.402687.828073,15097.833792.203622.538157,150592.46075.314572.01732,451.792.033724,150156.695202,15096.309975,150,87.50491,110484.41092.689071.147216,150,102.089641,15841.101494,150,700.208451,15609.924307105.5573.00978493.710.78780.2530963.634.4996.793.10492.2319697.79113,150,269.432328,15184.52341,150,2769.409241,194.73714.7010426802.2356776641.262066,150,2945.59544
84.93082.692281.29859,150,282.741134,150,3007882.89894119.905875,150,3039.397402
80.32742.784837.958881.186551.443814.01044374.475231,298.374035,563.654004,180.45101.970841,150,3137.917572
77.490864.480104.886.9996.585.510438,150,3218.949563
76.00371,150,3263.90.3603492.36980199.816.87385.38797156.885193.683.079.579626,1587.619939,150,33737562.2279683.813174,150,3417.865503
91.520866,788.889.333967,1549.5169975.4567575.280551,91.793841,150,3511.476.127099.133533,150,3552.8874.41092.956388,99.409068,150,3688.288418,1747.890342,150,371.471098,150,3666.422338
96.260414,150,36829.047357,99.722761,1648.114.725.9776877.276275,150,37679.573009,89.607399,190.2512794.59178816.905275,94.830461,150,37990.108369,8610.107457.1000983.870066,150,3892.610021
630.665648,150,3810779.04590134.4243937575.469.09885283.71.875569,150,3985.683902
88.654862531.735991,150,402875.752975,150,4060.175798
72.556135,150,4109.856.1907675.804539,150,4183.0814.00077.500953,150,4180.8075.59095.028048,150,4213.3680665544.039432,150,4242.767152
812.6273991.3123390.8254166778.495896,150,430100.46680194.525457.08093.548179,150535.722832,150,4341.447183
80.49843561.4503.179392,15077.262168,150,4421.042026
215.783868,150,4451.776262580.304325,1506109.231408,15394.924649,150,4526.321064
91.70013178.566.59322.26088.077206,150,4608.5553876.87.342867,150,4650.811387
79.564147,150,4681.8376.589738.04189569.442859,195.504195.689593,150,4746.1677.88665.529464,684.18556.21340.3585.431319,150,4838.410244
105.031974,150,48694.125102,57.16731892.038197,150,490698.152823,150,4933.183.984992.090429,150,480882.100672211.043043,150,4971.735728
719.522293,150,5002.130882
582.174586,150,5033.56414.0881.678938,150,91.510629,19738.597827,150,5128.3037446490.804529,150,5158.846028
580.403868,15090.254643,150890.3163.29389598.6672.68.91471.441802,150,5265.492099
99.171899,150,5297.353873
823.1982.605229,137.262814685.423569.672173,150,5376.0741.666656.4907,150,54101.87884.649899,150,5746.082958,850.89.233466,150,886.65318580.88.907235,150,5512.5586384.8934,1101.77799.4489.101.270982,150,5540.579101
801.319596,150,5582.17493
478.083.68329.592094,150812.219.89.799830.143324,150,96.98.351.956565.9246193.96.1261.988.444654,150,883.967775.02793.899614.29825,150,122.431066,150,5797.47257411860.98417,150,5849.02869.85584.190696,150,5893.462599
65.98880.461824,150,5804.6982.949434,1570.772039,150,5718.974.46486,150,598250.98291.375.79449703.465258,151600.234135,150,6082.301548
73.358234,150873.429842,15075.973278,150,6145.169746
805.88.243224,150,61886.369968.648932,150,6180.581168
70.583156,15086.826981,523.47.274107,150,6247.599697
501.814181,150,6278.436152
6879.531975,49.841361.2824392.222717,150,6371.71107
87.89.033453,1872.09991,150101.382925,150,6431.406486
629.727833,150,6463.213368
596.076964,150,6505.731417
95.438308,150,6558.228078
78.526237,191.953207,150,65661.595983,69.940339,150,6625958.5649378.0133568.91.39281682.283592.244865,150,6695.826.524845,150,6725.391485
97.342557,150,67733.870494,82.5367882.0719754834.2970695.98269833.357224,150,67818578.159023,150,6843.8735889.717.512685.105976,150,6885.360.606509,150,6905.5623821.717792,150,6935.7529.028616.734777.93.389674,150,6969.885482,81.441845,1595.0182.76394.855114,150,7061.67791.5855.684028,150,7092.351464.41893.298.975886,1809.41195.1677.8124.122182,1487.8573.592.572331,150,7197.985095.702448,85.837865,15059.390.755489.99.293635792.16885.296169,1600.8750399.348175.774186.21683.726861,150,514.422169,1594.101021,150,7770.3575.847854,150,7416.57886.17353.358636.194035,150716.0666953.66691.240277404890.2992745.11591,1508887.26810.4688.992952,150,790.036255.119916,15877.8725485.608101.170771,150,7608.3458.65599.740748.333975,150,7639.6870.57486.204747,150,7671.52760.9490.505.159484,1660.53549.7082.702716,150,7745.03874.91.937629,150,7796.1597961.89851,150,7824.540292.896.89.663225,150,7856.2020693.788.439356,150,7900.5968100.594.53951,150,7931.0422292.83.457179,150,7962.3438668.661869571.349265,150,80196.7783.389383,150,80158082.638531,15096.722183,150,96.548895.22486.567646,157972.45485.367772,150,8110.9081.484688,150826.6392.1666688.174907,150,8170.519861
80.661346,150568.071674,15873.34870.3238579.883561,15086.011704.054862,150,8295.191.53981.51797,150,8325.129471.647171,15091.080073.724485.56110.472075,150,8400.3685.327481.168066,150,8431.7362.574417.041381,150,8462.75.8749298.429494,15084.715688.70183,150,847.317465,1597.52497290.8894.1426940.8093.634697,150,8617.299696
47.72489281.115859,150,865172.574733,150,8680.0977.594143.978769,150,8888.509206,191.090824,150,887.52292.480812.384869.495095,150,8752.076.2399773.329014,150,880163.592229,150,544.762172,1592.907675,89.49535209.76687718.62453598.12261.555472,1582.648219,150,882272.75420681.96432782.109579,150,89877.287298,70.05361279.27585235.03347596.9957586.218371,364.48508453.04698.33057825.87.842309,150,70.601.721973410.276743,150829.162234,150189.285267.341078,150,9221.828.412152,150,686.50638,15709.86468802.190275,150,925460.73184591.506121,150,925791.42166553.842579,150,932283.624758,150,8240.75988,15640.01215554.969531,150,938397.404346726.146002,150,941865.861065108899.303416,150,537.477807,1589.722285,146.3112.60723780603.055452,150,995.79483179.396579,150,956876.434518479.665081,193.841.075394,150,741.066916,1588.164776,188491.220904,15064.982811,150,984.458696,1568.751207,15587.528122,150,97.926801,1501085.624309,9381.932676,15066978.115023,1121.451042,150,981.767155,15484.43947,1580.101.250767,179.107088,1590.471579,1505188.641451,1590.256665,1587492.460465,158064792.217311,90.4113,150,10051.0645567594.339716,150,1875.60229,15087.433202,150,10083.328877,1621.930597,150,466.269191,170.812556,150,10143.371992,178.340804,150,101604.243437,92.352136,150,10281.201547,1498.221967,150,10478.177948,1116.062301,150,10302.874087
95.732818,150,1033717.326503357.201179,150,1038546.59391,786.537644,150,10495.15752,1569.431966,150,10457.393107
561.930028,150,1048621.13223495.73707,150,1051852.8999189.029975,150,10521.166334
61.063213,150,10557.814922
98.836064,150,1058799.20826.61.04324,150,10618.86.5481778.627582,150,10649.188917
627.532649,150,10693.776.8655708.85403,150,10744.483.5007875.844756,150,10774.477796683.589297,150,10804.6811692.62.154689,150,10848.49776.64100.66509,150,10880.289627.2102.183265,150,10909.849831.6838.815459,150,10960.298451
606.410708,150,11002.56390.63175.169396,150,11034.30514758708.228786,150,11065.5630453276.518665,150,11095.69084.0390.245302,150,11127.966.475260.701045,150,11130.222143
135.936686,150,11166.4782.57299.239553,150,11197.936369598.058312,150,11246.35101.26723.701252,150,11275.1574.943449.217386,150,11320.3100.13364.448806,150,11352.26763.9055.21252,150,11382.16307691821.068661,150,11412.7826385.808.138232,150,11475.79.86998468.244573,150,11506646.402898.894476,150,11535.3827323.98.969172,150,11566.1637975541.269395,150,11609.457325679.287586,150,11641.2728.71.91.951917,150,11691.5098283.628.967508,150,11720702.16979619.927179,150,11752745604.57721.665279,150,11754.77869.91100.899415,150,11791.274117
79.15711,150,11823.72951.6383.788145,150,11853.7880.11564.33889,150,11884.9581793.726.088546,150,11928.1587305757.090196,150,11980.2431463.76.276605,150,12008.76398.91515.929205,150,12039.7781.1087.006737,150,12083.228644.6832.661998,150,12114.225821.359.019007,150,12145.0440144.87.232442,150,12195.957542683.618302,150,12238.463424
72.010363,150,12270.2584016624.477439,150,12301.93195.0690.762504,150,12332.59087361525.803014,150,12364.6901183295.544522,150,12366.977169982.790626,150,12401.2115880.757.537606,150,12433.139781
67.501041,150,12483.766234966.978501,150,12513.1314196283.848698,150,12557.56275.897.147565,150,12590.555913
820.686073,150,12620.100428
588.22942,150,12650.3778957749.376379,150,12713.641224794.188586,150,12744.6040.62493.860151,150,12776.3174951841.651485,150,12807.2389291.70.323037,150,12850.0894.139853.681709,150,12901.905183
654.273998,150,12932.837774.869.23143,150,12962.22759.08779.8716,150,12995.381974
73.07444,150,12997.607271
99.403144,150,13033.918588860.247273,150,13066.042644.6883.785495,150,13097.006115
348.374481,150,13126.68064163756.721786,150,13190.403318
357.945032,150,1322882.70876.683.73804,150,1325162.47410293.900588,150,13281.4936465258.783847,150,13325.71473
649.066631,150,13357323.214691.904273,150,13408.800955
706.689755,150,1343880.0826467.956777,150,13482.133117
64.889952,150,13513.1679.316742.710936,150,13543.905139
72.245897,150,13575.999341
716.528023,150,13606.516249
80.223626,150,13608.89.24720345.511073,150,13644.0681168829.47536,150,13694.83.7826274.387263,150,13725.9531498775.451348,150,13756.811.101057.844599,150,13801.317687
687.987121,150,13832.4207596814.614442,150,138693.170133,97.760379,150,13912.964591191.764321,150,1395838.843403751.600369,150,1398872.18343476.095119,150,14018.385641
881.614573,150,14047.489075
137.508598,150,14091.722066
724.70067,150,141703.6312990782.658429,150,14169.938274
54.309812,150,14199.6533642390.332044,150,14233.615047
50.232001,150,14236.018486
650.872691,150,14587.360721,195.210845,150,143104.98758,1883.798936,150,14331.7724917552.920419,150,14361.943899
61.413307,150,14424.304386
823.975559,150,14453.9136045187.755133,150,14701.7404756352.118063,150,14514.951659
792.280043,150,145125.9820071869.886629,150,145728.9929588716.601243,150,14640.998207
832.786763,150,14670.72550.6266.401143,150,14715.2036756723.593566,150,147677.442339856.977808,150,14775.83373.02698.202988,150,14807.3793.876636.188612,150,14839.0887399155.174939,150,14841.296271
77.509602,150,14877.106.8218714.232214,150,198.299289330193.9436,150,14956.3103.687612.045204,150,14987.588.048872.278407,150,1555.59721783776.647211,150,15063.498305
97.466029,150,150666.083.837702.392011,150,15178.394.164821.17959,150,15187.707792
75.652444,150,15219.573299
743.436518,150,152647.382388,808.697536,150,15281.976853
717.432989,150,15326.0314593.74.559385,150,15376.480813
97.459729,150,154795884.9719100.475339,150,15437.44881263565.742648,150,15470.004868
186.237344,150,15472.477956
746.475356,150,15507.40440126699.101419,150,194.675093,15095.65887,15106.770976,15071783.391709,15689.614105,172.5724.940776,150,189.1503399.42721.511048,150,15694.360.9993668.869024,150876.238666738.6873.587577,150,15756.41936
694.32299,150,15800.539511
78.711667,150,15830.343981.677.77876,15876.701403,150,188.387258,150,199.547176,27495.141694,150,187.76243,151732.19683,150,15986.100145
89.654288,150,1540.037142,1583.593655,150,16066.314883.187.243481,150,16658.4183797950.365061,150,16073.276801
71.252223,150,1696.780993,185.286753,150,1611868.186846845.404294,150,16197.551409
96.216157,150,16228.889975
80.314538,150,162786.63389.384.539651,150,163565.40379.4569.564354,150,163787.31134893.312735,150,16387.192346
83.603575,150,16430198.97897.533318,150,16461.68.74465800.373616,150,164917091.119899.655861,150,16524.08350180804.835076,150,16587.791545
88.533183,150,16616.766.432783.339575,150,16649.2118.91565.532715,150,16682.2927572738.259645,150,16714.346361
45.374407,150,16775079.42274452.789823,150,16753663.3276573.006499,150,16783.905907
653.78592,150,1687.3570.28886.157029,150,16867.9792.73769.885326,150,16909.914714
606.572326,150,1686.562695.5287.117149,150,16972.035062
734.376792,150,17003.386992
631.945431,150,17047.2681.20174.259083,150,17094.7829967185.186892,15192.68456322.086673.896292,150,17156.8160.213662.626395,150,17200.545473
867.669005,150,17232.1786.342870.340767,150,17262.804899
128.725588,150,1731486.1680476.564427,150,17318.596243
868.102092,150,1732594.78539389.398886,150,17382.249313
630.975291,150,17410.408898
838.919792,150,17473.848678,71.73480570.921213880.84.09438.473085,150,17518.079178
95.268618,150,17548.500396
877.83107694.522281,150,17596465.208516,150,1762788.495243746.691845,150,1767637.90720673.549753,150,17702732.58219888.423989,150,17733.1366357786.70573.833648,150,91.0238287.181275,150,17826.9277938685.5976829.250493,1577.12955127.989017,150,17885831.2028389.06873.538942,1510853.189885.713677,150,17949.64021
779.250381.832526,15080.0507988.238928,150,17988.632984
44.793336,150,18018795.2063589.830698,150,180517713.326388.956394,150,18101.2811.83894.885549.603151,150558.4482413.029287.478129,150,84.58548.82184175.829698,150,18204145.19585,150,18237.1165.06996.01227,150,18280.81258
61.847468,1603.217133,15796.79.500987,15124.267194,157174.54677,150,18392.83072
777.084463,150,1879.745975,15625.010674,150,18468.0010618836.512237,150,18498.837992
88.396216,150,88.748382,150,86.95363,150,18554.680123
94.565556,150,18556.984546
76.57783,150,18618.685083
63.791678,150,18649.476803
825.613253,150,18680.071782
482.75827,150,18712.170872
715.222839,150,187738.856525735.261439,150,18786.320112886.637788,150,1883690.3507696.279087,150,18867.9254
818.49231,150,18911.93172
93.08605,150,18942.40987
93.782906,150,18973.3274245562.149694,150,19004.02586482816.765608,150,19067.898186
792.794658,150,19098.2703633.796.532953,150,19130.800111
131.604042,150,19160.818759
804.871776,150,19194.144776.972.369295,150,19196.434280.6334.498206,150,19231.348339
59.225563,150,19262.193369
135.569271,150,19291.997313
68.571544,150,19344.4810.54882.912984,150,19386.32795.55831.595152,150,19418.32767.49488.870222,150,19449.10782.38774.731357,150,19481.46656.7593.282671,150,19545.611821.2100.919199,150,19575.28644
774.426879,150,19604.987214
83.877464,150,19637.505394.2849.558708,150,19681.146671
679.624198,150,19712.644437
786.655718,150,19762.849279
520.121071,150,19794.23578511357.687572,150,19798.7436326498.51477,150,19801.074435
637.637327,150,19861.073426
94.365751,150,19889.1800178896.323023,150,19917.619495.7601.656628,150,19945.832819.5823.726812,150,19981.423962
793.799545,150,20024.797977
95.92376,150,20050.911303
72.032344,150,20077.2556758755.96169,150,20120.39738
95.247683,150,20151.4043582.84.85436,150,20182.898834
221.279048,150,20230.951199
96.782445,150,20273.368361
90.783523,150,20304.098064
93.875791,150,20335.3859045790.380609,150,20366.644731
739.867348,150,20399.492654
80.918335,150,20401.835157783.467453,150,20437.951877
79.447412,150,20469.237649
80.305144,150,20519.496512
97.802799,150,20549.284387
74.780964,150,20593.026643
774.8619,150,20625.023649
691.218025,150,20656.283157
82.846242,150,20686.46281
821.198145,150,20747.852665
94.431464,150,20777.744102
99.576562,150,20809.709468
297.430216,150,20840.280797
749.322542,150,20883.128611
45.93247,150,20914.378443
104.423945,150,20967.005839
350.584783,150,20996.060042
84.894765,150,21029.34587
163.547706,150,21031.724911
694.507705,150,21067.038412
710.838173,150,21099.460813
101.355134,150,21131.51062256667.792833,150,21162.1631489271.559807,150,21204.402945
95.286585,150,21256.6186595.77.858596,150,21287.5056880.691.541163,150,21317.558293.9827.375328,150,21360.573238
76.899999,150,21392.26206.93578.907604,150,21423.57572.73783.843152,150,21473.24637.92226.203039,150,21514.522254
82.586112,150,21547.37188.1782.332575,150,21578.6830588.870.666798,150,21609.143773.999.060047,150,21641.5733980.88.688477,150,21643.7758100.75.464469,150,21678.544713
94.58297,150,21710.210221874.064843,150,21761.12520395474.799712,150,21789.23463
375.321895,150,21831.2741789.79.601217,150,21863.6482183.704.285253,150,21895.388131
83.149484,150,21926.481691
95.151246,150,21987.8234787.103.180922,150,22019.443937
876.164006,150,22050.975484.897.503801,150,22082.263604
789.210741,150,22124.5481.957691.96758,150,22155.080461
99.1404,150,22207.8676538.816.142597,150,22238.522196.568.813499,150,22270.3690100.89.609365,150,22272.57871247574.083528,150,22306.8315392.50.411111,150,22338.9452198.67.427097,150,22370.1109179106.591923,150,22401.119125.111.048526,150,22442.91773.7105.474258,150,22496.1082919291.929309,150,22527.718756
878.430985,150,22559.75789.52602.371631,150,22601.10309.65207.271866,150,22631.69796.4770.250226,150,22683.268804.185.203249,150,22715.126876.088.689554,150,22756.919285.877.144766,150,22787.000028
870.532939,150,22818.99875.4484.748098,150,22851.160322
193.472832,150,22880.789103.492.426071,150,22883.139096
653.880985,150,22916.848733.777.656316,150,22948.116.569138.411131,150,23000.812626799.138964,150,23030.72237.37202.773312,150,23073.416564
750.058379,150,23105.402609
92.245836,150,23137.869503
90.312731,150,23188.72115.2884.561384,150,23230.670693
77.375114,150,23262.18543
708.33462,150,23294.890835
333.977412,150,23326.9690577692.770765,150,23368.984881
776.395207,150,23417.237254
651.849011,150,23449.2225102562.628025,150,23480.661455
804.805621,150,23511.6023340175.135537,150,23513.8845216865.636647,150,23547.287991
192.856221,150,23578.564548
76.374457,150,23610.4158567753.874761,150,23642.58071825730.960433,150,23703.448078
186.999056,150,23734.300055769.518607,150,23766.62846
90.272267,150,23799.25995
92.19089,150,23840.992274
101.913086,150,23872.059769
112.582091,150,23922.477781
105.417618,150,23952.287223
739.287542,150,23994.9913727897.015095,150,24025.971653
80.562017,150,24058.733308
84.911704,150,24090.323897
462.76525,150,24121.624444
402.298413,150,24124.37595
708.867768,150,24157.044986
95.487987,150,24208.864942
790.951978,150,24240.2760938638.847776,150,24272.714335
435.570478,150,24313.0602999169.612024,150,24344.866276280.513685,150,24376.871745176.134578,150,24428.2713613644.192766,150,24467.25162
374.383675,150,24499.5246474880.157893,150,24530.6512891717.781367,150,24563.1727714673.829218,150,24605.7919459468.193557,150,24655.374576
79.776981,150,24685.936457
610.561587,150,24717.61197779659.823426,150,24751.525054
104.046589,150,24754.32887886810.366349,150,24786.7786175695.431915,150,24818.985656.778.755607,150,24851.48172184100.452741,150,24883.67688.8493.946523,150,24943.976778
640.261017,150,24973.20910548776.114831,150,25005.4637495.739.60019,150,25037.498385
880.49662,150,25079.7891.186674.445282,150,25109.35576376225.187374,150,25162.455139
74.106226,150,2519398.043676689.440985,150,25236.579293
92.359921,150,25266.432407
801.695511,150,25297.4670778063.399988,150,25329.014168
93.702477,150,25354.3782778.716.396913,150,25372.066514,185.852679,150,25399.0058267983.10282,150,25448.1242468499.589738,150,25478.6804
634.240739,150,25510.764.432591.46019,150,25551.979775
765.628258,150,25583.497753
83.956222,150,25614.242579
494.842201,150,25666.695622
830.349338,150,25708.190458
53.345022,150,25739.764477
651.904672,150,25770.9101.02896.094601,150,25803.097958
129.808474,150,25864.581433
75.106211,150,25894.658544
74.492145,150,25926.020232
223.720308,150,25957.5499.355311.570626,150,25990.493.323776.668632,150,25992.602414
296.354718,150,26026.855261
596.661646,150,26056.135293
207.15894,150,26087.500264
788.684778,150,26118.290657
100.950532,150,26180686.46806510.306268,150,26210.900771
726.390176,150,26242.5963117683.005713,150,26275.4229069143.340421,150,26319.0892946782.164029,150,26367.622093689.686362,150,26398.192726891.367038,150,264613.742632,885.195885,150,264830.0512225811.767097,150,26505.208766
83.143463,150,26535.241731
189.972577,150,265457.8583,1998.211709,150,26762.472429,156.893534,150,26593.4171618748.73154,150,26655.48156
696.269491,150,26685.7587757816.302748,150,267621.48095,7476.523448,150,26364.3754979476.669335,150,267853.94338544.726069,150,26820631.7541195.685599,150,26870.587674
69.468743,150,26901.413786
83.516745,150,26946.81322.6989.136415,150,26976.415762
889.688488,150,27008.031872
95.036273,150,27039.369701
867.399403,150,27102.54863.15815.427203,150,27131.6423656839.320259,150,27163.0357567997.789338,150,27194.77.56715848.614007,150,27227.444773
90.577568,150,27229.988805978.630261,150,2726668.94474093.347798,150,27295.61596364693.447767,150,27327.15621897647.800888,150,27376.473155
77.98539,150,27419.933726
90.571912,150,27448.774049
95.947614,150,27479.2341.303798.877135,150,27511.506723
731.84004,150,27554.898283
807.281522,150,27604.705.8270100.545299,150,27633.2115246641.921317,150,27663783.86093884.385005,150,27709.1049889714.375445,150,27740871.5540991.982947,150,27770.418284.8542.194022,150,27820.87895.79527.619354,150,27823.9362479674.787618,150,27826.97.64.7278.121028,150,27891.529.680.772.859524,150,27920.94.3712.678.64592,150,27951.863.187.79.520588,150,27982.5217175484.261564,150,28027.655795.3703.286477,150,280586.16576.399.52363,150,28108.75005199706.153658,150,28138.01521689725.770769,150,28183.400268.5636.462164,150,28214.181102
95.01903,150,28244.526762
95.207155,150,28276.94577463848.827355,150,28341.835.122184.426985,150,28370.727873.890.783317,150,28399.856332
78.656181,150,28431.389095996.468231,150,28463.3840248980.630747,150,28465.6971984.681.978506,150,28502.4926462776.096859,150,28532.767061
795.103206,150,28563.097411793.587186,150,28614.665995
682.498288,150,28658.4078866277.535947,150,28689.378994.171.892421,150,28717.015266779.122451,150,28748.612684
360.690521,150,28791.9102779605.569811,150,28843.256834
875.80568,150,28870.709023
90.612712,150,28902.11388489664.677334,150,28946.051807.3772.551088,150,28978.292583
789.006836,150,29027.033709.180.008703,150,29056.12688.17737.330679,150,29060.026978
267.803523,150,29062.281.002484.845828,150,2912694.79910681.872281,150,29160.33716.56410.861491,150,29189.734484
87.330131,150,29221617.06533881.408219,150,29266111.89074885.228418,150,2929765.988389103.865681,150,2934495.88374889.183054,150,2937844.407987467.50512,150,29422.355091
803.423573,150,29454750.45063536.333006,150,29482843.9930393.987623,150,29531.17689.4074.725821,150,29575.654796
95.88565,150,29607.93605.34760.452977,150,29639.26501
55.722257,150,29669.47271.04555.616936,150,29702.313770.590.846272,150,29704.58491.67523.845977,150,29740.975731
85.132265,150,29773.140033
817.298064,150,2982174773.222669.296574,150,29851764.02827689.270858,150,2989137.484679702.116639,150,2992771.27908689.335021,150,29958.153269
81.737803,150,2998993.453785571.349979,150,30052880.4764,462.462461,150,30083.916322
822.127341,150,30114.465699
204.200321,15712.891501,150,9554.623997,1582275.794819,150698.913927,15100.107272,150,3728.995096,15210.923329,150,3691.808399,1597791.95889694.90.12158,150885.960681,150,104.734919,150,30335.796153
650.986502,103.548991,150,303348.571283,766.678863,150,304602.291999461.926762,150,73.776.576649,150,30463.89047
497.088796,107.15385.834251,96.849569,150,3056803.49141690.880379,15091.38494.189657794.761493,15583.132136,1509568.544097,150255.432124,1554636.481818,150,30694.058343
91.011597,150,30725.50157
100.932303,150,30773888.08338786.010505,150,83.598633,183101.847017,150745.163773,865.88.011237,150,63.743386,197.82.492583,150,188.5249329.64102.168824,150,30942.426996.774.573805,150,30944.730928
791.045914,150,30981.150899
77.751718,15088.6666,15099.0717.785319,150,31062.31659.42796.94841,150,31091.232691.9357.6139500.900539,150,3793.5615.9429176.413114,150,31169102.58891219.203383,150,3699.64.83053,150,31229.5196949891.472857,1129.430666,15738.107.245345,193.47641,15098.12555.112982,150,31356.4858.058477.932322,150,31387.421.0760154.066882,150,31429.96.55980800.518692.383766,15799.5296779.0435796.599451,1782.0975407.23410706.745256,150,31545677.581933,150,31575.740.7856411.898292,150,31577.590255
597.547686,150,31614.22794
885.047113,150,31646.865.305392.78684.256955,150,31680.0659.324483,150,31708.502021
91.563694.51669,150,31755.3654.103529.076787,150,31805.9781.748141.112027,150,31836.376.812225,150,31865.20637.4883.224573.089684,150,3190.02646.17576.470408,150,31941.8384.92393.239012,150,31973.9889.714148,150,32020.953069
96.491292.023524,150,32065.572.483738.260529,150,32096.8862.293531,150,32126.40427
806.040416,150,32155.420101.8854.98820.915402,150,32188.2184.338354.656388,150,3279.78494.836691,150,32224.854078
53.472.316762,150,32258.539803.4814.728158,150,323749.1101.698074,150,32336.182.536799.69529.941774,150,32382.5584.04979.985875,150,32592.43430.18352.488949,150,32446.3803.273618,150,32472.88641.69576.01753.997026,150,32539.6286.647546.90182,150,32571.84525.2090.180285,150,326328.73776.245941,150,32630.950459
500.171.886133,150,3276.6801622.1225.337806,150,32728.747780.3100.591481,150,32759.72610.5271.153759,150,32788.275105.6655.969626,150,32821.767355.395.202191,150,32824.3594793.725927,150,32857.952192
790.442021,150,32624.52822968440.693514,150,32853.720896,198.576336,150,329779.3467538280.580406,150,330316.062826781.609545,150,3304277.67605191.745728,150,33076778.87727806.9444,150,33109.1805.869565.004102,150,33152.788885.83393.632136,150,33181.8051658298.472106,150,33232.94.257691.295684,150,33264.1539.5105374.521876,150,33306.792.0538697.94803,150,33336.593735
82.182464,150,33369.5138.84087.742061,150,33402.159894
364.652206,150,33430.980987
74.51325,150,33433.185656704.719808,150,33471.8837.3289680.39612,150,33519.565.8750499.842662,150,33550.586.36827.437175,150,33582.92680.1792.304216,150,33627.29274.138202.799436,150,33657250.15842632.366943,150,336883.1893631851.904732,150,33736.84779
846.377843,150,33780.360867
673.120174,150,338642.944232264.046474,150,33842.709604
82.505817,150,33874.953938
393.537634,150,339235.3877,15212.58475,150,33967.329905808.323386,150,856.431526,1582875.857042,15093.883961,15739.131353,150,34057.233548
99.984018,150,34059.772025
27.752158,150,34095.285603
232.708.143591,150,34128.566895.834281,150,34158.523003
786.866213,150,34650.016082,188771.827703,150,87.918231,159393.675761,150,835.900187,199634.405546,150,795.038256,806793.826613,150,84.248029,176.762967,150,343135.658151,217.564.629059,15072.295622,164.3803.446175,15784.488477,98.728847,150,345098.22402,1572.35144.444231,150,34546.4699.84477,150,3481.047568,15653.81433,150,34447.296489,1808.574584,150,34636.808822
792.7999.284546,238.179630.6498.57105.102452,150,34666.88310.13790.59924463.173214,150774.093575,150,34755.9776061.190.182291,150,34784.748.6117763.9833.586055123.160955,15096.823137,150,68.874725,150,881.905735,15076.349046,150,3358.487017,150,34922.539648
735.93.252911,150,34974.9167168582.338933,150,35017.95525387543.513639,150,35048.16319694670.9998379.063797,150,350769607.573782,150,35111.0052993.467548,150,35152.096834
872.037176,64.886593,150,352683.137996,760.015891,150,35278.626.8705790.8804.463599,1151.699.385185,150,35299.392255.889.265859,150,35301.8574417.39.288182,150,35337.96148880.311443,674.898624,150,3533589.50023459.833955,150,3539728.812016,150,35428.992773789.039567,101.40644,150,354969.614736,150,35523.644371
766.15515363.673228,150,35554805.85844701.031161,150,3558658.609725,150,35629.281585
691.130760.463678,150,35660.1496.824270.259718,150,35710.4374.62678.538756,150,35742.88830.7741.445416,150,35785.412.20753,150,35818.365705
77.111.640913,1649.127656,15739.124034,150,728.135644,15099.658701,150,35900.861213
74.35168,150,35903.116081
85.440606,150,35946.214203
558.350764,150,35997.223048
89.246336,150,36026.941585
790.5291432.517034,150,36058.84.836198.703619,150,36100.178.844297,150,36134.42437
103.484378261.58312,150,36182787.87061231.18790.2232365.30708.196871,150,36257.077747
90.557853,150,36288.983179
421.046669854.452839,150,3631501.819327,150,36350.530202
69.05393.552551,150,36412.60637.75882.5576.544377,150,364875.1521514.511168,150,36472.860.468.755143,150,36504.6272254.98.584466,150,36537.1703276.99.821831,150,36539.4352171285.93393,150,36575.04459
800.543082,150,36607.042268
705.37637,150,36637.299489
792.54800.494881,150,36686.5584.4946,150,367870.640297,67834.51657.126196,150,36761.2192.571271.235437,150,36791.6797.236644574.432118,150,3689817.769907,150,36868.30661290.982864,150,36917.800369
230.77505210564.35615,150,3699567.273862,150,36980.389355693.103725,150,37022.593779
733.710874,150,37054.189697
79.761894,150,37085.0605164286.178321,150,37134.120921899.103206,150,37138.04833
592.939752,150,37140.4923819800.2368574.993712,150,37206689.064057,150,37233.481619683.0813688.036227,150,37263290.352689,150,37296.191387
690.543069,150,37340.196297
782.037281.535511,722.73798,386.582704,150,37420.635981
542.904155,150,37449.46853
5488.9613499.865245,150,3749765.40442180.131975,150,3752761588.097442,150,37556.9757587474.329796.681811,150,375867756.530241,150,37649.934489691.071455,150,37679.922124
400.314295,150,37712.515793
748.761254,150,37743.279091652.805216,150,37776.082829
558.853789,150,37778.38346777.0056749.5519621.178017,15854.78465379.424749,150,37844673.89543556.137812,150,37886704.973513,150,37926.9273589.884.522996,150,37968.8739657.257994,150,38001.64346
534.7823.949719,150,38031.338755.3689.571255,150,38060.686796.5685.269284,150,38105.25478.7682.423775,150,38153.917199.779073,150,38184.946256
656.792036,150,38215.540244
68393.548692.458956,150,3825898.652664,150,38291.145005
774.263094.418378,150,38317.750.40014,150,38372.484914
610.56319,150,38376.211246
67.011469,150,38378.55328
583.60284.29771.34945,150,3888.76321681.752461,150,3846794.411320.830107,150,38502.269.850719.96718.760177,150,388.383872,150,38578.685073
101.626291.248484,150,38608.7571.763804.781.635849,150,386763.04649,161.392149,150,38690.67327662.70783,150,38731.787.4052821.091815,150,38763.695.932694,747.969346,150,38794.7592.96.007833,150,38825.173.2413737.273585,150,38886.843.58129,150,38917.826699
491.98003690.747741,150,3894727.711.8235.494234,150,3897891.1784.5695.693447,150,3901191.835577,79.928784,150,3901140.793.6561.025053,150,39048755.637921,150,39080.627901
87.26476,150,39111.555526
725.93383759.872934,150,3916291.6778.8790.565705,150,392077.008541799.941186,150,3923640.305985802.84171,150,39267780.414013,150,39299.078691
86.4324,150,39362.587049
658.631971,150,39393.140605
844.863063867.791167,150,3942782.515487862778.959671,150,3886.4098192.635927,150,39497.292.344757,150,39530.595336
709.4522185.914396,150,39577.97.442906,150,39611.107916
626.380997.625682,150,39614.996.435888.605246,150,39617.6303.370804.748953,150,39681.093.692674.905341,150,39711.0725.78397.292028,150,39743.25842.977744,150856.195561,150,580.413303,150,39819.946147
84174130.2344574.916167,150,3321.1408.697716,150,39900.9367561.796.339917,150,39932.7614999.451.892667,150,39976.747606.690819,150,40007.039982155621.266238,150,40036.2528699.357164,150,40088.607556
68596.748019,150,40128.82818785760.875104,150,40162.6286797.81828.56624,150,40193.884491.935246,150,40223.61188
4204488.821658,150,40256.36985.3105.722327,150,40258.926874.569.114556,150,40294.6819860.795.98737,150,40324.474694.19653.865276,150,40375.7698.9583.488194,150,40405.724656.8689.551117,150,40449.6491.394162.885.146939,150,404502.124807.780.063343,150,40890.738599,150,40541.49776
477.13115.67408,150,40607.149129.6639.962794,150,40635.856239.85.036182,150,40665.3156387.808.469078,150,40697.301372.489.195601,150,40740.81299.2489.89.840869,150,40770.61871813.025435,150,40819.58710.73720.277266,150,40850.00764.3788.885945,150,40882.3788.51951867.276975,150,4088580.43438597.613535,150,4092559.33662.553.646944,150,409807.388777,15857.956905,150,4683.8816705.441257,150,41011.775.4604635.15315,150,41055.699.740.51275612.024725,150,489.2706.01895.782348,150,4193.507102.8889.101865,150,41765.03860.70788.748765,150,41763.08806566.531072,150,412492.097894,150,777.761755,15077.866674.642046,150,41319.7875.67595.6683.948509,150,413671.734495,799.897953,150,413558.40109721.730495,150,41427640.752853,712.159183,150,41481.25222492884.533329,150,41103.171.470.779886,150,41495.86.8197880.873.504063,150,41864.137197,1815.520966,150,4161.97.610.66242.048089,150,4461790633.577224,667.996015,1430.25756.037922,150,41686.318696.871793,72.402628,150,4610.60296.455802.450567,150,4784.05136.248606.172395,150,4402.28654,150,41839.331558
851.64702.628888,150,41870.45124.74643.324447,150,41902.09806.525678,15100.370309,150,467687885.9551783.331821,150,86.638106.705299,150,42010.4604.601795.09556315.404772,1795.1795210.373699.933184,150812.584104,150,494.368146,150309.581860.41812,150,42126.185.10927,150,42600.62038,1575.06381585.382118,150,4219092.00565,788.265755,150,422719.651105393.39597604.028241321.090049710.7877770.500126,739.692305142.0670427.49526,1653.179573294.67211603.161918533.21209111.791067,150,42408725.70091748.539800.936702,15503.86778685.00495.087719,15565.50652293.32081.728138,150784.15738683.39700261.420888,76.31389788.501578,150,426078.703375,1865.913464,150,42754.760869668.59743.58517,150283.906929,95.9147.855635,150378.336788708.807574,150,427394.009248,91.470.250358,150,652.701387721.89.695441,150,475.631348,572.166.332,150,4268.529004,150,42849.023129
80.966081,15815.39062,150,4274.88463,150,545.077811,15073.618073,150,75.432783,150,731.044372,150,488.063798,15091.193738,1507993.660851,15095.239233,1538.92876,150,4315.650165,15724.1795.940849,699.504769,15799.242646,150,4700.550158,150,43174.279672
734.658346,150,4388.603899,15836.710852,1193.071281,150,4780.747841,1587.687.547005,1661.225114,1499.592.350599,1585.551415,150,43649.236338,1880.455771,150,43364.562441
90.988694,38.768256,150,434074.562654,78.3316797.16658,1651.936411,150,4783.772377,15459.371778836.8525289.935413,789.869219667.465353,150,435681.41579,150,4650.876979,1597.426262,15186.638646,150,4774.189746,1578.87487.40983,748.316783,150,436634.125364,95.782045,150805.151317,1565782.856872,15695.179803,150,497.981864,15087.54.364355,15891.938788,15592.838782,150,640.218693,150,43442.396617,1624.951263,150,436649.798178,728.918318,1619.67458.566124,234.328489,1804.006135,150,43678.383628,190.695696,1584.36762.814616,100.610401,150,440123.366297,660.987321,150,440686.974086,150,44424.612116,193.570523,194.445823,150,441722.63981,191.277528,150,441645.687423,812.69787.978542,1693.11546811.996012,150,44225693.6367697.392666.760565,150834.9428101.895131,150,44320.96.60615100.796782,150,44350100.425763,150,889.452877,150260.6353584.41736,150,44411.722.1548480.049281,150,44457.739.096926,150,44505338.1591716.94226100.045178,150,44536184.32602756.2956275.080524,378.527693536.679452,150,4460285.65299167.418128,150,4460594.31571771.16831.795411,15099.49451895.905765.274103,15253.37723695.079569.370875,1578.389893625.703222,150,447390.910118,150,4684.348535,1599.002988,1870.017606,150,44175.640457,150,44853.937973
884.280135,90.285184,150,4488660.012034,150,499.881369,150224.9208142.07857.41820.54073683.0651850.5693666.384.51349771.5208821.350771.682094,150172.8594510.157119,150,45087.692.4386320.075887,150,45119630.80850793.10781.829899,150772.38126818.502735,150,4517784.592688838.016484,150,452088.328201,280.2014191.5077479.825808,18730.961675.50568550.073608,17713.673809,150,490.786751,150424.909329,150,697.218274,746.039316,150,45385.897368,150,454734.69988,1556.748661,19682.205226,150,4792.80242585.686241,150,4546475.226073100.230795.12599,1555.996338,805739.601795,150,555.462064,61.97.442883,150,4616.3114,150,86.719.53205,1857.227297,61.78398.288859,1679.050426,80.4549.996702,150822.142964184.28641.402001,1569.543947,150,4605.68487,15090.672252,97.7141.970324,150272.360856657.4141801.668.05562.854683,92.462419,150,4583469.014376836.198.794884,150,269.801265797.791.547181,150,693.461213,150,778.569966,150630.336257,150,45967.24527
84.019404245.102032,15233.92336.74739,704627.341989,150,668.296357,150868.31916,150,4749.90066,150645.573562,150,799.567484,150588.507145,150,736.440394.909467.0742,150,4694.5596637.23658,150,46270.2826.233259,150,46245.5551.499576.48823,150,46325.009751
780.906237,150,46357.203961
788.3680.7960581.440041,150,499.693242,150791.4597.531154593.19834.6588253.639167,150,196.2193.8210985.891979,150,496.3235.025081.537826,150,785.245516.130802.039479,15092.31244644.36184.763302,150825.84285,150,46600.798.6165105.506224,150,783.27374273.7128.650798,150,46676.366797.9576.4054411.911671,150,4814.081.4883994.724919,1571.4789.792.689265,150738.20257,150,4882.762951,150,46831.504256
731.52374.866721736.907297,15120.0898.9430102.71225,1568440.719870.86347,150,46953.42391.9783.009912,199.832143,1581.05642.5717,150,47014.197.119.808.861592,150,47044.156386.8557.7386718.567106,150,73.573374,150,47080435.702895.956761.69528,150,4638.79394.339689,150,47148.1753.01882.2653102.731732,150,47178.841.1290654.7252464.02663.79738.900343,150,47271.785.4633880.66170392.529828.607751,15871.345415,150,657.262135,150309.984122,150,749.017956,150763.0232460.971451,150,47409239.8143819.1543556.101.57558806.130478.081545760.668398,527.988234,150,725.367622,15098.665519,150,481.882536,15534.92180675.277604,150,4759591.614818878.55296.768728,1579.172274,150,47798.751296,1628.411675,150,47568.830315,1258.543067,92.924021,150,4768783.91445869.491557,150711.61804.3679485.37888.434403,150,867.314898,15078.576195,150,4684.236475.533873,150,47835.3691.634822.849859,150,47878.9870.34173.37364.397061,150,47669.1788.096725.173411,150,712.619866.2292.144463,150,4684.41104,150705.5979299.836150.411493,150,4806100743.745813.944437.468377.223887,150,93.003717,15066.898891,150,488.518147,15704.222022,150,4451.4858.299077,150,48223.24692.236952,150748.97488.95551526.445323,150,48285.648289
882.335181,150730.146898,150,38741.649202,195.321656,150,479496.983974,150,48355.706807836.133795,15688.672541,150,4661.133681,150,495.167864.407301.638573,1533.250887794.645405.154428,1713.427979,150,487737.776171,697.377297,150,482659.231817,150,48573.60864680.732444,15523.618839,150,4653687.659854,150,48645740.98713.472305,1291.852413,150,4879798.23146761.888036,150,48729613.075779,150,48757686.37588654.8159619.208827,150,48807771.10963,150,48832.2207297808.748919,150,48884.661655316.356471,682.138561,150,4895629.919261,150,489747.058059496.55694358.36119,150,489238563.678682,150,48986.7342.46589.94488321.900015,150,4901981.313679144.059648,150,49058835.69163775.29498,150,49082526.24656882.418888,150,491246839.622596.233298,150,49157.8778.337392,150,49207.894247825.881492,150,49236.491799
812.67646.564772,150,49282.80550.8578.129012,150,49314.172754.365477,150,49344.860947
58.80753.331514,150,49394.8266.659849.628364,788.483717,539.498799.833790.671024,150,83.5865408.434078,150,49501.606522.731186,11093.560969,15730.99716.964947,150,49562.983.338430.031562.205965,150,438.54681.9846771.620701,15052.355538,150,49753.886165,194.656488735.988734,150,496858.157661,97.266666,150,4971122.87000274.56977492.878467,90.245734,150,4978784.728258810.31078661.712953,150,49820762.3784.221596,150,49847.357872.286144,150,4990785.273664676.196884.86995,150,49941.2164.4767.196639,150,49970.574748.7182.965106,150,50003.4578.605498,150,5004557.049429673.059658.317482,150,50079.283.235963,150,5046.662744,15635.84599.740362522.269284,15735.751847,150,50187.370971
71.2888.650043,150,50188.29991.81978.551172,1599.328324,330.6768652.891077,150,50259.61.703.598.054035,150,50291661.9305781.662615,150,50319.501677.744062,15087.233302,15104836.148771,15590.664913,1591.49180.76832,150,50446.14415.98869.31195,150,50472.31999.114.390196,199.101983,15064.176.412162,150,50550.6046205.660.178621,150,50580.557101.377446,150,50629.633967
779.5770.549769,150,50671.310531.897.202882,150,50702.568886.6799.015502,150,50736.110737.128641,150,50766.61478
88.7496.862522,150,50798.70770075.632721,150,5068.380587,727.890448,150,5083.754548,156116.599.274161,150,50868.54569.85756.843581,150,50918.24882.4750.461325,150,50945.889477.785.480441,150,50990.1194660.622.25645,150,51020.01822882775.112451,1601.126505,156710865.4013,150,51082.342358751.880625,150,788.249876,15587.509779,150,5662.938924,1565514.203313,150,51204.17196875633.332397,150,51235.005631490.750377,150,659.169435,186755.183276,150,51309.139099853.77568,150,5778.496412,158101581.947816,150,51388.108694.502385,150,51421.826721
629796.277396,150,51425.898456.897467,150,51459.137572
62.76761.361005,16210.286556142.76873.49466,113569.117642598878.38363,150,754.918649,86381.80.08961,150,51598.6056633.350.033797,1675.566124,1559674.698815,150297.738742,171.13652.738961,150,51711.2168.716.954082,150,51793.9685800.680634.119213,150,51784.113.926021,150,51814.665241
885.237874,150,51866.657.4170890.412134,150,51909.191405
685.60572.927117,150,51941.67756.09644.88432,150,51973.76772.30476.395613,150,52004.411884.096241,150,52792.052102,7198.194604,150,82.853466,1790.57604.851569,150,52072.06743.531407,150,52103.633003
730.39943,150,52156.749328
75.675393,150,52184.597861
96.07907563.22855,150,52227.77677.603.235772,150,52261.881.1349702.511443,150,52292.72.5735.650.00433,150,52323.771.2625551.746522,150,523617890.9845581.488784,150,52417.807.755581,150,52447.794543
637.933074.632205,150,52480.3789787.830.352051,150,52523.9161.222803.501013,150,52575.272.5838828.92325711.214148,1349.696923,150,52635.5249618767.171459,150,5282.241638.8199.382497.500816,150,5267179610.274748,150,52705.72247877468.059076,150,5787.14875399674.020635,150,52767.5660982366.51798.100018,150,52801.93880.44871.986647,181.9445182.677571,150,52892.105875.479054.968196.773357,150,5292577680.25191.144373,150,5295750654.557731.294254,150,5300850.521975603.59141525.992730670779.710755.3991492.545927,516.635082,150,53110.828703
58.824.761.760667,150,53155.765.9660755.080942,150,53187.40287.897355,150,5666.019902,541.000568.668853,81.078424,181721.770.578809,150,53279.84588.8587.918787,150,53282.099100.370317,150,5709.501921,9891.99808.245515,150,533665886.168208,150,53387.570891,9713.796282.439739,150,53427721.78679696.826092,150,5347192.234889663.477026,150,53505870.735744.2856,150,53533.671717.4845.58363,150,53582.607791.9675.665796,150,53625.364238.411641,150,53655.2031135700.444897,150,53818.002482,3633.90.91724,150,53718.5672770.233.1762.7304373.961803,1723.013346,150,53813.082189
8832.536012,150,5791.886672,1159356.760726,150,53875.7397494.827589,150,53883.687093,186.98092862.410457,150,5390879.697.0696.565759,150,53943843.831.136244,150,53976.5805798883.405131,150,54008.09254703.69.001653,781.103359,150,75086.593647,1671.804803,150,51877.4982,150,54131.4793218868.282533,150888.794007,532767.645092,150,54197.002517
8760.703817,15094.975634,1506488.724443,150751.425533,150833.655394,150,54321.541512
598.324445,150,54350.97569
92.92302590.830918,150,54390792.677364,150,54425.511838
81294.52250.722553,150,544548323.001619,150,54486.09993977783.284478,150,54518.5908472.99.493869,150,54520.91206630669.819793,150,54555.2538373.512132102.8420523.788563,93.518715,150,5463681.430204669.89.75486,150,54663.07143471142.145729,150,641.055815841.461.614737,150,54737.992795.788.115311,150,54770.1997626.587.059372,150,54819.783091.9964,192.641074,1263.18539.8487.900993,150,54894.1895.498764.45311,150,54926.64654.40678.603547,150,54955.8878.57390.92316,150,54998.88494.669415,1569.561527,15084.757.41656.83264,150,55080465.649.950745.921858,150,551588779.1886.260797,150,55143.4577.1370.197.985443,150,55152608.2631.05285.485731,150,786847.083296,150,55210.440464
720.671.854483,150,55242.8174656.8180768.636572,150,55271.81.905742.1227,150,55336.656791130.225465,150,55369.15180451778.943592,150,55397686.82120582.036133,150,5542721.308584.120136,150,55472.208235797.838259,150,55504.6646.64365869.576758,150,55553.68491884.892169,150,55583.059245710.279335,150,55627.87867139328.233671,150,55658.449456705878.365609,150,55691.91136
236.618655,150,557485.122565,610.274058,150,557768.67866,985.595618,150,55748.07360188756.642259,150,55791.64837102.49205,150,55841.718.4013155759.956689,150,55874.3564476785.693482,150,55905.2129672798.97752,150,55949.8771747871.956378,150,55981878.21547704.403687,150,56032.4778519793.29789,150,56063.1460237407.420029,150,56107.69004260492.483883,150,56138.22962654.787635,15701.415469,668.0399875.918413,150,56200.70097998583.79613,150,56262.67625997169.651577,150,56294.23068271867.459874,150,56325.46785.97782.474175,150,56356.65493.048936,150,56386.637545
66.7587.277797,150,56391.669574.868.470137,150,56426.521081.519618,150,56456.250377
775.695.160949,150,56487.3914731286.810829,150,56538.59372874980.207303,150,56583.02243301594.303587,150,56613.64572480.367967,1704.890495,150,807742.14049,1888.685596,150,56700.614106,150,56718.55598177658.949375,150,56768.366245535.080747,150,56799.1474697377.329657,150,56830.2712767597.528968,150,56874.60903680612.361932,150,56906.7695547499.009387,150,56936.99287594796.228496,150,56987.581146100.372166,150,56989.7984095612.98362,150,56992.420945
24424.427141,150,57055.1728157497.563937,150,57084.93495396829.395965,150,57117.1434368394.650681,150,57147.1428598297.406462,150,57190.54697191594.534667,150,57220.68773704.3212,150,57269.950065
70.595556,150,57299.389693
874886.684676,150,57344.435767775.428841,150,57375.00839821825.558.179457,150,57406.4686739.853.51195,150,57438.2391.762.708272,150,57498.4376500.794.725553,150,57529.479447.42543.224989,150,57562.4197.011777.470461,150,57594.6796.97791.617725,1711.240052,100.5692.973877,150,57628.88609.6122.192188,150,57661.38497.9899.221038,150,57693.111343.3788.931827,150,57725.17796.88396.197143,150,57775.1485.427717.177488,150,57817.2276.29842.172111,150,57846.8887.9890721.608651,150,57880.709.0878817.285591,150,57911.88.18567534.53337,150,57955.820.2719.835513,150,58003.273783.2720.100642,150,58033.759158.2732.200123,150,58065.83881.6184.830254,150,58109.91763.803.833.10196,150,58141.5813.642848.019025,150,58172.2686.044747.174128,150,58224.484725.300887,150,58226.5250291.850462,150,58228.209588
582851.481328,150,58292.1068324364.966589,150,58321.46075578246.2818.919632,150,58355.360788.096.657799,150,58387.377777.382.263171,150,58431.52187.28756.807638,150,58461.16786.38776.966399,150,58512.56777.18629.880395,1799.887851101.802769,150,58585.258143751.818701.0912,150,58617.732102.086513,150,58647.230577
587.269.917045,150,58679.8853186.33897,150,58741.411302
8369.055845,150,58771.388211309.273.04092,150,58804.4242963.591531,150,58833.818263
647146.721088,150,58869.11828376222.214224,150,58871.30808103802.473075,150,58905.12217142691.413994,150,58936.9483199.732.37373,150,58966.95511865.006066,150,59021.2973246199.885776,150,59062.32331973745.668219,150,59094.07251499635.622,150,59124.871506
803.639835,150,59154.592012
730.649554,150,59216.0675.1089.232709,150,59246.857548
9816.039356,150,59278.65894678794.978677,150,5111.159636,848.812488,150,59353.095532
9587.351812,150,59383.1016677579.105682,150,59435.806.098776.885211,150,59464.726796
1619.735276,150,59470.91390816390.600682,150,59471.502218720.742488,150,59533.066843
715.564525,150,59563.284566556.909231,150,5874.69532,150986.42818,150,5745811.646282109.220721,150,59672.878795
840.822001,150,59722.18897659719.465681,150,5878.9982687727.060804,150,597555.290089834.368259,150,59898.316028,181302.925649,150,59858.0554725.88.626758,150,59886.6825484.595.767886,150,59940.563179.77.209589,150,59983.60979741.139587,150,60012.484795
87667.05624,150,600832.042978.08101.112993,150,60077.5283.805.631781,150,60108.6056872.319197,150,60111.582862
683.005118.821302,150,76.403992.530985,150,60174.9756.012840.658568,150,60227.670.348754.7777.740935,150,60260.2184.195621.584,150,855.07375497.193.552231,150,60327.5956717.158573,150,60355.527489
8434.569096,150,60386.37493111.434243,150,60440.73.511647873.515198,150,60467.462793195.939853,150,60499.538017
93.428778,150,671859.704129,1850.184143,150,60576.0623297688.888934,150,689.105658,157708.521722,150,60658.1747458169.403758,150,841.450091,1994.321864,150,60720.260894
273.574816,150,6760.97311,150740.15877.695933,150,60755.7604715.067991,150,60788.4806971686.170084,150,60819.5386997.216941,150,60852.219248778.757115,150,60895.254712
871.301725,150,60943.337219789852.683094,150,60972.44436748.892769,150,61007.000503
633.946253,150,6726.5454988675.751.916067,1552.044409,1588.727007,150,6184.063483,1588.5874.74011,150,61161.8064722.313683,150,61661.37552573466.801924,150,61794.34263481.242101,150,61266808.40504799.470862,150,61298.962953
814.899364,150,61331.467548
866.098782,150,61333.75596658.993579,150,61368.820.338074.892681,150,61397.6745.56999.251148,150,61447.5234.900433581.011735,150,61478.89486130102.747159,150,61524.1627276863.750131,150,61552.3932879598.585498,150,61584.2394.803.524906,150,61614.6249446.86331.220141,150,61681.7419810992.900911,150,61709.745027717.166364,150,61739.813556
627.102997,150,61771.066137
730568.752989,150,61815.69528418838.115361,150,61843.6735.1101.157723,150,61897.431491874.585537,150,61929.432835193.609532,150,690.101227,15090.665678,150,61963.028077
6839.636413,150602.554379,15086.494781,150,62027.731662
806.889754,150,62060.684814633.876089,150,62091.218689
59633.351066,150,62137.46735639745.508717,150,62187.657186478.855745,150,62219.049997188.439161,15287.829388,150,824.264118,150,62296.438079
882.935613,150,62324.802572
806.498361,793.442516,150,623588.748806,150,62396.38574
640.629142,150,62430.936925
80.924573,100.733299,150,624432.239547,150,62488.823286624.989145,150,62520.8289157877.191347,1619.323204,150,90.102606,150,546.580677,1577194.803623,150,62589.68014879875.065266,150,62618.223748503.730904,150,62669.594643836.739.588794,150,62702.960991.662.272897,150,62747.06086.4814.482719,1683.855368,1607.4497.620704,150,62810.01765.800489,150,846.806206,150102.241331,150,62902.553087
373.8875.11919,150,62932.730348.61885.15197,150,62965.844079
66.1710.068574,150,62965.391692624.809255,150,62964.921934
5.677193,150,62963.178719
