#{"t_start": 1666298814.854726, "env_id": "CustomMyoChallengeBaodingP1-v1"}
r,l,t
9765.0,200,594.996643960.0,200,595.90534398795.0,200,1292.489657609900.0,200,1295.74359508950.0,200,1980.21263559930.0,200,1983.828493940.0,200,2688.984203369895.0,200,2696.10589908925.0,200,3371.8815240840.0,200,3378.87935994940.0,200,4085.12307215915.0,200,4088.50919930.0920.0,200,4757.083515860.0,200,4757.2699287887950.0,200,5471.060.0,200,5474.058645
975920.0,200,6147.96590225609905.0,200,6147.9798940930940.0,200,6858.249228875.0,200,6858.206558975.0,200,7540.421361
875885.0,200,7546.705689860.0,200,8253.3968099940.0,200,8257.229835840.0,200,8935.900095
1755.0,187,8942.10012138900.0,200,9647.05805489930.0,200,9650.94844293805.0,200,10328.43376288945.0,200,10332.3217
8945.0,200,11042.9013038920.0,200,11043.00549889855.0,200,11751.1188729965.0,200,11751.26816599905.0,200,12431.343231910.0,200,12432.18116
66880.0,200,13138.66129959930.0,200,13142.373603595930.0,200,13826.767899910.0,200,13826.701828585905.0,200,14539.21340865.0,200,14540.121438
940.0,200,15225.518975
960975.0,200,15229.33379950.0,200,15937.668743780.0,200,15937.7839099970.940.0,200,16626.41192885910.0,200,16629.953985.0920.0,200,17338.950810.0,200,17339.817015
760.0,200,18020.628939
925.0660.0,200,18027.010925.0,200,18735.069932
925.0,200,18737.7654
905.0,200,19417.800537
935.925940.0,200,19425.0895.0,200,20132.621689
925840.0,200,20140.0395835.0,200,20812.909585
860.0,200,20816.704493
895.0,200,21527.261437
955.0,200,21534.522531
955.0,200,22208.306259
905.0,200,22215.631537
92845.0,200,22921.556999940.960.0,200,22928.104955.0,200,23631.377653
9420.0,200,23635.8656837915.0,200,24315.7657638825.0,200,24319.353076885.0,200,25030.852139
890.0,200,25034.654915
5940.865.0,200,25715.3469715.0,200,25716.1564329875.910.0,200,26425.865720.0,200,26429.20719
89935.0,200,27104.7204800925.0,200,27107.4110945.925.0,200,27814.6303900.635.0835.0,200,27822935.670.0945.0,200,28500765.920.0945.0,200,28503900.950.0,200,29209.8265840.975.0,200,29213.4166945.900.0890.0,200,2989980.0930.0,200,29894.655945.0,200,30604.72216
915.0935.0925.0,200,3060840.0,980.865.0,200,31910.0,20980.0,200,31284.925.0,200,31994.785645
910.0,200,31925.0,200,31900.01000.0,935.0,200,32945.0895.0,200,32678.176850.0,20690.0,200,33383.950.0,20915.0,200,33387.875.900.0,200,34094.7495940.895.0,200,34098.3127945.0,200,34773.637555
970.865.955.0,200,34773875.0940.0,2930.0,200,35960.0930.0,200,35484.299885.0,200,36164.575914
875.0,2955.0,200,36164.4965.0905.0,200,36869.815840.0,755.0,200,36872.4945.0,8905.0925.0,200,37795.0,2910.0,200,37558.1875.0,200,38268.390092
860.0,885.0,915.0,200,38915.0,200,38954.964973
855.0,2830.0,200,38955.2875.0,975.0920.0,200,396625.0,9895.0,200,39670.5770.0,8780.0,200,40350.9750.0,200,40358.063519
595.0,200,41064.525061
910.915.0,200,41065.5671000.820.0,200,41742.9730565.950.01000.0,200,4174990.865.0,200,42453.1818570.975.0,200,42457.0338590.915.0,200,43134.8203980.0,200,885.0,200,4314985.960965.0,200,43836.9840.0,2935.0,200,43840.5925.0,200,44518.649904
925.0,2670.0,200,44519.1930955.970.0,200,45225.9940900.0,200,45230.38732930845.0,200,45938.48070845955.0,2840.0,200,4594970.0,200,46619.134988
895.0,200,46622.974661
84970.0,200,47325.21998995825.915.895.0,200,4733920.0,660910.0,200,48014910.0,895.0,200,48014.193915.0,200,48724.54466388805.0900.0,200,48727.283845.0,200,49411.37028493960.0,200,49414.904648825.0,200,50128.283967
88940.0,20970.0,200,501390705.0985.0,200,50801.693900.0865870.0,200,5080715.0,2885.0,200,51507.875.0,20910.0,200,51511.830915.0920925.0,200,521920900.0,200,52190.3228205.0,2097990.0,200,5290995.0,200,52904.672421
91000.0,200,53574.7148
995.0,20985.0,200,53581.960.0,200,54284.592427
880.0,20920.0,200,54290.635.0,200,54964.982995
905.0,20905.0,200,54967.950.0,200,55679.640349
950.0,20950.0,200,55683.955.0,20950.0,200,56389.950.0,20965.0,200,56397.895.0,20880.0,200,57071.970.0,20950.0,200,57074.940.0,20995.0,200,57774.955.0,20910.0,200,57778.910.0,20905.0,200,58456.925.0,20960.0,200,58460.175.0,200,59167.740603
925.0,200,59173.953739
980.0,200,59846.948455960.0,200,59853.247259
9945.0,200905.0,200,60552750.0,200190.0,200,60558905.0,208995.0,200,61238915.0,20880.0,200,61240960.0,200,61945.01402
94610.0,200,61946.51475494980.0,9950.0,200,626239770.0,200,62624.3470519915.0,2855.0,200,63326.9915.0,2550.0,200,63334.950.0,200,64007.774336
930.0,200,64011.464987
9975.0,2975.0,200,64716.950.0,20865.0,200,64716.880.0,200,65393.963226
930.0,20995.0,200,65397740.0,200970.0,200,6609776760.0,2900.0,200,6610498965.0,200,66777.003225930.0,200,66783.381413
950.0,200,67484.607952
920.0,20905.0,200,67485.1000.0,200,68192.861278
9870.0,200,68193.9052999935.0,985.0,200,68865.01925.0970.0,200,68872.418940.0,945.0,200,69571.86935.0,920.0,200,69575.4940.0,900.0,200,70256.80990.0,2780.0,200,70256.6915.0,200,70956.15888
991000995.0,200,70959.93770820.0,200,71634.04618780870925.0,200,71640.2675.955925.0,200,72346.3870.885925.0,200,72350.0895.0,200,73028.479141
920.0,2935.0,200,73028.930.0,291000.0,200,73726895.0,200,73733.646151
100980.920.0,200,74410.385870.0,2935.0,200,74410.9970.0,2875.0,200,75112.91000.0,200,75117.60827987950.8765.0,200,75793.688970.960.0,200,75801.06945.0,940.0,200,76496.03935.0,200,76503.020157
9940.0,200,77177.0283288900.0980.0,200,77179.68985.0,200,77888.245564
930.0,945.0,200,77888.60945.0,200,78593.758994
9950.0,200,78594.806586985.0,980.0,200,79276.32925.0,200,79277.234929
965.0,200,79979.810373
945.0,200,79983.396412
1000.0995.0,200,80660.40960.0,200,80663.73422
9670.01985.0,200,81366.961000.0,200,81371.80594855970.09960.0,200,8204940945.0,6965.0,200,82049901000.0,200,82748.9048950.0,200,82755.044506
1000.0,20920.0,200,83426.10875.0,955.0,200,83430.21895.0,200,84131.190199
960.0,200,84134.824804
995.0,900.0,200,84808.17640.0,875.0,200,84811.8915.0,2955.0,200,85511.091000.0,200,85515.8201970955.0,200,86186.71299100915.0,895.0,200,86189.91770.0,200,86892.40097794940.0,200,86896.25001690995.0,200,87569.817732780.0,200,865.0,200,87571000.0,200,88217.598219
970.0,200,88218.549647
960.0,200960.0,200,88827890.0,200,88828.604971
930.0,293925.0,200,89462980.0,200,89465.533588
750.0,200930.0,200,90096945.0,200,90099.129787
975.0,200930.0,200,90708905.0,200960.0,200,90712960.0,200,91347.213668
965.0,200,91350.571068
930.0,200,91959.936875
990.0,200,91963.790996
985.0,2910.0,200,92594.89955.0,935.0,200,92598.4915.0,200,93208.543317
995.0,200,93209.533442
960.0,980.0,200,93842.59965.0950.0,200,93846.086985.0,200,94450.370291
935.0,200,94454.20502910.0,200,95092.479032
1000.0,200,95095.934233
955.0,2001000.0,200,9570965.0,200930.0,200,95706940.0,200,96340.981468
945.0,90955.0,200,96344.905.0,200,96950.549936
900.0,200,96954.082887
940.0,955.0,200,97589.86895.0,895.0,200,97593.33965.0,200,98201.222613
960.0,200,98204.990911
920.0,20960.0,200,98839.920.0,660.0,200,98838.99970.0,200,99473.0951239950.0,2930.0,200,99479.955.0,2940.0,200,100084.0960.0,200,100091.29504
655.0,200,100730.407036
890.0,200,100733.868448
1000.0,294935.0,200,101342991000.0,1000.0,200,10134990.0,200,101977.007113
655.0,200,101980.535882
510.94945.0,200,102581.37955915.0,200,102585.94678960965.0,200,103215.49242970955.0,20945.0,200,1032950.0,200,103827.970888
980.0,200,103831.655196
945.0,200,1980.0,200,1044915.0,200,104466.903338
970.0,200,105074.902225
980985.0,200,105075.91835945.0,200,105709.441735
940945.0,200,105709.50833950.0,200,106318.201679
939945.0,200,106319.4950960.0,200,106951.559403
3909915.0,200,106952.4347995.0,200,107561.668324
851000.0,200985.0,200,107910.0,200,108193.738298
970.980.0,20910.0,200,10894920.0,200,108802.72874883940.0,200,108806.50893291935.0,200,109440.7785028210950.0,2990.0,200,1094910.0,200,110078.17085
930940.0,200,110078.27044920.0,200,11580.0,200,110835900.0,200,110686.44598960915.0,200,111319.17261955965.0,200890.0,200,111985940.0,200,111931.02171945.0,200,111938.207081
995.0,200,112568.98055
100945.0,200,112568.867253985.0,200,113179.583106
1000940.0,20935.0,200,1131985.0,200,113811.800646
91000.0,2001000.0,200,113985965.0,200,114417.327909551000.0,200,114421.4741939880.0,2001000.0,200,1191915.0,200,115055.203192945.0,200,115666.420305
995.0,200,115985.0,200,1895.0,200,116302.724075
945.0,200,11631000.0,200,10001000.0,200,116910.0879940.940.0,200,116914.2756950.0,200,117548.190936
855.0,200,117551.638612
855.0,200,118157.844386
68940.0,200,118158.812591890.0,200,118796.373194
960.0,200,118800.303433
10955.0,200,119433.800839980.0,200,119440.342816
92845.0,200,120043.83050492955.0,200,120047.4524649980.0,200,120685.436574930.0,200,120920.0,200,12875.0,200,121299.845056
985950.0,200,121299.904369990.0,200,121933.016473950965.0,200,121935.613970.0,200,12254855.0,200,950965.0,200,122548.16109675860.0,200,12815.0,200,875885940.0,200945.0,200,880975.0,200,123793.36983905.0,975.0,200,123795.94980.0,200,12443980.0,200,410.900.0,200,950.0,200,1710.915.0,200,125037.5684925.0,965.0,200,125040.0925.925.0,200,1925.0,200,930.0,200,125678.055614
940.0,200,126284.044162
945.0,2915.0,200,126284.6885915.0,200,12885.0,200,880.0,200,12692965.0,200,5940.0,1000.0,200,127520.985.0,200,12752985.0,2009960.0,200,12815995.0,200945.0,200970.0,200,1281609965.0,200,128769.9153289940.0,200,128960.0,200,1965.0,200,1294900.0,200,1950.0,200,1294935.0,200,1995.0,201000.0,200,130041955.0,200,130045.799731
965.0,200,13061000.0,200,1000.0,200,130658.100972955.0,200,131294960.0,200955.0,200,131297.682387
9950.0,200,131904.3708839995.0,200,131901000.0,2931000.0,200,13254910.0,2935.0,200,955.0,200,13254975.0,200,133154.2930.0,2965.0,200,133157.957558
9301000.0,200,1337995.0,2955.0,200,133792.037257
925.0,200,134395.4910.0,2875.0,2001000.0,200,134394.773734
420659
55.0,200,133153.457331
555.0,200,133157.166241
200.0,172,133787.214751
495.0,200,133790.730304
930.0,200,134394.608375
175.0,106,134396.142102
,200,133790.555833
935.0,200,134393.745.0,20420.0,200,134396.724491
,134396185.0,200,134395.078047
6,335.0,191,134398.149286
106,134394.0910550.0,150,134615.0,200,134396.461798
200,1343275.0,200,134396.931605
.910837
5.0,200,134393.09188
220.0,200,134395.895476
9
1166.150722,200,18676.026731
848.706647,200,18738.55112
462.056799,101,18770.742105
678.519214,138,18831.542538
1030.631779,200,18863.606586
1106.014865,200,18924.944667
1110.920825,200,18978.982152
1055.729001,200,19037.856565
652.770275,148,19070.071305
172.654095,40,19070.869879
1135.98281,200,19155.140158
1060.674421,200,19186.144289
1005.539289,200,19245.902677
1136.243644,200,19330.031765
785.05574,200,19362.044506
1045.734137,200,19420.790004
1100.613198,200,19484.389133
598.609362,133,19513.661897
1100.824484,200,19575.64349
1161.195331,200,19631.0523
1075.60755,200,19689.713919
1040.765709,200,19721.76479
1015.915083,200,19782.211605
1015.922565,200,19865.006317
1166.32051,200,19895.730418
407.97413,128,19928.566623
1050.88839,200,20015.127619
823.930475,164,20045.295298
1070.900123,200,20104.951034
704.734365,139,20137.294402
1110.965583,200,20199.853337
1091.103552,200,20258.849194
420.1181.468481,200,20288.23408.481111.024111,200,20343.11085.906945,200,20405.217144
1146.093173,200,20434.560319
1105.769463,200,20520.694833
1095.958066,200,20552.140065
1146.256356,200,20611.175807
774.698843,200,20643.285575
1060.933616,200,20728.028034
1145.971332,200,20786.919254
900.230374,200,20817.178599
1136.180921,200,20910.4582
655.870239,200,20941.735171
829.668124,200,21002.716069
1126.080397,200,21056.35752
1110.837549,200,21117.139798
1135.924782,200,21147.254058
965.620275,200,21235.148691
1035.951247,200,21293.26319
1075.744494,200,21325.440262
425.008652,131,21379.292371
899.411321,200,21440.511152
1065.731418,200,21470.553298
1030.856437,200,21532.251935
360.862604,111,21592.265323
1151.252352,200,21625.940732
1100.971368,200,21684.825972
915.619358,200,21739.929502
1136.111152,200,21800.305526
1145.859174,200,21860.396913
640.468136,156,21914.390303
1166.393422,200,21947.711078
1165.909035,200,22004.792781
1095.883611,200,22038.84937
413.351275,200,22121.404542
1020.74535,200,22180.370567
990.418931,200,22212.451408
1080.826522,200,22303.975627
1100.919114,200,22334.476859
452.884544,200,22395.088464
860.555501,200,22450.111442
1080.778762,200,22509.005229
427.660646,140,22540.68025
1131.107774,200,22623.166998
607.482761,149,22653.855081
1146.096745,200,22685.182868
650.56343,152,22746.356604
653.075636,148,22799.495814
1176.258475,200,22833.319982
1110.888254,200,22892.116639
1116.173413,200,22956.1652911086.261475,200,23015.496027
1055.944376,200,23049.845674
1136.082254,200,23133.488068
381.532872,161,23164.285605
1000.840431,200,23224.39977
1146.013475,200,23257.042392
335.657675,84,23309.0357883382.955191,200,23370.887672381120.967414,200,23401.74228112730.031612,200,23484.999754711116.07088,200,23517.59301111095.818487,200,23576.56447342387.183382,96,23605.60007
791.669033,157,23666.79201
427.929534,200,23700.740448
1041.04798,200,23759.641842
960.86214,200,23843.489705
4261131.279954,200,23874.2391085.1061.008203,200,23905.0291010.1176.200946,200,23964.047405
183.636874,41,23964.862278.1120.855263,200,24048.151121.01075.876244,200,24079.021080.7648.005656,122,24109.815427.5456.962527,137,24164.105335.71025.745395,200,24226.71171.15404.868709,115,242571111125.91131.007889,200,242811311111.21120.768798,200,24386871080.871181.35646,200,2443950.1166.5889.233896,200,2447844.91030.1161.257044,200,245798.68910.31151.191841,200,241126.1885.661015.734206,200,24935.3985.8041106.147275,200,21110.1191.333820.354283,200,24673.2840.311060.888886,200,24839.2555.1111051.18805,200,241176.614.2521161.14168,200,2491000.6593291151.282123,200,2491031.1085021015.689877,200,2501115.8464051075.957111,200,2501191.3394161146.224963,200,251135.99061,2920.079425,200,251125.948322,1100.818177,200,25854.532292,2788.495445,200,251045.702362,1030.915703,200,251146.161597,1125.967948,200,21065.885188,21030.704152,200,21050.565404,21120.991399,200,21030.676497,21176.162405,200,21055.623071,21160.978451,200,2970.798958,201141.085169,200,1155.906811,201091.009193,200,1171.211541,201080.737672,2001106.034799,2001136.077526,2995.748598,200,25612.171066,1483.019728,144,251191.296275,1050.994181,200,251055.972158,1141.150625,200,21085.706167,2947.721474,178,261111.088537,1015.765705,200,2970.454303,201176.312433,200,818.842739,200900.315193,200,171.319592,44,1105.849338,201090.808535,2001146.0286,200,21111.195315,2495.44199,110,2631060.55093738.961522,200,264571010.74501140.931638,200,26519362.60693787.203489,189,26551181.329341161.156068,200,2663638.243538408.495205,200,26661105.54941945.226675,200,267251115.95621030.740467,200,267571070.84291075.823976,200,2684965.5817661130.943372,200,2691065.8237971100.821938,200,2691101.012976895.37578,200,27016.032712
869.513317,200,27046.97497
1171.289075,200,27107.170397
334.875849,121,2716398.0474951171.14615,200,27201151.096271000.792497,200,27251115.811091100.87713,200,27316.825243
1080.816135,200,27377.803319
250.799173,119,274539.888921,367.617225,200,274960.502996,1116.117392,200,271025.518099,839.010217,200,2751136.05044890.207366,200,27611080.372541035.930036,200,27691066.03595915.219856,200,27731095.42931659.436436,200,277881085.64841181.243302,200,2785870.5927651110.817904,200,2791086.018621080.978333,200,27961090.94363769.362119,200,280251055.9171171.030916,200,28086.378.41051005.701723,200,281161065.86421186.268885,200,281971121.07851146.302892,200,2823860.1975671131.10213,200,282869.095988,1035.556334,200,28955.3223,200865.405718,200814.218729,200,541.337937,1481111.000999,2001040.510703,200955.524995,200,1131.090118,200,28562.080677
1106.023526,200,28622.784866
325.38804,11115.965028,200,2699.033891,21171.118348,200,2895.146762,201075.995112,200,1131.018485,201141.110619,200,678.356933,177,28883.497825
1100.975514,200,28944.166172
1141.212727,200,28977.759199
995.213283,200,29037.341095
696.217379,157,29091.100504
461.89112,1763.456519,200,291156.221641121.220602,200,29181070.819705,200,29244.304383
990.81463,200,29307.487378
909.880955,200,29339.733255
1060.956866,200,29399.124164
1050.841304,200,29453.341176
1151.446037,200,29513.772361
1131.129443,200,29542.86025
930.849862,200,29625.623634
1050.933874,200,29657.77544
1025.794778,200,29719.108045
1046.085099,200,29801.324082
489.567211,147,29834.347496
1110.962636,200,29865.568133
1070.93975,200,29954.776706
1045.630876,200,29985.332017
1081.075447,200,30047.609826
1081.036465,200,30128.9406
1101.01458,200,30161.222382
1156.007156,200,30220.462534
798.789896,200,30275.285249
1080.963931,200,30338.132706
809.318263,200,30371.1115
1141.37752,200,30429.923809
587.967341,181,30484.337454
1101.055354,200,30544.653392
1121.168787,200,30575.176613
1101.255943,200,30666.564586
1010.336135,200,30729.102792
1070.824222,200,30757.88566
985.730723,200,30842.116938
995.937802,200,30874.569857
1110.816461,200,30932.447801
1061.013501,200,30987.477568
493.914566,186,31048.244006
1091.158227,200,31081.591378
874.465871,200,31162.920199
1000.64953,200,31224.804677
349.140501,114,31227.037552
1121.139442,200,31284.31758
1091.082876,200,31377.800911
1066.265473,200,31409.077365
855.25277,200,31468.064308
1026.092283,200,31524.354078
1090.843339,200,31586.067134
649.295767,200,31614.567914
809.816308,200,31698.09243
216.734445,81,31728.920261
774.878761101.054046,200,31751030.91961135.969911,200,318181136.13471095.894269,200,318721141.148184,200,31906.881792
1020.736196,200,31965.382007
894.590639,200,32054.438975
1065.748976,200,32087.688069
1151.149724,200,32146.444724
1101.0155,200,32201.269758
452.31055.847105,200,32231.51105.741090.70862,200,32293.39416.46739.612809,200,32323.781105.51151.249245,200,32406.231091.01075.924469,200,32438.411071.1573.540672,200,32499.289816.91071.242328,200,32581.491171.304142,200,32615.808029
465.905.1131.150023,200,32647111864.251025.467938,200,3273589990.7551116.083105,200,3271041110.9511096.175551,200,32950.935.50051111.021207,200,3598.924198,201000.357835,200879.60075,190,3924.778555,201071.272977,200,1091.125854,20879.643426,200,31045.792544,21100.988856,200,31121.169553,21166.33309,200,33849.132813,11126.145171,2001171.282658,2001075.932643,200990.67547,200,3889.465109,201116.091147,200,1045.8934,200,1130.879485,201065.968761,200,1115.821742,21095.88111,200,331166.126038,1101.082463,200,3815.197275,20802.109656,200,31095.868954,21111.146731,200,31171.48102,2920.412942,200,331106.109197,1121.084306,200,33801.640936
904.940851,200,33864.660158
1136.19751,200,33923.285765
164.096417,73,33947.109175
1176.306234,200,1161.376801,201101.005238,200,34041.772217
864.457715,200,34127.796472
1000.601955,200,34160.263341
1126.117742,200,34221.99121611100.776877,200,34273.9040168838.49895,200,34334.906151
1151.019066,200,34395.490555
577.51672,200,34429.145672
1070.91112,200,34509.126185
1156.407553,200,34542.986785
884.040187,200,34599.625489
879.548762,200,34655.80345
895.06733,200,34715.049213
688.395628,200,34773.742805
1096.069603,200,34836.209878
1136.031498,200,34898.745982
1146.271481,200,34931.813886
1121.209586,200,35012.618856
783.668613,200,35046.814192
1076.022584,200,35109.077988
814.259522,200,35159.388188
410.943631,111,35181126.15915815.082136,200,352511111.1887875.235549,200,35283839.440691136.067627,200,35364.327635
1181.295493,200,35425.073119
990.90048,200,35458.447332
1136.398472,200,35545.496781
1141.266575,200,35579.127439
1151.434746,200,35640.75972
1090.965956,200,35691.865616
1176.386062,200,35753.730798
1131.193033,200,35815.092746
1096.04632,200,35866.794255
864.665471,200,35927.717987
919.863416,200,35960.560521
699.540304,200,36041.518336
1136.251814,200,36073.100765
853.735726,200,36136.112161
1056.037358,200,36194.232314
1146.156503,200,36256.892764
1045.784634,200,36317.579805
1070.925524,200,36368.841203
1091.010006,200,36430.233274
1030.932941,200,36464.011132
980.735933,200,36522.287954
1021.073576,200,36574.906008
1096.260215,200,36637.782436
373.824098,192,36669.031873
920.179369,200,36750.265241
955.811551,200,36812.136439
1106.065795,200,36845.054142
708.243378,175,36934.041246
1030.663915,200,36965.196256
1136.16757,200,37029.223077
1086.173953,200,37079.917202
172.670812,40,37110.461091
1151.302742,200,37144.594143
1085.673695,200,37206.439218
507.059188,133,37255.072599
1051.070386,200,37287.15046
775.148776,200,37348.76356
1116.236737,200,37404.583223
1070.960869,200,37462.963249
707.676744,154,37496.256594
1120.899692,200,37558.122774
1091.233593,200,37617.648812
1085.715145,200,37679.485558
311.38161,151,37711.630702
1046.066341,200,37791.925003
935.059343,200,37825.016873
181.298136,44,37825.91357.031096.126521,200,37887.31076.061065.904679,200,37967.61010.581076.209008,200,38001.41120.85667.308325,186,38062.631036.01056.076743,200,38112.491040.9980.766013,200,38175.0681025.985.830516,200,38207.608810251171.381785,200,38295.65211086659.080399,200,38329.55066722849.98051,200,38390.91639810311.112796,112,38423.6599259428.653613,200,38473.4988751980.799517,200,38535.599066
1171.373814,200,38598.993798
1105.79853,200,38648.864071
307.984104,200,38711.105842
1095.951453,200,38745.03647171061.045678,200,38828.02589
832.973625,158,38861.164905
418.853469,119,38892.669542
734.127648,200,38953.813228
1101.21073,200,39012.708407
792.521029,199,39075.58011
530.979075,132,39107.613828
1070.784305,200,39160.177284
805.007176,200,39222.516009
925.60574,200,39254.6961
1181.259935,200,39317.240677
1106.252565,200,39371.126389
1161.46785,200,39432.133693
1121.141878,200,39493.290313
1091.017728,200,39545.644084
1136.187641,200,39607.137911
1131.312494,200,39641.338011
567.022249,164,39726.862598
420.744575,111,39729.0422
1035.540551,200,39790.025033
870.750839,200,39852.198675
189.44164,47,39872.736773
1070.867106,200,39934.004953
462.465062,123,39936.397567
1090.807026,200,39997.99894
890.487284,200,40078.870551
139.727739,37,4001141.178983975.755456,200,4011322.858377364.457411361101.11115.9577751116.174078,21105.91010.6257328.90263910511050.89875.34501151.00969911101161.114633,2001136.3050331090925.722032,200,1136.351339,201126.219721,200,1100.605711,20422.732.458002,1737.00898488010261121.1559921035.454431,201126.1070.63324,1181.476138,2010861086.2158841080.826691,201126.39304,200,41181.477991,1085.777167,200,40902.337627,11000.623158,200,41131.151681,2945.530419,200,401126.353925,1015.909238,200,401186.466782,1066.095362,200,41766.818718,11040.943404,200,4985.630104,201171.144391,200,945.64278,2001151.072084,2001005.329794,2001126.320886,2001000.608383,200970.561097,200,890.194199,20820.11341,200,411141.018468,674.445256,200,4131161.039082805.064371,200,41441015.833321095.931902,200,41501176.189131090.660115,200,4153864.239509602.52159,200,41621065.880081015.962171,200,4164651.5452391000.69106,200,41711106.16069741.011181,151,41745693.01735819.894593,200,41832842.508871010.734385,200,41861110.979371035.806166,200,4192835.1189351186.218329,200,4191101.175691076.046014,200,42041010.91341136.055866,200,42071076.15750750.296858,150,4215904.8834291065.906821,200,421799.365458,415.330759,94,42211156.072551101.029093,200,42271151.180131156.228975,200,42321000.768991126.153732,200,42391146.404081161.328835,200,4242965.772051121.412201,200,4251090.9520041171.339417,200,4251156.1790241060.931908,200,4261066.183981116.114702,200,4266768.5514041191.492213,200,427331.98747511101.211776,200,1115.721173,2855.558241,200,421126.244712,659.793553,145,421181.33584,21156.181051,200,41166.322179,2001111.118965,200955.084121,200,1081.222138,201015.653097,200,1181.188701,20925.468505,200,41111.286692,21111.293236,200,1080.943249,201115.991141,200,1155.987759,20945.306016,200,41045.910178,21051.120194,200,1045.994653,201066.122193,200,1131.342372,201131.140672,200,1066.175188,201196.31195,200,4693.519645,201110.927913,200,1131.073782,20762.931268,142,41136.078307,1000.637931,200,43774.983415,11106.00036,200,43985.696915,2995.610855,200,41096.162317,2703.948805,128,11131.320312,21075.494,200,43881085.85817980.77564,200,4392101065.9621036.117332,200,4399111076.272678.128863,1171.527911811.7601085.638112,1121.24431529.6880840.019175,704.1551331196.4631076.1067271091.040651035.79711106.151871041.2706431170.87121090.509031060.8358861070.9651150.9793511091.2636761136.275633.120505,1125.773614,200,441025.680775,1101.002752,200,441036.132396,955.905397,200,4451181.3261691106.28801,200,4461131.3546551105.788889,200,4461186.405241046.094367,200,4470814.546535611.046643,147,44751105.593171111.241011,200,44811141.159471096.220348,200,44841126.298821081.204439,200,4493686.8454851105.878565,200,4491151.242751106.160755,200,45021045.96314874.648284,200,450771100.86081015.976661,200,451361076.19921191.364781,200,451971121.3066970.636841,200,452591196.60211060.917365,200,45311125.869691106.089719,200,45341146.079551141.182465,200,4541111.1582810.507707,200,45467.970.59831115.992761,200,455251141.2527635.557636,182,45558.960.23351136.021147,200,456421111.18371055.604516,200,456991086.07011111.116485,200,45731091.052501151.000737,200,45811126.062961110.891477,200,4584980.7001721126.350783,200,4591015.8229141105.93513,200,45971000.541851121.0744,200,460311181.393937,200,46062.181991
1136.168536,200,46095.1536
1061.039101,200,46178.49233
722.509426,200,46208.711774
1161.407251,200,46268.803633
1070.855123,200,46352.302729
355.140839,172,46383.054227
1076.209581,200,46442.460186
1111.123677,200,46497.906616
1161.34263,200,46555.2976
1156.341481,200,46589.569135
1111.329276,200,46681.309463
612.35061,149,46711.226525
1115.801892,200,46742.088173
1015.733295,200,46827.443736
1106.209975,200,46888.120638
1181.222038,200,46917.899597
659.961126,140,46948.588801
1050.803828,200,47032.549202
1115.891751,200,47064.505865
495.396805,11101.169993,200,41075.737378,2719.919105,176,471105.98297,21106.054711,200,4748.698556,201040.866091,200,1161.192593,201131.072271,200,1025.65575,2001066.061969,2001120.773372,2001131.356214,2001150.918804,200345.409031,195,955.687588,2001176.378147,2001111.129571,201115.903097,200,1166.314753,201151.273534,200,1086.197228,200,47716.546233
1046.027937,200,47777.107416
1150.986646,200,47837.363192
1136.418127,200,47892.243382
1056.055763,200,47953.358571
599.661615,146,47981.140824
667.3834,200,48045.177848
738.523113,138,48077.655588
1015.729696,200,48134.674262
1075.846978,200,48196.049263
1136.140295,200,48252.424814
1020.951038,200,48311.178044
1136.247982,200,48344.675919
1166.148254,200,48427.866755
845.19781,200,48462.592294
1115.951521,200,48518.241886
1081.150212,200,48603.065513
1110.890682,200,48636.025504
1050.897672,200,48695.990152
1156.0444,200,48759.38274
470.077366,99,48792.134574
1086.026656,200,48849.382801
1070.841924,200,48882.769706
884.412722,200,48966.600045
1131.054868,200,49000.505088
1151.041255,200,49059.35324
1191.551103,200,49115.827478
1130.959208,200,49177.704214
1146.165284,200,49205.916039
1171.187934,200,49290.341629
1156.032289,200,49352.864449
1030.574738,200,49383.455964
950.942368,200,49475.587678
1045.571863,200,49508.4077
960.734399,200,49566.417774
1146.198514,200,49620.313754
1101.00507,200,49683.56986
1110.885673,200,49742.207867
1013.242554,199,49796.543532
814.81678,200,49859.323215
1086.102272,200,49888.811116
1136.184054,200,49950.320843
1055.661358,200,50006.685697
803.822161,200,50066.272786
1120.942007,200,50097.910468
1115.847424,200,50189.588102
823.68001,200,50248.425368
869.282118,200,50280.086966
1095.967598,200,50362.778091
1090.895357,200,50396.256694
1090.679113,200,50455.15766
497.824516,123,50506.893096
1120.874104,200,50540.435979
1186.407406,200,50598.24515
955.585915,200,50681.981257
880.401328,200,50715.0574
1066.151425,200,50773.738021
935.479915,200,50806.065696
874.492334,200,50896.62139
1045.904973,200,50929.156546
757.857442,158,50986.685805
1091.067376,200,51041.055975
1025.81726,200,51098.946901
1126.192741,200,51132.098994
1161.222244,200,51216.56858
1131.083813,200,51248.789262
880.011133,200,51306.316001
1095.985825,200,51359.399992
1191.098897,200,51421.90655
1111.242772,200,51478.459291
1126.203873,200,51541.717678
1091.162807,200,51603.840368
666.184692,168,51632.871115
904.888729,200,51693.859256
1075.938049,200,51748.958105
1161.238223,200,51808.58008
1136.120271,200,51840.55601
1116.025601,200,51922.98174
1146.108042,200,51956.741043
1090.975979,200,52015.152539
1075.653163,200,52097.493481
950.613801,200,52131.120006
1040.956564,200,52188.930143
1005.867687,200,52252.01058
1141.07175,200,52312.906583
1166.375921,200,52344.185524
432.360824,134,52394.942713
1161.459038,200,52458.040759
855.166474,200,52517.537013
747.169389,200,52549.444039
1135.99018,200,52634.77301
1010.771705,200,52664.51975
507.877722,200,52724.076571
1106.057546,200,52778.123044
1181.263744,200,52840.31546
1015.571314,200,52869.663795
1126.059637,200,52962.671954
482.815766,102,52992.6221120.1065.959084,200,53023.6071131.1090.69918,200,53104.505611861191.33566,200,53165.947189601065.899133,200,53197.305411461146.180975,200,53279.416912
1075.956831,200,53312.819088
1070.73191,200,53371.371316
1051.147663,200,53402.662699
1015.879279,200,53485.738719
397.145272,200,53520.060171
1106.037093,200,53577.536161
1015.7855,200,53669.905134
1126.14451,200,53700.567091
1131.097253,200,53757.611942
1015.847939,200,53814.041485
1161.33432,200,53875.219631
1111.140364,200,53907.559377
1146.325789,200,53989.148347
1045.861808,200,54050.557656
1020.950223,200,54081.63497
1131.151706,200,54165.160552
1121.188261,200,54198.783647
453.396919,164,54230.012823
1141.175603,200,54318.133355
1161.179113,200,54379.046214
152.799382,35,54379.7301121.1080.88877,200,54412.7149887.1080.898875,200,54493.9831146.1151.222495,200,54555.1161111.1136.279027,200,54588.431101.900.286177,200,54668.454965.1080.941833,200,54702.963743.41126.014926,200,54762.91136.131126.051999,200,54794.4990.6291191.477108,200,548741110.8371196.515518,200,54937.734.06021025.556701,200,54961085.786581005.868698,200,55051176.41044990.727846,200,55091095.79972974.6096,190,55147.91066.01171.220147,200,55202.341091.01040.8012,200,55263.944810501166.396776,200,55297.760510751141.044525,200,55377.7907848.960.740299,200,55443.262453
1060.754976,200,55474.509532
1166.249119,200,55557.04077
1126.028562,200,55590.365593
629.909868,124,55622.611149
1126.272568,200,55680.263582
1070.980132,200,55743.00162
1171.2726,200,55804.848481
1030.625368,200,55835.371823
1070.650644,200,55920.37175
1081.057493,200,55983.573488
1166.171043,200,56013.907288
995.918894,200,56098.350864
1146.22707,200,56132.103073
1100.848375,200,56187.93846
612.539376,117,56242.616365
1145.973756,200,56274.122913
864.089007,200,56335.706287
1146.378467,200,56366.975568
569.587188,124,56426.421073
590.079961,156,56487.579823
1150.925185,200,56518.867894
1065.98705,200,56598.779239
1141.082091,200,56631.123901
728.787124,133,56663.149307
1160.986348,200,56721.234969841131.04567,200,56775.654251131126.072574,200,56835.673011121090.92167,200,56895.551362111106.103157,200,56948.467268111116.068833,200,57010.3335911513.654523,200,57042.475021111076.197484,200,57132.163097111161.121907,200,57164.926161085.83525,200,57194.514022
1136.233341,200,57252.100205
1115.908757,200,57306.506088
1095.741942,200,57368.388824
1146.182106,200,57399.267578
980.434295,200,57481.625404
1196.10503,200,57514.49154
1070.965337,200,57575.061321
1141.020502,200,57627.33624
1081.03344,200,57688.308991
1010.586288,200,57748.907964
1101.025569,200,57809.5910611050.647001,200,57870.06975113980.774908,200,57902.777809101055.742896,200,57981.728704101116.072121,200,58014.908947921105.936474,200,58075.20111131850.243601,200,58156.21462105875.294366,200,58189.94269711879.870454,200,58252.11797711071.047914,200,58285.85494511166.228387,200,58367.87602
1131.221282,200,58399.295462
1146.055813,200,58460.080649
1065.964824,200,58520.581503
666.444936,200,58583.845451
1136.150906,200,58641.407936
1141.112919,200,58697.844009
1141.243814,200,58758.861449
1015.943244,200,58793.470537
1066.029386,200,58874.073384
1116.037055,200,58907.905352
1186.49373,200,58969.781048
955.536866,200,59047.658711
1166.434492,200,59080.952186
733.707723,200,59141.004357
1055.879411,200,59200.942117
1136.160984,200,59261.205379
995.736761,200,59295.78096
1111.011178,200,59374.583799
1171.400846,200,59407.340566
1111.069769,200,59470.190045
1081.042735,200,59548.418483
1126.276921,200,59580.840676
1050.939771,200,59641.412899
1141.089279,200,59675.290705
1186.234137,200,59754.940253
1166.239452,200,59788.661467
1146.232463,200,59849.251961
1055.910071,200,59935.766349
1161.415472,200,59968.578315
1126.108839,200,60025.894418
1156.24737,200,60079.469341
824.527548,200,60141.874375
1065.959249,200,60174.460261
1065.880775,200,60258.397617
1171.453726,200,60290.358885
1076.054282,200,60351.542013
1076.027894,200,60430.853306
709.099987,200,60463.993162
950.368551,200,60526.938543
1120.885244,200,60585.076661
1075.999368,200,60647.289821
1130.935534,200,60680.094257
1025.948333,200,60760.760098
638.858105,200,60821.985924
1121.133839,200,60854.651362
1126.166163,200,60936.450463
1156.338415,200,60967.884862
1120.995429,200,61029.734735
1126.18049,200,61062.344087
1115.893674,200,61142.473652
1000.719143,200,61175.041103
823.904418,200,61235.845241
741.671269,136,61294.832485
570.56337,135,61327.120006
1096.109322,200,61389.554164
1120.887428,200,61442.514987
1136.088672,200,61502.500632
822.523345,200,61533.85369
1056.15075,200,61595.201444
950.781678,200,61674.859184
1125.767546,200,61708.628348
853.888817,200,61769.48373
1186.332596,200,61821.556427
1035.762536,200,61883.493937
1181.121698,200,61915.491961
1161.233926,200,62003.938492
1100.950002,200,62038.167701
1176.483061,200,62099.59496
980.632632,200,62179.97717
1121.037639,200,62212.850058
1151.005453,200,62273.661194
995.624928,200,62326.876149
1120.735907,200,62385.878564
1065.847286,200,62418.724121
1121.175801,200,62500.323725
679.149017,200,62558.811202
1171.328373,200,62591.765634
813.680971,200,62679.483607
1161.261939,200,62711.376029
1001.337554,197,62771.83936
445.144274,94,62773.665889
1045.757775,200,62857.218162
1141.146635,200,62914.581814
1146.093921,200,62948.094438
1020.704942,200,63029.921295
894.457998,200,63063.282458
1141.18516,200,63124.187987
1136.133005,200,63180.664893
1060.812787,200,63237.547341
668.731835,182,63270.119035
1090.755837,200,63360.219167
1075.869811,200,63416.561103
1090.824603,200,63450.295062
1001.016544,200,63511.445766
1141.216929,200,63564.264116
885.557214,200,63624.030873
965.660428,200,63657.869759
874.130819,200,63736.682676
1125.895788,200,63770.731571
314.38922,121,63800.638624
895.752257,200,63885.528185
1151.112016,200,63942.030884
960.779171,200,63976.128405
1121.049497,200,64066.295364
1065.78433,200,64095.94734
1156.24803,200,64157.662598
178.411663,46,64158.564241
1101.089251,200,64243.09594
1035.845855,200,64273.342407
187.972542,51,64301.732375
1025.556532,200,64335.094736
1161.369759,200,64418.211915
1141.094757,200,64449.572847
1085.781691,200,64509.972421
1110.878666,200,64566.542988
1055.860551,200,64622.417612
887.886294,194,64683.233958
1196.289202,200,64745.941689
728.850541,200,64803.24853
965.394657,200,64837.405152
368.09002,164,64896.458277
1135.899326,200,64949.669197
1151.047527,200,65009.457618
1085.94317,200,65044.737901
1121.119896,200,65125.41165
1146.146006,200,65157.5927
795.398034,200,65218.654122
688.841084,200,65272.873255
900.716712,200,65329.927825
1086.044406,200,65392.120871
1151.257163,200,65454.853739
1125.897587,200,65513.030957
1096.079275,200,65546.400724
945.738467,200,65630.88642
990.617044,200,65662.687607
1115.739052,200,65719.552798
1166.082823,200,65804.760451
1121.070324,200,65837.150392
1146.210831,200,65895.856154
945.674072,200,65950.687083
1045.869762,200,66009.414717
985.616464,200,66041.557847
850.462124,200,66101.401863
1146.0408,200,66161.539574
1171.192397,200,66221.832464
1101.099712,200,66281.44364
1155.657656,200,66337.479727
1156.063271,200,66394.555881
1136.150545,200,66428.766421
869.361981,200,66512.028384
1120.805212,200,66543.720552
1196.544768,200,66603.562827
880.110525,200,66688.037988
1070.788178,200,66717.871561
1141.029702,200,66777.967624
1120.963721,200,66839.782342
995.554873,200,66898.911639
875.085312,200,66929.894819
1151.230666,200,67014.283376
1060.958323,200,67045.84838
1014.998729,196,67103.786556
716.990359,147,67134.331014
342.510361,152,67189.095125
1126.049648,200,67247.740425
976.255987,192,67279.108326
1161.175277,200,67363.546338
1116.150029,200,67419.378744
1120.908493,200,67452.933785
1141.049635,200,67545.206441
1035.750863,200,67575.911646
1096.126751,200,67635.6222
1166.127435,200,67691.834855
1115.809479,200,67751.432124
1116.105931,200,67783.324224
1156.113358,200,67866.587918
1131.181192,200,67926.442148
1136.017759,200,67957.659047
1186.146314,200,68039.994746
1136.243889,200,68073.653497
899.454292,200,68132.454708
164.388745,42,68133.264611
1136.052497,200,68223.468526
1161.262353,200,68256.662304
859.285939,200,68316.714532
1196.41614,200,68347.742472
1080.922309,200,68431.456973
1130.971642,200,68488.924923
1156.22872,200,68520.136695
1055.690337,200,68603.575437
915.633353,200,68636.970976
1161.170811,200,68693.060043
970.650833,200,68748.366706
1166.278241,200,68809.246973
1055.760851,200,68840.959002
698.99631,149,68928.231365
1135.980332,200,68960.723897
1095.85306,200,69018.483053
1111.202761,200,69074.848447
865.992404,187,69135.135461
960.204537,200,69166.480032
1156.242654,200,69247.888918
697.528166,175,69281.112009
1101.021204,200,69339.322497
1081.006153,200,69372.38894
1096.111999,200,69455.710934
1196.298,200,69514.831798
1130.912387,200,69546.808472
501.506778,106,69606.820992
1135.851652,200,69639.423068
393.130975,200,69698.431631
1110.95741,200,69783.93502
1151.388704,200,69815.732353
1156.393614,200,69876.052855
668.551694,200,69906.016883
1066.28859,200,69989.480778
1116.089229,200,70021.526635
1171.418288,200,70080.671168
980.402449,200,70162.731344
654.395122,173,70195.521219
1191.352339,200,70225.429392
1081.130042,200,70314.905241
1005.769943,200,70376.237865
667.874184,174,70406.402076
1131.019436,200,70458.117604
1156.336219,200,70519.397006
698.727044,164,70548.440925
1161.280287,200,70607.516851
1146.169245,200,70662.387212
940.208979,200,70723.917524
1176.218341,200,70783.550649
1015.815,200,70836.79698
863.875874,200,70899.075656
1161.083633,200,70929.321671
827.360111,200,71019.24259
1146.173479,200,71051.222994
858.918267,200,71111.359025
1141.303121,200,71195.401942
640.955457,174,71227.629397
1111.07408,200,71258.949623
1096.080671,200,71339.222538
820.353487,200,71401.924762
1191.376636,200,71431.429368
1135.758374,200,71515.156394
965.529708,200,71545.517168
1116.188237,200,71607.764854
1096.054311,200,71665.477931
774.307319,200,71728.404749
1191.560365,200,71790.515505
1070.993777,200,71820.490406
1181.45411,200,71904.103181
1045.900759,200,71935.064436
879.268087,200,71995.037322
1040.65529,200,72048.647238
965.615283,200,72113.724689
178.522937,41,72114.609199
1080.943167,200,72174.625205
1075.837798,200,72229.703216
1151.055602,200,72292.373887
1115.985241,200,72323.643395
1060.876392,200,72413.312192
1090.875401,200,72474.15005
1090.964531,200,72507.086897
1146.061231,200,72586.573346
398.712094,197,72619.67651
674.264426,200,72678.296377
950.618547,200,72730.603934
1050.598328,200,72792.881967
1040.878555,200,72824.940885
1141.214908,200,72905.071592
744.590975,200,72966.328293
975.60796,200,72999.666176
1121.118664,200,73085.88867
1055.683979,200,73119.535002
1196.379819,200,73178.85081
1156.308735,200,73231.689108
1106.156191,200,73292.105188
1030.685072,200,73351.899005
1100.877632,200,73405.071826
755.407302,200,73465.528157
1030.776796,200,73496.869019
1096.065203,200,73557.535734
1056.012499,200,73609.664885
1080.87887,200,73671.125185
1035.996064,200,73702.166027
1151.181787,200,73789.825509
768.456766,200,73849.673326
638.101973,154,73881.842432
945.64017,200,73933.48118
1146.380949,200,73995.08279
1096.0627,200,74056.203525
1191.388731,200,74106.472606
749.437265,200,74168.294096
1166.289609,200,74200.29266
688.782183,128,74232.08712
1030.689254,200,74312.63012
844.44841,200,74345.786506
1015.777227,200,74409.065934
1075.922213,200,74467.95251
1156.218349,200,74528.981918
254.127065,68,74561.232094
1186.288444,200,74592.384743
1151.239469,200,74673.982467
1100.985564,200,74705.843667
919.759819,200,74769.70214
1086.07458,200,74821.369383
594.117852,200,74883.746472
1161.33287,200,74914.371209
1186.388782,200,74996.484354
955.616197,200,75058.596069
1126.221128,200,75089.175594
1191.428765,200,75178.198855
1010.799011,200,75211.757527
1075.881239,200,75272.134322
1141.200711,200,75325.172433
1020.61349,200,75386.617546
950.197249,200,75447.309959
1166.117484,200,75498.750367
839.126187,200,75559.216991
1055.878574,200,75592.123071
1101.203467,200,75673.953514
1196.476459,200,75705.961517
1141.189121,200,75765.444024
1191.466291,200,75825.144678
1131.056555,200,75883.708464
814.543214,200,75944.539752
1040.671474,200,75977.746719
1106.17403,200,76058.194152
1136.241626,200,76091.119277
1080.955756,200,76152.798251
1136.379162,200,76204.800963
1135.99387,200,76265.780368
1075.993226,200,76325.432931
970.546771,200,76379.020432
1120.988378,200,76438.027547
975.597642,200,76471.991094
1091.211536,200,76558.749816
929.830215,200,76592.666491
905.0273,200,76654.512659
1196.42444,200,76707.717957
1106.007987,200,76767.37705
1141.198117,200,76826.919991
1051.003931,200,76880.07787
1141.253676,200,76939.256238
403.032487,200,76974.311735
1080.863275,200,77053.893081
1111.264143,200,77085.462433
1010.983174,200,77146.473309
910.336178,200,77234.816433
1186.49593,200,77267.305519
1151.269481,200,77327.283177
1151.203234,200,77361.848365
1186.241825,200,77441.870176
1151.3119,200,77474.697033
1161.299888,200,77535.760437
678.817063,149,77588.973753
373.018495,186,77647.487467
1101.473282,200,77680.667892
407.705354,200,77761.966548
849.727167,200,77793.887272
1161.16314,200,77855.513077
990.887129,200,77918.937661
1191.494889,200,77975.745265
1146.254809,200,78009.943406
1141.307419,200,78089.238089
1186.487451,200,78149.781165
1116.111369,200,78183.420023
965.63945,200,78244.773346
1061.076878,200,78296.150809
786.510317,177,78357.833445
1181.352183,200,78390.351997
1091.235645,200,78471.465741
859.190036,200,78502.849869
1136.191531,200,78562.826447
1141.368345,200,78624.59793
1090.890526,200,78684.743638
1151.298902,200,78746.662596
1141.387868,200,78800.021973
1141.273781,200,78860.466145
1156.095011,200,78892.36949
1050.44303,200,78975.487111
1146.143175,200,79007.441969
1101.394314,200,79068.699515
1141.247681,200,79152.01639
1050.785279,200,79183.500188
1101.150164,200,79243.8037
970.59032,200,79307.346892
1171.513973,200,79365.54604
1146.349587,200,79397.342882
1101.183507,200,79458.672402
1131.324083,200,79511.790158
1020.841889,200,79572.946081
1126.026731,200,79634.8705
1005.934073,200,79687.510382
1005.441914,200,79746.298982
1121.026407,200,79778.652812
1121.167551,200,79860.358732
1171.250426,200,79892.781691
1120.795564,200,79954.256228
1161.281109,200,80042.078519
1131.492394,200,80074.228118
1131.244577,200,80133.11251
1126.256645,200,80187.7867
1121.173896,200,80246.730629
1121.176246,200,80278.558331
848.154904,200,80362.781066
1146.304781,200,80390.578493
1146.248093,200,80451.112101
985.560314,200,80536.328929
1086.050849,200,80567.925126
1115.795725,200,80626.174845
1181.287414,200,80690.793529
1156.35575,200,80751.835058
388.174378,200,80781.312662
1196.430671,200,80843.966438
1096.00436,200,80924.062722
1156.308609,200,80957.000341
795.319115,200,81017.337385
1126.183065,200,81070.979071
182.793164,77,81098.962489
1116.246043,200,81132.664783
1025.881685,200,81217.602335
1196.359276,200,81275.495621
1116.09846,200,81308.474413
1166.32788,200,81370.238028
1176.344111,200,81430.116695
1025.830029,200,81489.205962
834.480455,200,81522.809697
1115.8609,200,81604.351546
1141.31713,200,81635.020036
768.66299,200,81697.510403
1181.382515,200,81777.636025
1151.379908,200,81808.382995
1186.40594,200,81867.957957
1151.428161,200,81923.737444
177.592688,61,81953.996654
1066.051701,200,81984.396433
1116.061937,200,82043.744601
930.463413,200,82105.93399
1121.233803,200,82164.182844
910.696881,200,82223.882231
1191.600678,200,82278.216109
1096.257937,200,82339.050399
1106.269065,200,82369.303109
1121.342671,200,82454.592045
1181.480977,200,82485.208704
1176.534367,200,82544.306341
1101.348835,200,82600.371227
1140.991917,200,82658.48929
693.220335,127,82689.040004
630.682632,147,82721.113416
1081.152286,200,82812.359397
1181.413457,200,82842.920833
1156.418512,200,82903.723933
1066.013563,200,82956.863692
1171.487196,200,83015.823975
1126.224563,200,83076.708946
1086.075829,200,83130.220523
1161.309867,200,83191.23099
1131.246365,200,83221.135707
1131.315417,200,83304.836221
1080.937947,200,83337.760479
139.096433,47,83367.147047
1070.995106,200,83398.355771
1126.046317,200,83488.991972
1126.214087,200,83521.110243
178.946513,73,83551.462936
1141.351745,200,83609.07599
1050.878602,200,83664.332114
1060.9538,200,83724.664489
1116.017839,200,83755.851466
1151.246773,200,83838.199025
1161.177848,200,83871.081649
825.417331,200,83927.316326
1090.98323,200,84011.302596
1120.995406,200,84043.805755
1080.898881,200,84102.540803
1141.115585,200,84165.0269
925.587456,200,84227.83602
1126.244193,200,84255.163104
1181.180549,200,84338.162215
1136.198322,200,84371.217668
1196.592836,200,84430.711357
580.791643,184,84463.151974
1120.99366,200,84546.394044
699.868242,200,84606.250016
1156.450433,200,84636.231261
1020.970369,200,84719.743901
1116.011749,200,84752.528507
970.735913,200,84810.65894
1040.854237,200,84872.183405
1171.240297,200,84933.908628
739.688775,200,84990.648052
1110.918177,200,85045.808883
383.05977,200,85108.005206
1196.309947,200,85139.744675
961.167803,192,85218.507757
1126.186712,200,85252.698158
1090.809443,200,85311.822056
1176.419105,200,85365.533539
1045.917277,200,85426.152895
1196.111927,200,85484.07277
830.234109,200,85545.378024
1040.951759,200,85606.600928
1020.783597,200,85638.034764
1196.728527,200,85719.453427
1186.318379,200,85753.097148
1141.145694,200,85810.01143
1126.35706,200,85842.720234
1136.19014,200,85925.313863
1176.464659,200,85984.027377
1136.322017,200,86014.460009
1106.084162,200,86097.857838
1136.201404,200,86131.144126
1136.090269,200,86188.416918
1176.287112,200,86252.841402
1100.995919,200,86311.116447
1181.499211,200,86367.977185
846.801447,162,86422.287643
1126.068723,200,86454.657291
179.488259,42,86482.449547
380.882329,189,86515.885607
1105.967974,200,86597.339896
1171.377983,200,86630.507982
1166.469325,200,86691.082386
1095.963843,200,86743.950763
945.616483,200,86803.072697
185.389898,43,86803.931074
1086.1274,200,86864.202303
1111.243394,200,86925.39076
1176.381498,200,86986.813542
1171.338308,200,87045.849107
1071.040876,200,87099.759636
1151.147705,200,87160.954013
1091.015915,200,87194.225303
1126.198856,200,87273.81171
1095.856382,200,87305.812993
1196.373314,200,87368.945935
1125.955328,200,87397.48752
1146.16635,200,87480.790229
965.041982,200,87541.84154
859.535089,200,87572.377167
1105.972617,200,87660.097619
833.572177,200,87690.41017
408.166851,200,87743.445381
1096.03303,200,87790.77755
1101.055859,200,87845.542027
1106.039435,200,87900.753249
737.962254,169,87947.994324
1171.33828,200,87978.078173
1135.963011,200,88033.151003
945.083215,200,88104.720574
1191.078053,200,88133.728447
675.138198,145,88163.035006
1065.893212,200,88217.808197
1010.623176,200,88271.85553
1141.279698,200,88326.51845
1116.02884,200,88354.658398
399.053024,186,88427.392355
403.013836,200,88482.941359
1186.310913,200,88510.988078
1095.973823,200,88583.569132
1131.179612,200,88613.922002
417.083561,167,88642.959315
1085.957696,200,88715.447996
1151.262334,200,88769.267328
1015.76614,200,88799.355016
1156.042975,200,88878.81625
1130.99316,200,88907.567306
1060.610011,200,88963.20613
1121.235124,200,89009.974698
1141.145683,200,89064.405422
266.814513,87,89091.663722
1096.086064,200,89121.193735
699.515443,200,89191.697906
417.743739,200,89222.43283
702.276634,168,89276.221147
1090.994324,200,89323.192054
854.30002,200,89378.449317
1110.968794,200,89407.935672
1126.096438,200,89462.398334
869.169718,200,89515.370466
1116.03833,200,89569.841357
427.179133,91,89597.814578
1191.47396,200,89643.240094
531.35991,165,89697.31959
1085.989972,200,89727.972857
1085.76055,200,89781.369136
1166.282837,200,89829.060784
558.827428,171,89883.563352
560.007618,130,89912.51787
1111.063053,200,89956.48126
1091.216391,200,90013.636986
1136.200886,200,90043.060275
1065.988963,200,90122.02049
1030.862385,200,90152.747678
435.567444,157,90205.902266
1076.200408,200,90235.776125
1086.009843,200,90308.790064
1116.157213,200,90338.067799
1161.390535,200,90393.148347
864.618259,200,90464.491949
1165.877272,200,90493.857087
1115.893652,200,90548.519081
1156.120834,200,90596.058126
1166.303265,200,90650.061801
1086.069478,200,90680.292148
1156.309265,200,90760.115556
1066.133137,200,90789.573093
1136.183056,200,90844.485371
1171.261242,200,90916.753565
1166.163415,200,90946.251594
693.905559,128,90975.339635
343.84524,136,91002.810128
1196.188252,200,91075.337281
865.179331,200,91105.409445
1025.718546,200,91161.322743
1055.628377,200,91208.418426
1076.167605,200,91263.292069
1090.893826,200,91320.689116
1075.959899,200,91371.937502
1075.944484,200,91429.021474
1051.083758,200,91457.680371
378.97026,199,91529.925085
1130.699863,200,91559.525462
1125.947042,200,91615.702796
686.434819,157,91645.469766
1100.843302,200,91717.095166
1151.152804,200,91747.281275
1136.306795,200,91801.265503
1105.968913,200,91849.796275
112.487648,35,91875.073081
192.931211,51,91876.066235
1151.006797,200,91931.551717
884.667734,200,91986.902607
1120.806201,200,92040.242928
1105.841964,200,92070.523533
1161.158136,200,92125.114215
1126.421672,200,92173.013312
1151.196454,200,92228.021341
406.257426,143,92256.896912
1106.216832,200,92329.3793
1146.151506,200,92358.848114
447.789319,165,92411.608043
537.63832,138,92440.816286
1055.778433,200,92486.879339
1141.19575,200,92542.995517
1131.037295,200,92571.931996
1156.124975,200,92651.559177
598.565662,145,92680.355237
1156.319541,200,92735.04968
1171.348166,200,92782.878689
1101.021798,200,92836.601243
1116.131165,200,92865.516752
980.774886,200,92939.086338
1115.959982,200,92967.107856
1161.218955,200,93021.684854
1100.703816,200,93096.307611
1166.522594,200,93124.000803
975.86029,200,93178.470075
1161.162912,200,93209.105864
1146.130851,200,93287.445566
449.994838,99,93315.439346
1131.368205,200,93345.948212
1166.255876,200,93418.878482
1146.137159,200,93445.512078
1186.471321,200,93502.469451
1131.25901,200,93550.189985
1146.514461,200,93603.280939
1196.552527,200,93633.254274
1146.191618,200,93707.534221
1131.272384,200,93761.304895
1045.957555,200,93790.844458
1096.129104,200,93846.60084
1181.417451,200,93897.702729
1176.204321,200,93953.72915
1076.034669,200,93983.336796
1131.096904,200,94054.541322
1145.869212,200,94110.018458
1141.28215,200,94139.846329
1146.362359,200,94211.733985
1176.170604,200,94241.045283
371.279357,168,94294.373695
975.710282,200,94343.393221
1021.153143,200,94395.801189
865.10506,200,94425.477477
821.574707,157,94479.951929
1141.17385,200,94533.531455
1161.150007,200,94587.579549
1141.381037,200,94618.131447
950.243598,200,94690.591045
1146.119307,200,94719.750965
1131.328006,200,94773.464117
829.788866,160,94822.263693
1141.162602,200,94875.235276
670.589352,156,94905.827333
1156.178833,200,94953.56778
1125.87554,200,95009.708766
1196.294013,200,95061.523446
1096.31127,200,95118.543223
1075.878046,200,95169.560506
1131.218444,200,95199.259372
1136.331708,200,95273.401929
935.527604,200,95303.703282
1156.328857,200,95357.271324
1151.115943,200,95386.16509
853.924139,200,95459.864892
1050.889422,200,95514.450446
1120.915902,200,95544.432289
1151.014526,200,95618.419137
812.354115,158,95644.461854
1161.466891,200,95701.416161
1121.295488,200,95755.818922
869.192632,200,95809.385828
1040.911899,200,95838.739009
1196.258736,200,95912.958456
859.249645,200,95942.800195
1131.021334,200,95996.190889
1115.995024,200,96045.308947
1111.124594,200,96100.128696
1071.21947,200,96154.733746
1171.138776,200,96202.709161
1120.932387,200,96259.042908
1146.326163,200,96287.051092
1091.018174,200,96341.39407
1121.130426,200,96397.150481
1106.064781,200,96451.854189
425.059383,99,96479.154504
1055.733191,200,96527.174517
1146.144236,200,96580.609931
1186.125611,200,96609.473083
1136.319743,200,96682.863334
1070.875847,200,96736.027644
1146.254392,200,96764.474215
1131.235035,200,96839.242797
1166.539322,200,96868.652806
1156.301367,200,96922.092974
1155.919863,200,96951.034636
1056.08339,200,97033.397434
1141.463769,200,97060.685283
1191.300082,200,97116.900353
1171.449256,200,97191.723944
1096.155458,200,97218.766583
1151.284157,200,97275.300742
696.507186,183,97322.883971
1151.406814,200,97376.314968
1131.379563,200,97405.60062
1156.372313,200,97481.540794
451.317692,90,97507.874896
739.756935,200,97537.869884
1121.255876,200,97592.872648
1146.220818,200,97649.97054
1196.340947,200,97701.999001
1181.280703,200,97732.363228
935.686575,200,97806.038116
1171.284534,200,97832.919753
1136.291395,200,97888.300969
936.666602,177,97934.341163
1056.146336,200,97990.120288
1025.750706,200,98043.775869
914.379136,200,98091.702607
747.205923,147,98120.925407
1096.174529,200,98174.10915
1121.245407,200,98204.249721
1196.512139,200,98283.4603
1045.915197,200,98338.739695
1130.775425,200,98368.436746
743.452445,149,98413.953127
1146.281939,200,98468.699305
437.374182,157,98496.6646
869.199239,200,98570.240517
1146.239057,200,98598.944422
1176.417978,200,98654.158611
495.282689,142,98681.084632
1131.121611,200,98729.872461
523.716109,145,98783.090583
1176.172297,200,98812.692178
901.961991,167,98866.163619
1166.260864,200,98921.372847
1055.844048,200,98972.040678
1176.201704,200,99022.014228
1135.905243,200,99076.412047
1126.277341,200,99105.185591
1126.163989,200,99177.259359
1116.013687,200,99207.849548
1115.909957,200,99260.901617
1101.129786,200,99290.451632
770.701981,172,99365.159243
1106.010128,200,99395.155491
704.115318,165,99446.901048
990.836992,200,99504.289888
1191.434878,200,99558.325047
1126.144353,200,99587.312353
1096.432882,200,99660.547596
1166.527659,200,99689.441815
814.041757,200,99742.678781
1151.273044,200,99817.203569
1196.650417,200,99845.972243
1136.279148,200,99898.601633
1146.265491,200,99948.677112
1086.205474,200,100003.587698
1146.260095,200,100035.091788
1005.90073,200,100087.662644
1131.080328,200,100167.506353
1196.319348,200,100199.071707
1151.088866,200,100254.0314
275.69901,80,100273.595386
1181.698092,200,100330.686166
1171.613938,200,100361.85845
1121.064594,200,100433.362453
810.218997,200,100488.011891
1121.200162,200,100516.711092
1141.188134,200,100571.120885
1171.50704,200,100620.985799
1131.224327,200,100674.208644
1131.229385,200,100703.83614
1131.412054,200,100785.796201
1196.572524,200,100817.370816
1121.116349,200,100869.14336
1176.457145,200,100943.481432
1096.294658,200,100973.586744
1131.474214,200,101026.750708
687.189536,142,101074.781000.8900.324275,200,101105.3351171.1171.463759,200,101157.431191.4373.245048,92,101185.175610611091.256132,200,101233.807711261166.274599,200,101288.25281191415.543004,158,10131031.021119940.305559,200,101391151.381111131.299258,200,101421120.9011196.464794,200,101477.1025.9331176.260676,200,101525.1086.2381035.596548,200,101581.1196.5521186.209832,200,101610.1101.221136.342815,200,101663.81070.891126.343853,200,101712.21151.391171.052182,200,101766.11126.171060.995659,200,101819.31100.931076.189965,200,101867.01166113885.147949,200,101920.92111110667.834344,127,101949.169109011181.552488,200,102003.577118611121.115687,200,102057.58711001975.494366,200,102086.64221141879.844033,200,102158.78438112680.516861,140,102186.706002111060.953577,200,102243.113869111125.916057,200,102270.211691161101.177778,200,102344.0702464.1161.208747,200,102373.0531156.1131.277923,200,102427.3941186.1146.189968,200,102472.4781106.849.056868,200,102529.139611311191.180854,200,102557.686411061081.020467,200,102637.456911511191.56891,200,102666.368591061161.475413,200,102722.9903.1161146.25369,200,102795.511518111166.183363,200,102824.115111111186.353371,200,102880.104511131131.1985,200,102923.81161901849.237782,200,102979.491151191146.257727,200,103008.771139951040.641046,200,103079.071110711131.180614,200,103135.101111661156.27256,200,103164.581111141156.20098,200,103218.19731111704.059784,200,103273.593251111116.188921,200,103328.88828191020.782981,200,103356.2598911171.165713,200,103429.9442991859.670359,200,103459.35535
1050.980728,200,103513.857991
1101.111558,200,103587.238871
940.010334,200,103615.627747
1126.100973,200,103670.547708
1151.243899,200,103715.916236
1100.942882,200,103772.189413
1156.219592,200,103799.471961
1155.935571,200,103880.711734
1096.13466,200,103934.759809
1136.212093,200,103965.00562
191.383376,65,103991.708725
5211091.048363,200,104037.570611211061.06612,200,104067.652779701091.053054,200,104121.814911411141.262798,200,104169.738910001131.117384,200,104223.178711111136.213819,200,104277.8271136955.265171,200,104326.0841146.1176.302961,200,104378.2361096.1196.259035,200,104409.1171025.844.688276,200,104488.6841055.1136.03468,200,104517.50461105825.021008,200,104570.819661191146.143971,200,104625.674411171151.273212,200,104672.001621081136.066308,200,104726.674678891135.843871,200,104757.601611311060.866565,200,104827.115411361121.313552,200,104858.219611961040.834672,200,104913.861311361196.423806,200,104960.288111811096.046092,200,105015.807911151121.120512,200,105072.6893352.1126.236871,200,105124.341125.81111.26389,200,105180.171040.81086.015787,200,105209.58657.551136.113557,200,105282.1081.111121.08925,200,105312.081101.21141.141137,200,105367.93547.561146.110694,200,105439.91121.071111.095026,200,105468.51141.121150.899207,200,105524.71181.361110.796103,200,105572.1166.3111111.080296,200,105625.1136.291627.05728,158,105654.371151.123297,200,105682.839999
1120.926306,200,105763.422501
1116.06564,200,105817.467325
4171116.218559,200,105844.9511086.1151.389419,200,105892.1701166.860.545255,200,105946.603611711156.342806,200,105975.17701051.057053,200,106004.773751101146.058993,200,106077.450411001135.990355,200,106131.00491085919.899206,200,106160.898710051146.083407,200,106233.67691131136.202624,200,106262.775571161061.114603,200,106317.473011511086.124029,200,106373.758718
1161.007626,200,106425.874763
1146.102742,200,106481.701648
1131.1518,200,106529.666352
1161.261484,200,106581.862116
1120.991162,200,106611.036102
1171.401617,200,106686.025583
1096.22644,200,106712.865684
1186.308034,200,106768.045518
975.518041,200,106816.976706
1171.515186,200,106869.817567
1126.17628,200,106923.988245
1196.449167,200,106977.893144
1146.093337,200,107031.364141
1186.199246,200,107060.320932
204.1196.443736,200,107115.61166.261156.42642,200,107162.361101.01141.260983,200,107217.341030.61136.008896,200,107247.021151.11156.236548,200,107320.15895.171146.173103,200,107347.21130.87853.990205,200,107402.771161.11136.184901,200,107475.491146.11121.046412,200,107503.42889.81196.636941,200,107559.111186.2522.735183,150,107613.271156.11141.184489,200,107642.39631.28839.876143,200,107696.161156.1638.987238,128,107723.1151141.843.881642,200,107771.992011761151.091439,200,107824.920.11611135.845427,200,1078801106.10351196.563328,200,107927113611045859.651165,200,107981.11001113921.17012,192,108009.42114611080.951539,200,108058.862114611186.546936,200,108114.11064881146.219121,200,108166.2855111131.388927,200,108220.80254511131.230146,200,108277.70816681146.172791,200,108305.063689111136.1472,200,108360.327558
1041.032408,200,108409.720492
1156.315156,200,108461.765668
1166.405438,200,108516.778048
1140.810874,200,108565.953586
1156.314848,200,108618.011506
1146.303925,200,108648.33407111196.363264,200,108722.2797561141.285075,200,108752.306073111176.392902,200,108805.299891091146.026785,200,108861.173653711101.171967,200,108914.604972411015.696712,200,108968.05311861985.672922,200,109017.587956
889.570617,200,109071.480751
1131.109281,200,109100.996673
1126.202757,200,109174.63108611171.49817,200,109205.59211
41146.404173,200,109230.940391136.165522,200,109286.4888738.1151.314664,200,109332.17633
1131.17444,200,109388.985865
1126.212599,200,109415.320473
1191.347105,200,109496.983044
1020.86236,200,109553.046747
925.784247,200,109581.249937
1115.961501,200,109655.21857
1131.037041,200,109685.229436
1181.397113,200,109740.042409
1181.468699,200,109784.058528
1136.279344,200,109840.07199
1120.856909,200,109868.244836
1145.960383,200,109939.462348
1070.843083,200,109995.624902
1121.229557,200,110024.002277
1126.093572,200,110104.719022
1166.260721,200,110132.188997
1121.154763,200,110187.662706
1116.080351,200,110214.941301
935.253211,200,110291.1644
1186.301652,200,110345.016327
1141.020302,200,110371.663588
975.809813,200,110446.889847
1105.880602,200,110476.12575
1025.899296,200,110529.552141
228.225785,83,110549.91121.311141.168185,200,110604.1091.131076.157858,200,110658.51110.871065.757674,200,110712.51146.261130.962246,200,110767.61110.97990.603594,200,110798.161126.31171.480669,200,110850.55694.781140.890155,200,110901.21196.691120.95404,200,110954.831131.0830.236738,200,110985.1591136.1151.244133,200,111056.4811126.1146.095368,200,111108.5921161.875.493613,200,111140.6416101120.873765,200,111211.13182472874.445367,200,111241.241225111131.198355,200,111294.385911617.909958,200,111351.476528
1051.110064,200,111405.029773
1126.320963,200,111458.53651111085.624116,200,111507.61560411156.237124,200,111561.029749111146.137228,200,111591.56590266915.040448,200,111663.65588111910.755599,200,111693.3006878672.174357,153,111748.33725111161.14914,200,111776.589204
1136.055419,200,111849.300687
1041.057438,200,111880.440584
1071.057048,200,111934.316024
1161.223819,200,111987.758353
1141.269376,200,112042.36942111161.130146,200,112073.01735911141.399731,200,112143.3964781950.341191,200,112198.444064
1166.038658,200,112229.467752
1091.126123,200,112300.106456
1191.174556,200,112330.288478
1095.977343,200,112385.327587
995.893226,200,112430.970712
1156.11636,200,112486.372191
1141.169217,200,112541.645165
1176.432456,200,112594.447825
1171.484011,200,112649.047924
919.694599,200,112680.4349
1156.042417,200,112750.677938
1096.108364,200,112783.014623
1125.840827,200,112837.76085
1161.07817,200,112883.697253
1086.169075,200,112938.704825
900.366532,200,112991.496978
940.538398,200,113022.292268
1045.800221,200,113094.140559
1171.014159,200,113123.888401
1181.614172,200,113179.327832
1150.929366,200,113233.544602
142.8656,51,113260.586632
1161.091629,200,113289.213135
1116.082626,200,113343.664505
1126.306948,200,113414.914391
1156.066013,200,113443.482533
1126.114384,200,113499.387942
1100.896296,200,113544.904426
1035.917332,200,113599.853377
1151.357272,200,113629.108438
1025.671588,200,113702.245536111055.868285,200,113729.629585111066.353492,200,113785.159651131040.7868,200,113863.799848111081.150302,200,113893.630129101181.199223,200,113949.7200911110.948234,200,113996.58249111100.958156,200,114049.9417481995.972408,200,114080.390452
1151.322108,200,114150.22915411171.214566,200,114204.021681131191.577964,200,114234.56391112594.654681,150,114263.006764111146.029859,200,114334.209592111106.010019,200,114362.634473981085.921347,200,114419.483051131181.253407,200,114471.954201101136.063337,200,114528.175778
1186.499274,200,114583.72533
1100.946674,200,114630.121661
1181.299339,200,114685.797508
1101.09036,200,114715.332723
895.208127,200,114787.382672
1101.085352,200,114815.901301
376.759612,200,114872.309663
1150.975975,200,114944.127314
1130.936851,200,114972.389291
1070.753681,200,115029.00565
1146.514171,200,115082.261908
1156.170803,200,115137.247331
629.737173,150,115164.531625
1035.94683,200,115220.3327
1045.976207,200,115267.175548
930.478496,200,115321.923817
1131.106177,200,115350.219264
833.951543,200,115423.251124
1120.871555,200,115452.823609
1196.731173,200,115507.0678
1106.044467,200,115557.393434
1151.167692,200,115608.462355
1186.647755,200,115665.246982
1061.300673,200,115719.884156
1120.977142,200,115771.405801
1176.355416,200,115802.089206
1116.149729,200,115876.755304
1181.439848,200,115906.129547
1116.39645,200,115960.593961
1131.0644,200,116034.89959
1010.906669,200,116062.816281
1136.364475,200,116117.078697
1091.115901,200,116164.868844
869.590691,200,116218.292769
1101.102176,200,116247.568025
1115.981848,200,116329.724775
1136.117354,200,116358.918513
1170.961834,200,116412.429904
1186.321022,200,116467.879631
1070.948883,200,116514.526793
1005.635302,200,116568.808808
1196.441248,200,116598.64429
1151.154104,200,116670.373034
1100.978939,200,116700.125063
1136.096473,200,116754.894569
884.301826,200,116827.540234
1010.598325,200,116856.864225
1115.748451,200,116912.098673
964.958697,200,116967.04704
1181.309749,200,117021.461536
1075.949975,200,117052.107936
1196.414315,200,117125.055004
1121.131961,200,117153.102223
1126.319786,200,117207.941561
1086.081379,200,117279.701547
1106.052042,200,117309.228452
1151.192215,200,117363.114058
1111.216217,200,117412.391566
821.857137,198,117466.471158
1175.874151,200,117495.454002
1110.966408,200,117574.609423
1131.038867,200,117628.161608
1176.455035,200,117657.566738
985.964505,200,117710.076412
1136.129576,200,117760.924443
1121.000627,200,117813.742987
1120.995883,200,117844.563157
874.303409,200,117917.563143
970.524759,200,117948.296377
1151.310997,200,118000.840176
1065.932208,200,118074.02383
1131.149021,200,118102.497087
184.221931,47,118131.060571
1196.435919,200,118157.549652
1156.404861,200,118240.298506
487.039363,117,118264.301311561126.124889,200,118295.974510351085.908676,200,118369.4278874.1196.708109,200,118401.0461040.1136.166925,200,118452.85510801131.112792,200,118502.781610751186.108548,200,118556.5261141.1155.999769,200,118584.3481151.1015.876467,200,118640.0791040.1151.218251,200,118713.117995.31176.477848,200,118741.211115.71106.150733,200,118796.421146.21090.879257,200,118852.31126.141161.400254,200,118905.61120.921090.994637,200,118935.694.840822,200,118979.756789
1156.23959,200,119034.594281
1126.074969,200,119063.756246
141.463459,39,119064.61176.381146.170094,200,119138.1055.511115.996461,200,119195.1191.4511156.275451,200,119222.1136.0861196.548278,200,119278.833.85811056.145009,200,119326828.718701100.906482,200,11931136.0814181136.108605,200,11941125.940831141.119406,200,119481161.157331131.113225,200,119511196.756431141.209204,200,119571080.855611151.537178,200,119641106.3948385.1131.274735,200,111096.2171121.1156.22695,200,1191110.99511461181.51217,200,11971126.210940664.388189,176,119831196.421191136.244823,200,119861156.061141191.520233,200,11993835.111141960.952018,200,11996889.8941111131.222833,200,12001060.649111116.320988,200,120071066.010851141.148092,200,12012875.5111711086.045815,200,12011136.2203261150.988883,200,12021186.4399771146.121308,200,12021096.111873960.758824,200,120311166.277608,200,120342.331707
1140.822448,200,120389.972572
1086.03103,200,120445.677474
1146.15439,200,120472.556836
1096.178321,200,120546.628688
1096.15675,200,120577.468434
1151.217145,200,120630.233466
1186.421092,200,120713.784542
1171.660357,200,120741.631299
945.814547,200,120797.568414
1136.083563,200,120825.833613
1111.157919,200,120900.959429
965.75086,200,120927.649826
1196.685769,200,120981.77854
674.209638,144,121030.457426
1096.235276,200,121084.2375
1091.073287,200,121112.135586
1140.861623,200,121187.66345
1161.30712,200,121214.791711
1131.025038,200,121269.766429
1166.305656,200,121325.727123
1086.002976,200,121379.462803
1030.729914,200,121434.375053
1161.320195,200,121482.055191
704.056081,200,121537.59062
1105.93072,200,121565.893433
1141.225558,200,121620.440046
955.556771,200,121667.704833
1161.209128,200,121722.525691
1196.498025,200,121777.480759
1146.292796,200,121824.931452
1156.209031,200,121881.152643
1186.452428,200,121908.667942
858.837262,200,121989.628582
1086.077737,200,122019.775381
1026.080524,200,122072.498393
416.259897,117,122118.624512
773.749224,200,122148.971527
1141.147141,200,122202.96857
1115.995987,200,122275.637685
1105.969929,200,122306.209392
838.775954,200,122361.095187
990.647548,200,122388.602492
1155.961789,200,122462.62288
1141.080461,200,122493.231301
1126.13694,200,122545.585512
1146.233229,200,122602.712225
1110.913208,200,122657.58911
1196.517822,200,122709.266344
1000.32416,200,122759.691014
924.649379,200,122813.577628
1196.598009,200,122842.555627
1136.079103,200,122915.826726
1116.337883,200,122946.308205
403.94016,131,122971.861208
1096.014743,200,123045.996651
1080.808064,200,123101.420001
1116.285983,200,123131.723122
1111.229776,200,123183.301923
417.598583,123,123238.304715
340.845047,74,123239.735111
1106.038704,200,123293.682376
1181.399934,200,123323.22832
1045.983157,200,123396.222005
1075.78168,200,123426.170779
1106.17136,200,123478.98744
1131.189477,200,123553.086449
1106.05856,200,123582.509439
692.772067,143,123612.580315
1196.432497,200,123684.72568
1146.166433,200,123713.968756
1111.182321,200,123767.812534
342.206037,141,123795.036433
995.570153,200,123875.482064
1141.059594,200,123904.785531
1151.152728,200,123958.80057
970.044348,200,124006.709513
1040.543131,200,124062.349592
1106.047541,200,124092.301931
1090.926537,200,124163.555885
1095.878184,200,124217.559764
1135.981289,200,124247.664624
849.173774,200,124318.395875
1151.108203,200,124348.691615
1130.785054,200,124404.206767
1065.828515,200,124457.64292
1176.291741,200,124513.188245
995.95234,200,124544.351254
1146.185806,200,124614.123518
1136.173476,200,124669.060913
865.38829,200,124700.355586
784.360817,200,124769.883953
1121.38062,200,124799.85013
1111.139137,200,124855.848151
1186.542593,200,124882.26059
1156.129849,200,124956.388315
1146.217164,200,125011.544003
1105.937001,200,125039.348621
1141.175691,200,125119.426076
1156.259513,200,125148.999621
335.354862,116,125176.151704
1125.911589,200,125247.715359
1125.839479,200,125277.506767
1085.88952,200,125332.13587
1086.029907,200,125378.344727
693.555993,175,125432.9218
844.216584,200,125461.755053
1121.075754,200,125516.401456
1085.988595,200,125563.584677
1195.967041,200,125618.855338
680.478204,167,125648.215331
1146.065937,200,125726.883289
1121.093336,200,125754.567161
1181.371882,200,125809.394249
1166.22638,200,125882.987082
1035.680001,200,125910.870325
1131.172709,200,125966.521365
1156.197566,200,126012.71686
1156.203579,200,126066.51548
1125.969601,200,126095.477484
930.744878,200,126169.382813
980.774267,200,126198.075624
1175.883659,200,126252.801194
1196.499035,200,126333.782629
1150.967407,200,126361.093649
644.599981,171,126416.80466
1025.613167,200,126446.13843
1140.977377,200,126518.0695
1146.268833,200,126546.439359
1196.195955,200,126601.979424
1161.047889,200,126648.380466
1176.444282,200,126702.000345
1196.363512,200,126732.405437
1156.104793,200,126802.917093
1166.261042,200,126858.717715
1146.111283,200,126888.250742
1120.845407,200,126967.960046
1121.033246,200,126996.267481
1131.243432,200,127052.214139
1116.186806,200,127098.017909
1116.297665,200,127152.565881
1181.365217,200,127206.950431
1176.079683,200,127253.564183
1176.484936,200,127308.867707
1101.043598,200,127338.037343
620.474114,140,127366.002952
980.757941,200,127437.627977
1136.167372,200,127466.944271
1136.238267,200,127521.928251
1015.708767,200,127602.052684
1131.14504,200,127630.541609
1111.306389,200,127685.142793
1121.469617,200,127730.894488
1136.272168,200,127786.42053
1020.759407,200,127815.857517
1030.891918,200,127887.177387
1126.02098,200,127916.683975
1141.189083,200,127971.425058
1156.220316,200,128044.895854
1110.901397,200,128075.133302
1070.864671,200,128129.456039
1070.918401,200,128185.809718
1116.165498,200,128239.906046
779.590725,200,128269.008456
1140.91575,200,128343.963194
1125.944967,200,128396.614604
267.40254,81,128398.103719
1131.329417,200,128453.494701
1136.177694,200,128501.713162
1131.245465,200,128554.378312
1151.319411,200,128585.846548
1156.287009,200,128660.542483
1186.351662,200,128711.900243
1111.156541,200,128743.041789
1196.393154,200,128822.374095
1111.193776,200,128851.977597
1111.18477,200,128905.639966
858.988232,200,128937.314186
1131.085346,200,129007.485259
1196.196091,200,129038.983266
1126.241064,200,129093.199421
1136.252809,200,129164.708073
1126.207406,200,129194.564231
1161.25251,200,129248.726237
1061.064511,200,129296.946932
1146.133789,200,129350.585454
1140.877649,200,129381.439091
1130.993668,200,129459.50293
1191.53317,200,129512.701555
1141.223018,200,129543.62938
1181.306956,200,129616.770232
400.456379,84,129618.459213
913.927681,190,129671.215292
1151.187877,200,129702.314197
666.880485,131,129747.54465
1196.41774,200,129802.071803
930.584249,200,129857.987112
1136.177481,200,129905.074408
1136.107136,200,129959.859922
556.107249,137,129988.213361
1196.213182,200,130018.232902
440.718126,200,130096.281143
172.47738,40,130097.004125
1126.046207,200,130152.965897
421.050227,200,130181.295533
1100.965489,200,130253.309477
1141.318957,200,130283.354868
1136.084085,200,130338.118284
1176.385655,200,130409.749686
1196.44286,200,130440.167703
1196.569164,200,130495.085734
980.952785,200,130544.467056
412.580761,107,130570.235794
1151.262088,200,130625.318161
1106.104282,200,130682.906798
1111.118744,200,130736.790684
1196.292657,200,130764.566779
1196.42036,200,130821.799396
1196.440201,200,130870.279866
1151.454703,200,130924.016554
192.846528,67,130950.40463810970.341484,200,130999.195209
1095.752843,200,131052.474508
1171.036949,200,131082.048187
634.868609,119,131109.828191121146.22809,200,131184.336143111005.755619,200,131211.26225111870.223653,200,131267.6044691960.287588,200,131321.062001
1151.180439,200,131375.848763
1050.834003,200,131430.337222
1126.015778,200,131479.020358
995.74987,200,131532.424839
1146.307123,200,131562.184138
1131.087203,200,131638.13685
1116.114281,200,131665.150666
1091.135803,200,131719.970011
1181.150837,200,131766.269518
1141.07178,200,131822.030977
1186.297079,200,131875.784664
1146.26179,200,131906.233534
1126.114133,200,131985.031578
1176.196462,200,132014.721159
1111.126472,200,132069.007725
1111.059626,200,132116.812157
1156.367908,200,132171.159268
1121.326642,200,132224.540712
995.626025,200,132274.788258
1136.17749,200,132327.270494
1191.390918,200,132356.907157
1156.028268,200,132429.897273
1141.335184,200,132461.709272
1141.256891,200,132513.201019
1010.958331,200,132570.222084
1131.306124,200,132626.483686
1151.422254,200,132677.869584
1091.076522,200,132726.341278
990.609336,200,132781.136703
1141.142739,200,132811.554448
1086.133472,200,132883.594479
1196.500915,200,132914.011845
909.90069,200,132967.462545
1051.058815,200,133041.832799
1136.253422,200,133071.900043
1130.888286,200,133124.248455
1156.045919,200,133153.838611
1120.940064,200,133232.651663
1141.248145,200,133262.308762
1140.883975,200,133317.9549
1196.340382,200,133366.927531
1176.350915,200,133420.411446
1100.836668,200,133475.795079
1196.225511,200,133524.806497
860.216124,200,133577.374948
1115.633115,200,133605.425262
1106.055056,200,133679.030654
1196.656208,200,133706.775305
393.065022,200,133761.202402
1171.066984,200,133841.320962
1176.312281,200,133872.243188
101.078934,39,133873.001306
894.264331,200,133927.418751
1136.120056,200,133999.321735
1101.161285,200,134030.64467
1136.203466,200,134083.791538
837.896016,168,134131.613266
1166.218755,200,134186.106869
1156.303949,200,134214.150599
1120.8515,200,134288.391899
1070.792561,200,134317.492204
1116.162688,200,134367.110827
1146.164649,200,134417.639493
1196.530027,200,134418.933251
00,134396.261322
369.746204
1015.70082,200,134420.276062

1146.143356,200,134446.034087


1131.16931,200,134445.35868
4
101.187669,200,11131156980.549711.823924,184,131161051166.181101.176146,200,131136.17771035.841381,200,134444.542933

1040.798729,200,134321.089412
1096.124811,200,134370.71133
1146.109932,200,134421.245449
2346
389.43991171.401942,200,134444.924144
