#{"t_start": 1665999333.152304, "env_id": "CustomMyoChallengeBaodingP1-v1"}
r,l,t
1116.096939,200,17.5997061111176.264817,200,47.229081161015.911982,200,63.67711111091.034253,200,102.8441111171.139812,200,118.51099911930.766489,200,147.841633111105.925059,200,177.226176861095.898021,200,203.974641196.260012,200,232.209512
11120.982197,200,261.98351811080.819494,200,289.3251391111186.263587,200,306.81791610965.088505,200,321.911315111186.172966,200,323.0345156341.520883,200,362.03611001111096.014935,200,378.3103101166.074935,200,406.251031111186.24786,200,433.957114191081.106833,200,463.76457591191.324754,200,478.5511181950.927311,200,521.6150850991166.148547,200,548.13119110500.081115,200,564.912111111176.235373,200,604.399505.11131.12686,200,620.2131191.1186.216078,200,650.121191.1850.136172,200,665.0743021156.237183,200,665.77421100396.570923,200,694.6729990.1055.772469,200,724.36346.43688.402295,159,740.021055.71196.124645,200,767.091150.91181.077088,200,796.11171.091186.34873,200,826.651186.21136.068013,200,853.51940.461141.14572,200,882.711066.01141.282831,200,898.521161.1176.282,200,939.8522311035.705446,200,955.44416111101.051559,200,985.44618811171.29081,200,999.4450911289.9514.608061,200,1001.398835.6215.970572,200,1043.1961131.1156.065042,200,1058.8251191.1096.030165,200,1086.9501191.1161.088017,200,1114.95811561131.090246,200,1145.781010451120.955689,200,1160.68001141130.967396,200,1200.843001161191.171789,200,1230.64781114970.587122,200,1245.820491136.060881,200,1274.941171.31015.840952,200,1301.511156.1945.696765,200,1318.4131166.1176.129861,200,1346.349963
3484.26786,169,1347.9686531.1136.200705,200,1375.98795.911025.834055,200,1405.61151.111171.617327,200,1421.11165.91948.681078,195,1461.8869.9311186.205161,200,1478.55841391161.085598,200,1506.294722111035.672863,200,1535.033579101121.320387,200,1564.36769411965.786681,200,1581.0734881642.636549,186,1620.67601811141.267975,200,1636.789615111166.109506,200,1663.9699461111.082363,200,1679.456964
4734.13528,200,1681.4522191341.355288,200,1721.762304
1181.339551,200,1738.638541
1186.329668,200,1763.916377
1025.826801,200,1794.714701
1040.864708,200,1824.008812
1181.12816,200,1850.746338
1176.084791,200,1879.710704111181.173602,200,1896.339309111176.099319,200,1922.8492311181.256655,200,1965.005832111160.892204,200,1981.5902
981.14641,200,2007.527316
1171.05607,200,2023.536549
496.738574,177,2024.899296
1131.088015,200,2054.03151
1146.031483,200,2082.48527111120.872692,200,2096.62623111071.225784,200,2139.5574211607.60203,127,2155.905066
1176.04793,200,2170.443359
755.235405,200,2211.447992
1130.900401,200,2226.895543
1136.032056,200,2255.851204
980.010122,200,2296.856342
544.974845,200,2312.92051
1105.795506,200,2341.402754
1186.112019,200,2356.525216
491.189765,171,2357.792111
1005.784443,200,2398.083432
1181.159169,200,2413.710926
1181.145042,200,2440.523654
1075.631405,200,2471.336367
1191.049176,200,2498.672928
1186.024197,200,2513.454845
1071.083269,200,2555.803175
1145.825267,200,2572.284804
959.787626,200,2597.962297
688.916678,200,2640.777236
995.586283,200,2657.567273
1131.036834,200,2683.1316
1156.022156,200,2700.610761
490.076283,170,2701.867699
1022.682771,188,2729.241165
1101.104452,200,2756.222346
1131.18387,200,2770.947311
1181.355774,200,2814.116114
1181.293519,200,2830.715738
468.220366,172,2855.791206
1121.115108,200,2886.719691
964.80287,200,2915.824154
1010.81624,200,2930.221252
1070.881159,200,2972.934696
1181.07656,200,2989.272323
1136.002351,200,3015.73474
1196.448481,200,3032.073564
485.953435,171,3033.423648
1176.06363,200,3074.134357
1105.999335,200,3087.281101
1126.033187,200,3116.132622
1196.218901,200,3146.38698
924.335059,190,3172.299967
1160.832513,200,3188.610582
1176.230278,200,3231.771068
970.428685,200,3247.470458
1126.249432,200,3273.969883
1186.050154,200,3317.690593
960.72117,200,3332.491608
1171.161522,200,3359.615356
1171.115904,200,3377.255028
485.289646,165,3378.499314
1120.955164,200,3406.611871
1166.028602,200,3431.909505
1086.07834,200,3448.466085
890.298274,200,3491.431695
949.636849,200,3506.822996
1191.072128,200,3533.958405
895.56034,200,3564.775725
323.554928,150,3591.559538
479.971104,175,3605.772644
840.305826,200,3649.538968
1045.772211,200,3665.076787
1115.933633,200,3691.2975
1171.226101,200,3706.79634
1156.029635,200,3708.324787
829.619142,200,3709.962317
69.468685,74,3738.346348
939.489041,200,3752.753546
982.959098,178,3780.794914
1156.246741,200,3811.370565
1115.938084,200,3837.164288
950.2084,200,3866.434057
1065.839966,200,3898.117683
475.849448,181,3923.045969
1176.017974,200,3937.259593
1126.085853,200,3968.299169
835.167577,200,3996.291723
1171.219591,200,4023.903265
1030.714469,200,4038.849575
1081.173505,200,4056.1131.077471.594288,161,4057.41171.11426.735535,200,4084.37259.851196.199495,200,4110.21181.151141.312464,200,4126.81191.1011.059308,200,4169.5171141.1101.010495,200,4183.63810511070.717291,200,4212.373910711196.32935,200,4255.424815.1186.210868,200,4269.0551066.1010.671055,200,4298.57611461181.305935,200,4327.453915.31126.157844,200,4352.491116.11090.952846,200,4368.61161.111096.263475,200,4385.397038
1005.911777,200,4386.91985
291.173393,200,4427.401155
950.772004,200,4454.640146
1096.023992,200,4470.04445
1141.044219,200,4510.264028
471.580431,182,4525.152822
1146.043754,200,4555.254797
1176.441814,200,4585.224515
1196.386645,200,4609.512986
1045.858922,200,4625.940286
1011.043396,200,4669.408225
1125.943871,200,4682.283556
1126.005545,200,4710.96539
1186.219516,200,4728.31726
497.203892,183,4729.78308
1166.258722,200,4757.590754
1181.167267,200,4782.724439
1011.195938,200,4799.0173
995.524628,200,4842.861639
1081.024763,200,4867.928057
915.259302,200,4884.244957
1171.263597,200,4927.228575
1161.199649,200,4941.067195
1186.431151,200,4969.860051
985.314985,200,5001.200296
1160.82897,200,5026.609772
1181.173186,200,5055.558852
1070.690249,200,5057.977003
567.979505,145,5059.100213
617.862784,138,5089.115658
1161.26079,200,5114.23683
1156.000328,200,5130.259494
1161.099642,200,5173.840953
1171.01616,200,5189.239148
1056.076356,200,5215.479233
1171.053407,200,5248.504564
1111.121861,200,5271.245093
1070.260583,200,5300.236003
980.401362,200,5333.6553
1136.149707,200,5356.222211
1151.209004,200,5371.901759
1166.297747,200,5401.321607
945.957261,200,5402.8961176.382.680845,114,5403.7470116512.088414,200,5432.963823
1085.943321,200,5444.826943
1161.26041,200,5474.332191
1005.688824,200,5518.276691
1020.57868,200,5531.095555
970.649173,200,5559.679969
1131.187398,200,5592.832092
221.972907,81,5604.658391131181.273963,200,5615.762321181186.362755,200,5644.407615551171.255829,200,5688.871211201181.090622,200,5701.318711711156.326171,200,5730.18021031105.973123,200,5746.7495411510.009623,192,5748.16597211141.470455,200,5776.088215111125.74773,200,5802.358921
1181.279804,200,5818.076503
1171.067371,200,5861.944959
1060.516533,200,5875.132248
1081.245696,200,5904.372951
584.759653,119,5934.42726117915.724218,200,5945.550083111015.94454,200,5974.2293561699.725125,145,5989.589297
1066.1841,200,6029.989728
1196.436638,200,6044.773448
1116.110496,200,6075.17396
111196.443865,200,6076.33476.11176.252108,200,6077.831151469.888787,200,6107.87014251985.771197,200,6119.273911411126.495207,200,6148.856711611181.234455,200,6193.061911511116.183387,200,6205.414910661051.019645,200,6233.83541117995.654171,200,6267.631911111086.116134,200,6289.768811811075.934917,200,6304.630965.51146.194011,200,6350.011095111176.241835,200,6374.701166.11160.948026,200,6390.20985.76539.884737,200,6420.738395
298.076827,146,6421.811176.2699.646515,200,6449.412237.4182.447448,109,6463.11151.32554.959714,200,6477.481151.21186.235544,200,6523.1258.9601176.156564,200,65371126.11151071.015274,200,65631186.11661156.155944,200,6591196.511611171.264266,200,662814.861106964.794915,200,6641176.011701156.131511,200,6661176.20761970.197004,200,6701171.037611156.077688,200,671960.6315441191.054693,200,671191.083432111166.141753,200,1150.95583,4845.125717,200,6753.2480631276.42979,200,67261.51258211175.926718,200,1161.079106111146.304719,200,6834.990824951006.114761,2001166.2394389301116.21231,200,1096.131769551091.007888,200,111091.18940.1146.183452,200,1090.6341075.875.209022,200,6975.164610451161.166121,200,6991.7076925.1166.332026,200,7037.5541191.1196.25525,200,7049.110920.51181.112178,200,7076.951056.0605.024563,200,7093.73354.87357.655326,98,7091170506.03550.130973,200,71121041176.11161.05823,200,7136111131.181176.213284,200,7111111170.901181.329633,200,711011894.6101090.787563,200,722111171.2851076.142724,200,723611156.2521086.125538,200,728211151.1571101.270467,200,721111171.2161181.206906,200,73964920.53871171.116427,200,1001156.173931106.203841,200,9701181.11957980.819949,200,11761126.52441171.516693,200,1121.139727,21161.09905,200,71106.036866,200,7424.851767
341.686263,200,7463.515355
1106.074521,1156.206058,200,71176.175908,200,7506.938778
1181.033236,1176.345702,200,7754.102362,200,7561.453156
1191.299919,200,7592.055859
1171.142882,200,7624.460927
1071.061792,1191.420642,200,71081196.29331191.075572,200,71181.00164,200,7709.084268
1061146.082846,200,7720.354271191196.433951196.513816,2001181196.3000731181.093697,2001166.050898,201166.050898,200276.635274,200,7793.333876
870.427016,200,7818.408414
1166.146095,200,7834.294241
1151.167993,201126.158733,2001136.098792,200,7903.046976
1096.28868,2001051.055349,201176.253583,2001131.139867,201085.954706,200,7977.226336
1176.563397,200,8004.013791
1191.298698,200,8037.148987
1125.99235,200,8062.018382
1014.903802,181151.038582,2001196.504991,200,8092.24117
1136.069983,200,8093.714263
4236.318538,200,8133.180183570.059396,200,8145.762697
991185.837617,21176.146386,21191.030314,200,8207.248292
1171191.320895,1161.378238,201186.116807,200,8258.766954
111161.163101,200,8291.1040941096.143345,200,8315.937179
870.467194,200,8330.154658
1111.172606,200,8377.074621
1161.447144,1050.703067,200,1130.863841,200,8415.329061
1186.251244,21181.260061,200,1191.30453,200,8434.03195
1985.688721,2639.813131,200871166.336159,200,8488.214311131176.247335,200,8502.70294110855.207082,200,8546.515135111176.367563,200,8572.830108111196.36864,200,8587.154985111171.329094,200,8631.379844111131.421231,200,8646.19928117945.487748,200,8671.305797111080.888855,200,8705.463471941146.049539,200,8730.222901121181.301272,200,8756.464861181191.256675,200,8758.736365
347.76551181.302805,200,8751151.256249,200,8792.55593311136.354067,200,8816.00812611125.83106,200,8843.84823
1095.946345,200,8876.601819
1000.93733,200,8901.280887
1191.751238,200,8914.628732
970.982578,200,8962.273957
1126.46977,200,8976.508636
1156.226281,200,8999.155819
1176.149156,200,9046.369003
1176.184636,200,9060.999542
850.742726,200,9084.158877
1161.285131,200,9100.801888
704.605628,200,9102.359378
226.356373,200,9134.96153
1196.60048,200,9158.059926
910.370195,200,9185.470491
566.863375,142,9217.310519
468.709561,134,9230.674856
628.88114,123,1061.060379,21071.219037,200,1101.118855,21156.434792,200,1156.332347,2175.494178,48,931196.4842551121.278923,200,931191.5216531141.054128,200,931141.2648831120.996759,200,931196.31271,1091.211301,200,91196.682217,1176.212306,200,91086.280747,1176.314419,200,91186.410213,2001146.618123,20885.525732,200,9477.55088
849.722688,200,9491.882416
1091.119457,200,9517.206097
1116.19653,200,9563.2775
1161.552696,200,9574.644508
499.869327,200,9603.025274
510.0314,200,9635.828338
1055.981988,200,9658.706867
1176.464902,200,9672.987674
1116.103196,200,9720.003235
1141.133572,200,9743.962684
1136.32758,200,9757.746529
1181.413642,200,9774.860977
1026.081716,200,9776.354825
249.401063,200,9808.014009
1061.020882,200,9830.79967
1176.385877,200,9859.046107
1161.263848,200,9891.087362
819.888012,200,9916.021339
1141.056829,200,9929.509729
1131.250628,200,9976.419983
1176.41828,200,9989.808437
1015.568968,200,10013.737149
271.708298,65,10014.284264
1151.550576,200,10061.910712
1176.099011,200,10086.332871
1085.826685,200,10100.10774
935.73862,200,11196.401322,2986.226178,200,101196.122878,281.60166,200,10148.541868
1181.464173,200,10173.402706
1166.465888,200,10186.65581
1131.143408,200,10233.796083
1126.376278,200,10247.342854
975.942134,200,10272.222489
1151.097841,200,10305.515774
514.574993,200,10330.208085
1105.850239,200,10343.076712
1161.116376,200,10389.671313
1191.352855,200,10415.426644
1156.14226,200,10426.002569
1176.009885,200,10441161.18151196.523196,200,10444.910051
346.600469,200,104901116.081196.409765,200,10501.31180.941030.676535,200,10526.693457
1010.563066,200,10558.810827
1196.324916,200,105851186.24221185.898723,200,10596.321445
1110.978261,200,10642.201357
1176.238612,200,106571191.25191196.426446,200,10680.586723
1055.549989,200,107281160.93691181.080293,200,10742.42735
1036.389703,200,10766.485436
1156.513268,200,10768.559217
1081.06941,200,10770.216761
391.571925,200,10815.840509
1171.557391,200,10842.676713
1091.185089,200,10854.585418
1176.310946,200,10900.960936
1191.424044,200,10916.173178
1196.461372,200,10940.873623
1035.98577,200,10973.856552
1151.624905,200,11001.524167
1031.243357,200,11025.335008
1161.62519,200,11057.183068
1056.073417,200,11087.457264
539.582604,200,11097.064953
1196.421534,200,11111.1196.5021065.861968,191,11113774.29595764.927625,200,111571191.3021181.184178,200,11174.1186.3291176.209327,200,11195.930.83211171.288859,200,11228509.937391186.426735,200,11251196.373961116.276565,200,11261176.256331186.316187,200,111066.225996,1126.422908,200,111166.631171,1181.326408,200,111096.31779,21166.464689,200,11196.529436,21166.23537,200,111191.18843,21171.467221,200,11437.037937
1186.20075,200,111186.220948,446.815705,200,11452.41344
1120.990122,200,11483.412276
985.852668,200,11512.149046
1086.040021,200,11524.248377
1171.242745,200,11568.77886
539.741927,200,11585.440874
985.78451,191,11609.223357
1166.399869,200,11640.579457
1176.442979,200,11669.592616
490.394574,130,116851181.24501091.304121,200,11724.564552
1176.400701,200,11741.325511
1196.413283,200,11768.996451
1166.004813,200,11780.886669
1000.803916,200,11782.431388
236.593781,200,11826.857494
1171.103244,200,11843.774034
1141.069879,200,11865.140407
1191.180072,200,11897.51072
1171.207618,200,11926.567307
1176.185172,200,11942.657904
975.911065,200,11980.261074
1046.202221,200,12010.294464
1146.178721,200,12026.564293
1076.145393,200,12065.158576
1196.52397,200,12081.657445
1081.126746,200,12111.786226
1051.194852,200,12123.762914
1161.23016,200,12125.006799
1065.901779,200,12155.249391
1106.413195,200,12185.013549
397.376903,96,12185.869943
1141.246324,200,12227.32249
1151.642508,200,12256.519285
1036.061754,200,12272.647143
1181.332999,200,12312.924651
1136.153319,200,12328.407881
1096.234776,200,12358.50672
1196.367499,200,12384.61531
910.325842,191,12414.78764
1041.481052,192,12429.915457
1161.093907,200,12455.313452
1146.416349,200,12456.634295
1156.178511,200,12457.882406
799.337913,200,12500.902179
1151.086805,200,12517.371738
1171.068916,200,12541.354484
1021.183337,200,12572.354149
1175.969238,200,12601.60623
985.832036,200,12627.226227
532.487222,122,11111.293236,21151.064952,200,11166.333403,21070.914095,200,11196.513381,21186.081174,200,1957.520127,191176.167568,200,1166.2822,200,1151.022821,20966.239438,176,11186.108383,200,12800.270451
1196.527281,200,12801.521265
780.492246,200,12830.820845
1196.675917,200,12860.520874
1191.280606,200,12874.276825
1181.210841,200,12915.862212
1181.172797,200,12932.157595
1146.133216,200,12959.194964
1181.174953,200,13001.982321
1156.136,200,13017.159358
1171.16253,200,13044.887505
1180.984065,200,13072.840504
1171.137889,200,13102.397588
1196.316049,200,13118.616316
1191.053278,200,13133.6586
1191.557934,200,1464.587294,201141.012433,200,13174.674421
1061.067326,200,13191.493985
1171.247537,2001106.119657,2001151.141295,200,13246.371186
504.997377,200,13275.387258
1156.118023,200,13301.200612
170.544431,54,13495.061621,2699.894448,200,131166.0017551171.256395,200,1331086.3218421181.231759,200,1331166.195385875.252887,200,13411151.029301196.457254,200,13441146.08731049.178269,189,134621161.05319,200,13476.1150.916349.6033051171.024784,1131.46361.854027,196.604664,200,1351166.11051,1170.986848,200,131130.828982,1196.634782,200,131181.146241,1135.829652,200,131126.151857,1161.324976,200,131191.365156,945.420616,200,1361181.0203421155.970392,200,1361166.220304935.472568,200,1361180.9297941161.062819,200,1371196.6826231170.967447,200,1371045.6581311171.088365,200,1371166.3248081170.846095,200,131140.959355,628.298141176.0312264.660828,1062.977717,193,1434.632185,20370.768784915.33504.960417,201145.977211151.0874.73108,200,1035.780031140432.329835,127,949.336228,935995.761201,2001061.012985,1191105.977563,2001181.453646,8501030.912125,2001196.67269,765.1196.239493,201095.98268,1171.1126.00428,201165.959071,11761165.950112,201196.6003121171.855.04524,200,1040.8952261146.097305,200,1411015.4028571166.028706,200,141354.287323,1166.221765,200,14151.005756
1181.156948,200,14152.365235
361.830567,200,14181.408771
1156.08764,200,14210.926059
1141.204056,200,14225.273373
91056.103594,200,14266.318805111176.035512,200,14294.379921111171.225007,200,14308.230343101010.807041,200,14350.15361181.291633,200,14366.098819
980.394886,200,14392.580333
1186.09514,200,14422.361757
1000.766636,200,14451.05016
1196.509152,200,14465.484905
1171.227234,200,14479.935884
1025.339736,21171.121666,200,1180.69327,69,216.487755,2001101.034557,2001146.210469,2001196.363498,2001196.650079,2001126.510358,2001196.658095,200986.216876,200,1171.098777,201050.774151,200,1135.84519,2001085.867937,2001130.887623,2001186.202038,2001055.859453,200995.231949,200,1141.110365,21165.994087,200,11091.218932,21066.064275,200,11171.412305,21171.364535,200,11166.207542,21176.1692,200,1481196.4981941196.471166.143555,1136.1470051136.147005,200,148770.151347,216.448798,200,141176.266119,1156.087309,200,141141.30059,200,14903.689244
1166.081729,1166.236184,200,141171.288659,1176.197958,200,11181.554484,200,14977.456688
990.997796,605.386799,200,11156.088928,21151.014973,200,11171.291329,21176.388329,200,11181.111236,200,15092.150101
1151.029985,200,15119.236362
935.684848,200,15145.41832
1196.5361971181.202987,200,1511181.15098,1181.182618,200,1346.820491,200,15190.2336.9871196.569282,200,15218.1031.2001196.350508,200,15232.1196.4261146.156956,200,15274.97395
1176.173015,200,15291.017858
1101.307356,200,15316.201388
1191.322048,200,15346.930623
1196.121114,200,15376.1176.3191101.18233,200,15391.677198
1171.174512,200,15432.00974
1015.498578,200,15462.111196.21171.152049,200,15477.166942
499.893844,200,15492.112687
1171.195498,200,15493.589407
930.30894950.272337,200,155221186.24131181.394974,201181.26970.73702,200,15575.821181.31196.701697,200,15605.914231
1024.829725,185,15634.91166.13499.902691,200,15649.391196.3515.943371166.148945,21161.371141.202201086.002445,21086.21921.133768,176,15721.491161.41131.392859,200,15765.41140.731196.294598,200,15777.1532.0821146.251077,200,15805.1106.2491196.649047,200,15819.367593
1196.12867,200,15820.8514.708341.847394,200,15863.298439
1050.939244,200,15889.1181.571151.35166,200,15903.579643
1186.4574,200,15948.038854.51146.266701,200,15963.1196.6581014.495292,179,15988.1071.0611171.246313,200,160221176.35721156.392921,200,160471171.00711146.20783,200,16063.1171.3161171.312495,200,161031166.04381181.227573,200,161201171.24851181.358439,200,161481176.19891065.959037,200,161631171.3479955.099028,200,16165.439.4446447.074568,200,16205.191856
1126.16426,200,16221.517.04781146.222036,200,16247505.05081010.993687,200,16277.552076
964.72962,200,16306.1176.5271141.191356,200,16320.978269
505.107788,200,16362.801163
950.941078,181,16378.1181.2521181.320965,200,16407.1156.2201176.302739,200,16437.1196.51196.16371,200,16465.1171156909.63826,200,16491.029552
1181.192452,200,16507.759561
1126.277974,200,16509.22342514190.028519,129,16535.877391621181.25307,200,16552.44851111196.534036,200,16577.338603891141.198625,200,16609.106511151151.289052,200,16635.78324111020.811112,200,16650.607894
1161.324107,200,16694.027014
1166.523988,200,16708.377385
1166.181068,200,16736.059714
980.733218,200,16775.69501
1151.010186,200,16791.657757
1176.439259,200,16820.083568
1111.438356,200,16835.126287
1186.24357,200,16836.621369
396.731914,200,16877.436214
974.862901,200,16893.866917
1141.124677,200,16919.550119
1151.129321,200,16949.543514
965.042662,200,16978.74882
1166.155025,200,16993.604195
1171.242479,200,17035.388646
1171.305269,200,17065.76254
1196.644784,200,17078.895909
1115.924827,200,17120.095026
1196.459851,200,17136.021562
1135.98109,200,17162.378865
1135.97494,200,17179.076419
1176.122923,200,17180.683738
396.796345,200,17208.510661
1121.169908,200,17235.544664
945.187685,200,17251.075586
1171.388412,200,17294.29802
1196.545112,200,17310.572187
923.070094,184,17336.25138
1096.058152,200,17369.200829
1096.145096,200,17396.607549
1131.394411,200,17423.223288
1176.173567,200,17455.342129
1136.212726,200,17483.134631
1186.107202,200,17496.55247
1171.203547,200,17512.711677
1176.282052,200,17514.189274
870.549156,200,17555.325438
1171.06439,200,17571.042178
1196.411916,200,17598.103203
1076.140794,200,17627.331985
1095.846019,200,17656.054624
1061.030233,200,17670.120701
850.039639,200,17712.714123
1141.299151,200,17743.136821
1171.176531,200,17755.949181
1171.332514,200,17799.526442
1101.177835,200,17814.929663
1126.260884,200,17842.604189
1196.454503,200,17858.599973
1166.280102,200,17860.210145
980.52842,200,17887.270236
1166.067073,200,17913.218961
823.578333,200,17929.832193
1186.30231,200,17972.713923
1125.747904,200,17987.902034
1171.08175,200,18014.715145
1176.239829,200,18058.547688
1171.302296,200,18073.05177
859.680663,200,18099.92805
1186.236022,200,18132.460688
1171.330814,200,18158.880272
1156.111277,200,18172.275987
1126.245792,200,18189.04155
1146.220399,200,18190.641016
814.765016,191,18230.522887
1091.179885,200,18246.62485
1196.637757,200,18273.918515
1061.257259,200,18304.620379
919.799751,200,18333.202396
1166.191466,200,18346.771156
1140.911623,200,18390.143424
282.337288,76,18405.477891
1176.180223,200,18419.830643
1171.212956,200,18448.216414
1125.867091,200,18477.121622
1166.161499,200,18506.977944
1166.205783,200,18519.67255
1126.056932,200,18536.02593511156.127785,200,18537.5039151870.174229,200,18565.473055
359.986955,89,18579.824806
1045.980075,200,18606.368724
1146.010671,200,18638.968616
1161.137456,200,18663.859258
1025.329347,200,18675.854756
940.737062,181,18723.422113
1156.043125,200,18735.229982
1156.13158,200,18762.892055
1196.355922,200,18777.305457
1096.165994,200,18821.893738
691.014444,141,18835.291235
447.044559,200,18863.537756
1161.236282,200,18866.146939141156.381766,200,18867.613847
315.676098,200,18907.688519
589.394702,200,18923.465488
914.635205,200,18950.2491146.1071.138032,200,18981.421136.11170.910396,200,19009.187164
1156.041711,200,19037.002082
1076.080223,200,19066.319963
1085.568284,200,19094.667739
1196.387737,200,19107.944552
1181.46693,200,19150.797534
1196.36235,200,19166.562543
1061.275763,200,19192.704112
1176.308646,200,19209.144933
1171.286924,200,19210.828544
196.729298,200,19238.32268
1025.870599,200,19266.666896
1131.192343,200,19280.542296
329.98126,79,193121171.05731181.30803,200,19338.1146.1681156.291005,200,19349.1196.4941176.314292,200,19397.1146.1541196.345036,200,19409.1091.0681156.246327,200,19437.980.55111176.137374,200,194671095.94081181.339122,200,194961181.27511141.209367,200,195211186.41911196.404052,200,195361166.32611176.361056,200,1953668.300731161.266492,200,1951181.0559941865.425191,200,1951161.3669991076.01895,200,19591196.384861156.241309,200,19621171.481131151.109381,200,1961181.2561521191.404344,200,191191.434445,1080.844198,200,19845.04428,201196.429101,200,1171.280973,21131.214963,200,11171.384637,2529.98487,200,1971161.0901661186.254291,200,1981121.19855948976.140018,200,191071.126101156.328541,200,19861146.136941176.357134,200,1988373.2533341196.350143,200,1981196.3352819779.78221,200,191186.467631,1171.332255,200,191196.210086,1100.919605,200,191171.214857,1196.51683,200,2001191.468971171.363143,200,2002869.1544391196.433468,200,201156.188876,1020.99455,200,2001156.1040071011.171174,200,2001176.285981151.045056,200,20121176.326281176.347087,200,20151191.367661111.180844,200,20181175.88145814.941543,200,2021204.3111111121.035725,200,20215.178505111186.237545,200,20216.66919764925.472621,200,20258.249611161066.153242,200,20272.984307.1171.367185,200,20300.871181.41191.345373,200,20344.491151.11156.271738,200,20358.211176.21116.417935,200,20386.101181.51181.160181,200,20416.301020.91196.527995,200,20443.351161.31171.253967,200,20457.291086.11191.371713,200,20500.241196.474331,200,20514.440546
1031.009858,200,20528.004219
1166.197989,200,20556.044108
1186.270586,200,20557.706237
1176.204717,200,20559.249954
314.391879,200,20587.424776
1156.15848,200,20614.411377
1156.302987,200,20642.393479
964.6709941171.063905,200,2061146.433657,200,20698.903771
890.43944,200,20714.149774
990.1171.29881121.216437,201010.681081.14941011.268638,201176.441191.232467,200,20800.21126.114386,200,20842.176317
1151.237038,2001181.14917,200,1071.189129,201181.582445,200,1156.221156.221474,200,20887.31191.248961,200,20887548.78091945.3771065.1100.87190.7261211196.5181181.255607,200,20957.1150.992843,200,20972.438485
1136.054593,200,21015.753612
1176.312101,200,2101196.5629291156.105929,200,21057.295549
1171.348748,21151.387501,200,21091.357152,2965.699014,200,21985.758552,21056.052721,200,21156.32974,200,21172.814291
1136.166306,200,21199.507332
1125.981024,201166.252607,200,1181.205874,200,21230.275541
1181.157651,20798.704287,200,21036.048125,200,21272.496073
1110.799005,200,21287.002627
1111.245394,200,21315.031639
1070.945528,200,21346.576006
1141.089723,200,21372.713727
1151.070793,200,21388.259163
1141.201881,200,21431.919026
1181.188033,200,21445.679381
1040.662044,200,21472.696117
1171.227144,200,21516.338717
1126.113403,200,21529.349609
996.830736,187,21557.023606
1181.29434,200,21559.416842
1196.407225,200,21560.908524
789.718611,200,21604.335443
1196.509101,200,21628.909773
1085.891655,200,21646.036006
1025.587873,200,21689.801865
1186.430652,200,21702.561841
1171.397376,200,21730.350071
1186.332793,200,21764.475958
1176.139547,200,21787.380208
1141.277492,200,21815.38604
1196.443181,200,21846.376012
1136.248751,200,21872.57435
1151.101272,200,21887.212292
835.161386,200,21903.697062
1176.273199,200,21905.182476
401.462503,200,21946.231877
1176.328236,200,21960.582009
1161.199706,200,21987.833463
1176.375812,200,22019.16886
1101.213703,200,22044.633775
1186.478719,200,22059.740005
1196.644796,200,22103.570103
1196.581262,200,22128.984473
1171.3307,200,22142.671497
1191.413249,200,22187.272537
584.455495,134,22199.822194
1186.474529,200,22214.059995
1181.305951,200,22244.592793
1181.327386,200,22246.083523
191.384851,200,22275.109361
1181.364736,200,22299.023072
1196.438974,200,22315.449358
1196.24601,200,22360.262199
360.377791,100,22371.599338
1081.289331,200,22385.614522
1146.39708,200,22432.660381
1186.199125,200,22446.502491
945.507743,200,22471.27963
1166.266724,200,22503.164738
1181.536497,200,22532.145223
1186.212176,200,22555.326093
1181.230854,200,22571.92455
1176.239593,200,22573.352745
1181.373594,200,22574.851733
1166.343809,200,22615.536814
1151.147803,200,22630.306035
1176.349802,200,22657.825093
1181.224494,200,22688.840559
1136.126937,200,22715.0601811180.929119,200,22728.38531311095.71834,200,22773.739927
1046.185982,200,22800.207247
1171.457648,200,22813.270248
1161.272562,200,22859.254599
1166.20912,200,22872.413774
1186.560878,200,22899.361053
1196.293513,200,22916.154409
1156.1504.335125,200,22918.699180.6195.987273,200,22949.211191.51181.214549,200,22972.451065.1131.176344,200,22988.7381095.1131.025685,200,23034.2791106.944.838163,200,23046.7791186.1068.781292,194,23073.6271141161.041054,200,23119.8798452.1111.213776,200,23132.6011181.1014.544302,185,23158.7861171.1126.088426,200,23192.4911196.1055.944769,200,23217.9691161.1085.841552,200,23231.3591010.995.8697,200,23248.75119611457.956819,200,23250.305457.1301.53091,200,23291.362197
1066.128056,200,23306.069319
970.171608,200,23333.914681
1166.148447,200,23365.454723
990.451714,200,23392.026314
1165.975438,200,23419.147667
1161.214155,200,23451.084104
1170.990621,200,23477.689322
1071.311622,200,23490.385938
1151.045135,200,23536.295608
1191.288598,200,23549.106885
978.682361,189,23576.444401
1166.161715,200,23591.71140.85317.087034,140,23592.8417.280684.792909,200,23623.3925.431151.135339,200,23635.81156.21905.385441,200,23662.311175.1056.052919,200,23696.059950.6945.352374,200,23721.6831096.1000.774712,200,23747.1101166.1171.163938,200,23780.343996.11171.19983,200,23807.0271101.1161.428053,200,23819.2651181.1161.222671,200,23864.90859.93619.789321,150,23881.021085.9550.135604,200,23904.107463.1161.137707,200,23919.3041176.1176.058952,200,231166.505261,475.044884,147,239489.41176.1160.706391,200,239186.16195.91176.261031,200,231106.1186.221191.438289,200,23462.7991146.529.659815,200,241041.1181.261106.251274,200,24930.61181.141196.099024,200,21171.1118769.1181.162315,200,21126.11170.831176.126125,200,21140.910940.11060.742137,200,1196.521519.881111.21316,200,2858.7711060.71166.065344,200,990.9051000.31146.121484,200,945.50801186.11141.080166,200,24265.797025
499.366866,200,499.366866,200211.362398,200,24298.607770.21176.27119,200,24325.5901191.539.935388,200,24338.834611961165.970529,200,24385.18613
1075.752087,200,24407.780454
1186.422371,200,24422.315432
1186.179326,200,24469.29522
1166.21084,200,24482.581945
1146.101425,200,24507.652569
770.253941,181,24540.66242611161.242106,200,24568.23751511196.188728,200,24579.5818551497.054801,200,24595.247889
547.417131,200,24596.727712
1020.850542,200,24642.65025
267.703387,82,24643.383343
995.69261,200,24667.746069
1081.137984,200,24713.703376
1191.332788,200,24727.365577
1146.368425,200,24753.065459
459.76535,200,24785.029875
1185.924584,200,24813.153263
1181.414262,200,24827.681396
1073.695809,199,24867.290474
1005.573939,200,24894.997823
945.945508,200,24909.299933
620.22286,200,24934.644732
1186.271186.126896,200,24936.7499.338969,200,24937.7362489.633.950819.987276,200,24969.71156.430172,200,24994.253936
980.561960.592489,200,2507151196.421196.150471,200,2511961175.936781,200,25077.725062
1176.1871130.950628,200,2511111000.806569,200,25137.168241
1040.867603,200,25153.14691146919.7181166.125675,200,2511101171.077108,200,25209.716691
1196.555524,200,25238.512445
1196.4939.748151,200,25262.8061140.954233,200,25264.36286
839.873784,200,25265.885822
196.19216.370697,200,25312.25559.91196.088555,200,25327.571176.271369,200,25350.951581111186.213059,200,25396.606045111181.304802,200,25411.881114
1196.434005,200,25436.098645
1025.922281,200,25469.18912
1186.307255,200,25494.8747457.1186.227774,200,25511.140223
1166.147746,200,25554.254969
1156.172769,200,25580.258574
1020.703317,200,25595.867675
1186.139843,200,25609.775288
1031.073774,200,25611.13076
236.384549,200,25642.28935.63575.071195,200,25667.223877
1166.17058,200,25694.733205
11511181.358817,200,25727.39891081171.243072,200,25752.90441141.222139,200,25768.714048
1196.26078,200,25811.980941
1005.591301,200,25826.71136.041146.008228,200,25851.41136.1196.45612,200,25883.20791105970.623183,200,25911.2204457.1080.625838,200,25936.951488
1196.3271176.204922,200,25939436.49613504.277624,200,2494.970.888692,200,25984.8639599.995.682481166.335987,200,2601960.9341581186.167932,200,2601196.592177,200,26069.583708
1161.260137,200,26083.970793
1196.601117,200,26108.571171.31176.182993,200,26141.181739
1196.331215,200,26166.778066
1171.032222,200,26183.081056.11196.72282,200,26226.086574
1156.021142,200,26252.1291161.1166.198005,200,26268.1851196.1171.385596,200,26283.252651
331.438757,117,26284.0521026.494.93983,200,26314.09497711196.290608,21196.389098,210901116.402011,21111.072059,211811161.233678,200,26398.466610961100.754715,21156.154482,211961176.523701,21111.211396,211861196.340958,200,26470.838310551091.154462,200,26498.044011361176.16955,200,26512.714831191070.464139,21035.915745,201081141.013646,200,26570.332831171136.033432,21151.096644,201171186.09281,21181.189206,200,2708.224841,20708.224841,200,2221.596221,20820.120445,200,21161.114953,200,26682.961009
1185.953715,1121.308386,200,261171.063245,200,26741.876102
1121.09005,200,26756.800742
1196.504792,200,26782.09832
1171.208972,200,26814.453355
1196.321042,200,26841.830362
562.44555,200,26868.186322
1145.951725,200,26898.922705
1170.955179,200,26924.027844
1176.195131,200,26940.489615
1196.412929,200,26955.666306
494.459126,200,26957.021758
1085.816105,200,26998.207673
1115.781452,200,27012.117969
1186.111184,200,27040.882642
1146.108064,200,27072.114291
1135.902663,200,27097.259872
1171.273414,200,27113.330455
1191.155785,200,27156.289415
1016.000712,200,27170.738815
1136.195897,200,27198.21511
1156.18515,200,27241.915858
1035.810377,200,27255.368144
1115.815692,200,27283.003959
1121.251996,200,27296.642034
637.804461,200,27298.042777
1151.046679,200,27329.493387
1196.452591,200,27354.900528
1196.463039,200,27370.745589
1160.996825,200,27415.066212
1161.339304,200,27429.376233
1181.150628,200,27456.0845891950.02724,200,27487.729284
1196.608084,200,27514.68798
1176.283745,200,27541.551526
1186.181882,200,27572.424675
1176.22384,200,27598.765656
1196.581107,200,27615.647525
950.958322,200,27631.387256
555.353354,200,27632.893642
196.334195,200,27671.104943
1175.915332,200,27687.119036
1125.937655,200,27715.47577891191.455691,200,27746.191575111196.46542,200,27772.341686
965.040549,200,27789.20935411166.532449,200,27831.392128
1106.018058,200,27858.388938
1180.962113,200,27874.004673
1120.776374,200,27916.285834
1186.23742,200,27930.237107
1196.32966,200,27959.346527
1186.152822,200,27973.970979
499.589379,200,27975.456318
201.254575,200,28005.765314
1155.907883,200,28033.803799
1175.909383,200,28047.854401
1186.063893,200,28091.616229
879.367037,200,28105.230726
1131.432258,200,28133.644621
1115.819176,200,28177.740361
1166.136597,200,28190.979085
1175.960712,200,28220.127412
1095.86814,200,28250.850342
1161.117447,200,28277.438304
1010.816363,200,28292.986158
1171.065872,200,28307.967577
494.367274,200,28309.309405
840.02665,200,28349.153615
991.645919,192,28365.69023
1039.082133,189,28393.4632
1196.680045,200,28423.276827
1045.727796,200,28451.283674
1151.238456,200,28468.050858
1196.036516,200,28508.419537
1171.01588,200,28523.89058
545.972192,200,28553.034743
1171.426014,200,28593.352221
1176.203444,200,28608.97463
1196.65715,200,28638.654658
1176.564916,200,28654.202478
656.488725,200,28655.560951
1126.098843,200,28682.021696
1166.064795,200,28711.168662
224.203403,52,28711.613609
1196.631934,200,28756.833245
1196.601386,200,28768.466743
1196.44031,200,28799.310565
444.04946,135,28810.687095
1165.951617,200,28842.408083
1176.008099,200,28868.654669
1136.198385,200,28896.449863
1150.986619,200,28927.081537
1196.133523,200,28953.638887
509.929059,200,28970.19368
1185.998778,200,28985.701642
759.791554,200,28987.053926
668.843881,200,29026.406561
1196.506683,200,29043.095053
1161.131597,200,29070.678571
590.114049,200,29099.621838
1186.065909,200,29129.4296
1156.021885,200,29156.737189
1081.331739,200,29185.398265
253.64697,98,29200.911999
1196.650762,200,29216.396032
1181.2967,200,29258.879394
1156.202616,200,29287.101814
1151.253579,200,29303.349173
514.869972,200,29330.801035
1135.964135,200,29332.141068
1046.231169,200,29333.4489.151870.076236,200,29360.396.68601156.010124,200,29389.772634
1136.132392,200,294031196.4925995.577787,200,29445.628091
783.944989,185,294621196.2286958.38849,184,29487.8555.1971196.60367,200,29519.1181.43545.007846,200,29547.371196.51160.998096,200,29574.21140.99924.450147,200,29603.771180.81136.130868,200,29632.18925.501181.477712,200,29647.81196.391166.021672,200,29662.630087
499.238763,200,29664.15499.24955.887893,200,29704.166406
1150.835673,200,29720.788967
1161.021631,200,29746.31105.911166.155936,200,29777.170928
1181.201833,200,29806.206716
980.586642,200,29831.619851
1196.394776,200,29862.069157
1196.508827,200,29891.074302
1151.234124,200,29906.400429
1186.294878,200,29947.223527
1170.910383,200,29963.519575
1196.435576,200,29991.724668
1171.189611,200,30001175.86758494.029044,200,30007.721475
114.329382,118,30035376.614091155.882032,200,30051115.719491145.895013,200,3007860.3426181145.97967,200,30101175.710031196.327086,200,30131136.12960514.952505,200,30161046.044341191.199497,200,30191165.91381065.787442,200,302211121.12921040.651987,196,302351110.90421161.147181,200,302781056.02761156.263169,200,30293412.535851106.026638,200,3031505.5364851196.443916,200,303934.653799,830.297929,200,3031020.527776860.182829,200,30379.683935
548.169675,112,30391091.071721156.207625,200,30401121.02117444.886863,200,30451525.021291166.24073,200,304671146.38491105.915097,200,30491171.075411171.229867,200,30531115.982101196.333247,200,30551111.018391196.365627,200,30581181.140581136.088446,200,30611176.26524490.048936,200,306391130.98201196.482623,200,3065509.8822611176.356356,200,3061171.0966451000.960641,200,306499.206597,211.408076,200,307396.85115,21196.250795,200,31095.973276,21176.395255,200,31146.13046,201101.173626,200,1166.152691,201125.974981,200,1165.956359,201196.306263,2001156.296771,2001181.474366,200,30884.324797
1176.242692,201166.045314,2001166.164327,200,30926.527503
1176.185466,20525.161037,200,31191.299035,200,30984.918316
1181.32176,21141.064484,200,31191.423047,200,31014.734176
1000.87439,2499.00274,200,31421.957318,200,31057.686305
1045.826802,200,31072.945618
1176.320831,200,31100.047429
1150.813625,200,31143.23621
1156.261213,200,31157.791767
1196.308351,200,31184.918824
1030.475377,200,31216.081812
1116.097682,200,31242.989563
1161.233295,200,31258.180014
1191.04501146.039657,200,313011176.051634,200,31329.016922
1156.07611146.423731,200,313441151.00001151.000018,200,3136498.990035,200,31362.383349
955.302406,200,31390.61169
1161.207696,200,31417.03309
1166.029235,200,31445.960003
470.019688,200,31475.533807
870.32565,200,31502.302117
719.95052,200,31518.22086
1060.95947,200,31561.190893
993.769887,184,31574.707403
1181.158928,200,31603.286624
1166.102691,200,31633.942922
1036.793187,187,31659.344941
1181.118295,200,31675.854661
1186.463594,200,31692.096637
307.447506,200491.992797,2001020.503721,200,31733.927064
1196.38075,200519.863476,200,1196.552916,200,31777.628213
1155.970314,200,31819.442896
649.626637,1291176.374802,20920.316499,200,31131.058492,21166.289991,200,31181.259155,21151.41886,200,311156.008923,535.048428,200,3191140.8960081141.333252,200,3191155.999911176.182194,200,31991171.098981126.086228,200,32021116.167021136.131662,200,32037.821557
514.156086,200,32039940.96460307.244201,200,32077.939383
1171.237625,200,3201096.285866979.834227,200,32121171.297231171.224827,200,3211161.129934990.519686,200,32179.253468
1196.2398,200,32196.1166.1771151.215249,200,32236.571097
1136.274224,200,32252.1146.1151151.192757,200,32281.610234
1161.29812,200,32322.239258
1176.232851,200,32338.458237
1186.290377,200,32367.945698
1196.246157,200,323701156.3600498.942264,200,32371.977927
183.891253,131,32409.1040.9221116.095456,200,32426416.185311171.246791,200,32451186.395131161.306521,200,32481181.487681161.223348,200,3251530.3108261191.34258,200,32521095.935771161.185154,200,3251181.432309,200,32571.509739
1146.0184,200,32598.376662
554.965397,200,32627.957016
1171.555295,200,32656.757491
1151.257298,200,32683.949883
1146.016296,200,32700.821703
1141.330405,200,32717.861083
509.335509.25096,200,32718.70224.194668,200,32756.497869
1136.118861,200,32772.542358
1091.01005.691651,200,32801.05940.776002,200,32830.375988
1121.230765,200,32858.787017
1030.742858,200,32874.853079
1186.345373,200,32915.916822
1196.572457,200,32944.633867
1166.095018,200,32960.31271
1156.179504,200,33001.217758
1196.543629,200,33017.005499
1176.444179,200,33046.849599
1161.21136.250163,200,33063.50980.768803,200,33065.374598
416.291.537438,200,33089.8497484.549.996524,200,33119.55001166.023326,200,33136.370768
1171196.53518,200,33175.474832111191.356312,200,33191.3854091171.290653,200,33221.023601
1131.0242,200,33248.20139
489.96158,200,33275.769253
1161.202443,200,33305.518579
1156.136269,200,33332.176974
995.583819,200,33359.80588
1186.5791,200,33376.161473
1135.897652,200,33392.966449
509.519527,200,33394.530084
1030.661584,200,33431.530535
1065.898579,200,33448.25069
1080.983793,200,33477.633615
1161.157654,200,33505.108742
1160.975743,200,33533.870032
1176.111688,200,33550.389307
1171.055134,200,33590.766688
1136.041311,200,33619.733903
1191.197065,200,33635.549473
1151.176562,200,33676.153088
1196.436415,200,33690.966402
1196.534101,200,33721.068037
612.636439,127,33736.941025
1000.95035,200,33738.426849
509.763261,200,33762.950419
1186.288571,200,33779.461574
971.110035,200,33808.616508
1146.193484,200,33837.869924
1176.160288,200,33864.876706
1176.375776,200,33881.099047
1101.018428,200,33922.675965
1176.293906,200,33947.672822
1166.16273,200,33963.879392
1155.969831,200,34007.124191
1166.241758,200,34018.496195
1156.190162,200,34048.289297
1181.604709,200,34065.372777
509.394827,200,34066.853076
386.728292,200,34103.11415
1171.640399,200,34119.703244
1060.956104,200,34149.282697
1145.941861,200,34177.192074
1171.288246,200,34204.451495
1086.278003,200,34233.886297
927.254858,193,34262.550595
1161.592435,200,34288.980496
1171.323845,200,34305.070692
1196.401695,200,34347.444717
1071.011709,200,34360.62441
1191.299397,200,34390.468866
1131.288633,200,34407.189674
504.380959,200,34408.805634
1115.915365,200,34432.248281
1181.059348,200,34461.985141
1156.076956,200,34478.565508
1150.968538,200,34517.772788
529.973956,200,34533.683074
1136.390286,200,34562.961438
549.932946,200,34603.318651
1000.787419,200,34616.911389
1171.186204,200,34646.318776
1196.672108,200,34679.562815
1186.503937,200,34701.897835
1091.270907,200,34717.984495
1126.243549,200,34734.941471
504.396493,200,34736.533436
59.607035,60,34766.190031
1121.026872,200,34775.146037
472.214522,200,34804.118511
941.738853,182,34835.808434
1156.209335,200,34860.03681
481.973051,132,34873.172301
1051.066985,200,34889.838823
970.512418,200,34934.14801
1166.118386,200,34958.077142
1176.229387,200,34974.282007
1191.14071,200,35018.802761
1156.09708,200,35030.937698
652.900419,200,35059.030173
1035.787925,200,35076.347006
975.847549,200,35077.842306
137.811786,56,35095.590701
1110.789019,196,35118.200292
539.900135,200,35131.419609
1141.219006,200,35180.203776
1141.131402,200,35189.249154
232.483997,50,35200.552363
1051.094034,200,35214.802187
1171.226544,200,35263.7868
1136.239219,200,35274.189085
1161.072481,200,35300.188118
1171.234563,200,35347.262866
1161.166488,200,35359.984053
1151.128914,200,35383.972491
1171.169671,200,35401.108404
1061.417762,200,35402.5942
785.093037,200,35445.255718
1146.152606,200,35457.025784
734.161848,200,35485.848499
1136.224309,200,35527.408639
1040.874228,200,35540.576899
754.9986,200,35569.663773
1006.006343,200,35603.122447
1196.570681,200,35625.67638
1121.216375,200,35642.298497
1161.132561,200,35688.549162
1171.154045,200,35700.898245
1106.153258,200,35727.585611
1196.595695,200,35744.86263
905.331754,200,35746.417328
256.444066,200,35777.190626
1166.117095,200,35799.530942
1176.20492,200,35817.098461
1196.299642,200,35861.789755
1086.248755,200,35884.834175
1166.289279,200,35901.35593
573.271983,200,35937.486398
1161.159914,200,35946.561659
1075.913077,200,35968.126234
1161.559657,200,35994.417138

1081.196078,200,35967.989972
1145.869802,200,36001.793718
.50907,198,35945.492164
1055.791436,200,35967.052447
1111.159632,200,35993.345272
,200,35967.479301
1196.236552,200,35993.77008
20321.605762,200,31196.565406,21196.682001,200,31176.284904,200,35994.41282
0,35993.62581160.916917,200,36001.085403
.519628
36655
1196.598681,200,36001.000851
48,200,35967.977546
1156.151583,200,35994.268296
00,35936.653894
1146.518767,200,35955.999023
1196.54835,200,35967.418462
1146.05908,200,36001.16974
71.081939,200,35957.133547
1116.099062,200,35968.531871
1146.068078,200,36002.32448
