#{"t_start": 1666638482.714417, "env_id": "CustomMyoChallengeBaodingP2-v1"}
r,l,t111196.651416,200,450.523841393.702529,200,452.6487851511071.0637,200,919.625441231111.322104,200,921.561910911196.581534,200,1367.81204.51423.717168,200,1370.9119611181.336636,200,1834.4605423427520.092728,200,1836.9340118611066.229641,200,2282.53411964870.165795,200,2284.35761125.907831,200,2747.1046.29222111116.046669,200,2770.119107011197.206278,200,3194.850460.61196.043417,200,31911136.141196.913656,200,3661191196.814904.705321,200,3662.21131.108937,200,4111.76281196301.309514,200,4113.667383
1196.841140.943703,200,4574.8116.104870.497063,200,457611196.1161.109589,200,5023.22695.971141.423632,200,5025.11096.076495,200,5489.2927651151.5131196.62172,200,54901196.7179131196.405622,200,59133.0941196.837944,2660.086381.2881498.413264,200,64131196.431206.31196.661785,200,6414.221161.329402,200,6863.156054
1151.263452,200,6864.995207
1136.289495,200,7329.740095
1065.119148,200,733382.920258880.60875.150277,200,7792.541161.31141.109,200,7794.401959451161.55032,1196.1096.0526101850.5454.392754,384.5444011146.106385,200,8712.958412
980.6652,200,8714.805656
789.21131.139168,200,9162.511176.329159,200,9165.782619
132.61136.055554,200,9630.1161.2471186.44474,200,9631.952511911181.536765,200,10079.90874311256.576273,200,10081.7460197742.4866691196.545067,200,1051106.080595448.886891161.202111025.79556,200,10991196.1196.1085.979876,200,11000.651896111040.9541195.782805,2001196.831195.516823.780795,200,11468.1197.0981151.22691990.292481,21060.780852,200,11918.1196.311106.259542,200,12384.467667
1195.847091,200,12386.1045.762800.227707,200,12833.765.13961197.208322,200,121081.087356,1176.5925.363608,200,13301.5801194.1049.976392,200,13303.6441166.1036.191594,201111.13255,1195.688709,200,131135.97096,21195.776762,21196.471259,200,1374.203345,200,141136.265629,1166.556231311.782490.008641,2698.944095,200,14669.07782
1196.1196.514328,200,15139.8271025.694.271181.236331,200,1511025675.599524,21040.841074,20181679.655024,200,15611.074441196.70543,200,161136.064793,77.9188.551086.273788,200,16057.51111.231017,200,165231115.983509.45306.24141,200,161051.00970.71197.136762,200,161197.2175.551191.369095,200,16970.1195.9171197.265916,200,17435.1195.3391196.059219,2001111.031040.771197.022243,2001091.098110.660668.574337,193,1066.11197.0551085.864763,200,18351419.614121151.397266,200,1106.298005,201196.759893,200,18800.412855
1196.731913,200,18802.32239
1181.409275,200,1191.453756,201165.922493,200,19271.559799
1196.618728,2011196.219788,201091.27014,200,1196.805461,201116.204179,200,20186.173552
1146.163634,200,20188.040717
1141.206254,200,1196.418051,201075.963841,20801085.854897,20703.289712,171020.64305,200,21196.847011,173.64966,176,21111066.083221196.536846,200,21561106.09959,200,21562.361179
1195.758873,200,22029.12411
1196.133788371.305078,200,2203874.776569,200,22496.06595
1101.194734,200,22497.827636
1056.135919,200,22946.589552
1080.723287,200,22948.544156
133.23891110.96564,200,234161195.6098531.925677,148,234171195.879567,200,23867.606008
1136.214913,200,23869.488928
399.130453,200,24339.692938
1196.373677,200,24341.582734
1030.920.51177,200,24792.194141050.720025,200,24793.456351
1899.924541,200,25262.3794121195.214601,200,25263.105007
11195.415071,200,25710.62524311095.382686,200,25712.5022141620.742072,200,26179.785666
1084.704844,200,26181.11397
1196.092779,200,26633.351978442.589188,102,26633.770997
352.384497,81,27102.793209
397.395243,200,27104.542381
1141.390023,200,27553.140118
783.019051,200,27555.087815
1065.854869,200,28021.901226
1050.678,200,28023.712482
1156.312401,200,28470.196534
1196.027631,200,28472.038309
1196.571927,200,28945.12693
149.948141,86,28945.922952
1101.00139,200,29393.856816
1171.163743,200,29395.838673
980.935627,200,29860.972649
1115.995909,200,29862.885683
132.789259,72,30328.715421
914.752657,200,30330.662722
773.256586,191,30780.305458
1126.016382,200,30782.118009
1076.285626,200,31251.321984
1195.907908,200,31253.118165
231.649632,200,31702.164084
824.933299,200,31704.098311
1045.379806,200,32174.206469
1197.055884,200,32176.097231
1156.211399,200,32624.397357
1196.93613,200,32626.350851
1106.039687,200,33094.030648
1105.935295,200,33096.084677
1115.973316,200,33543.734468
1151.312638,200,33545.575481
1080.893935,200,34015.011569
1196.356112,200,34016.984061
1195.459962,200,34465.798445
1156.194129,200,34467.697916
1111.009893,200,34936.558078
1196.795132,200,34938.445099
1196.06724,200,35384.078661
1195.657158,200,35385.976269
1060.805116,200,35855.254863
1090.844914,200,35857.147589
1196.904115,200,36306.166595
276.581776,200,36308.245149
1035.916697,200,36774.699028
913.979591,190,36776.467434
729.406753,139,37244.863561
813.996493,200,37246.972695
53.542726,17,37639.649128
1196.075127,200,37641.357318
1190.961834,200,38048.738901
1020.873022,200,38050.536265
1136.286693,200,38445.538206
1141.075839,200,38447.253159
1146.162969,200,38851.685122
1136.027223,200,38853.442778
1090.912388,200,39244.151565
888.639952,200,39245.870335
1196.54622,200,39653.409002
1195.709734,200,39655.205832
1195.495932,200,40048.213297
1100.84331,200,40049.924052
1196.429221,200,40458.848888
910.253275,200,40460.679142
1196.255573,200,40910.94104
382.607752,200,40912.966615
712.25097,200,41393.398918
1171.243613,200,41395.459493
1156.228684,200,41890.026227
755.068673,200,41892.223794
1196.824486,200,42435.826965
1196.317295,200,42438.154219
371.36697,152,42963.311504
1146.033228,200,42965.442487
1070.876378,200,43516.731136
1195.394993,200,43518.684239
1066.056684,200,44038.426806
1045.926109,200,44040.387914
1196.85976,200,44592.832885
1141.048162,200,44595.000198
1195.895191,200,45092.321881171151.323485,200,45094.561804
1161.202833,200,45693.4135
1196.964768,200,45695.562717
1196.39336,200,46194.82698811757.193153,200,46196.992589
985.497077,200,46728.057397
510.504701,200,46730.108067
1005.734355,200,47279.555939
880.210841,200,47281.540027
1171.344599,200,47808.389381191196.66673,200,47810.358305
975.616612,200,48364.256501
1196.392372,200,48366.248835
1196.894766,200,48895.368171
561.278898,200,48897.379475
1130.984652,200,49453.425474
733.407723,175,49455.154473
365.862423,200,49985.704497
850.716016,198,49987.733275
1181.341123,200,50540.790495
1196.433175,200,50542.710861
1196.176788,200,51020.90083
1040.553661,200,51022.826339
1196.227797,200,51490.71796
860.376843,200,51492.633365
1005.99308,200,51936.973812
174.102975,91,51937.835061
1101.226877,200,52447.109067
1120.938337,200,52449.245713
1196.689633,200,53015.437741
1197.122703,200,53017.568671
1197.200843,200,53540.309626
1196.930884,200,53542.291781
1197.068277,200,54095.259025
1196.460178,200,54097.257379
180.519101,91,54628.055772
1196.798013,200,54630.065357
1156.113353,200,55184.285526
1196.996242,200,55186.56982
1197.255962,200,55718.548446
714.979542,198,55720.506527
1130.75456,200,56266.763007
718.048789,179,56268.528751
1166.447019,200,56792.687998
1151.095648,200,56794.65325
1197.090631,200,57341.392411
1196.513101,200,57343.42199
1075.614763,200,57865.846501
1196.357038,200,57867.828401
1166.214782,200,58417.673238
1125.924707,200,58419.70074
1130.848961,200,58943.188248
1196.21371,200,58945.324556
924.517788,200,59495.910881
1076.370775,200,59497.835557
1136.339424,200,60020.091363
1196.294786,200,60022.025314
1135.99072,200,60566.143644
1121.332441,200,60568.068982
1196.713026,200,61089.31507
1196.569361,200,61091.407415
1196.493623,200,61636.498807
1030.827032,200,61638.505961
1196.379486,200,62182.813885
1060.740275,200,62184.794751
1091.010106,200,62713.0813
1196.450113,200,62715.200379
1196.994609,200,63263.496892
1075.977931,200,63265.50876
607.610275,154,63791.36469
1095.982457,200,63793.376471
1186.334535,200,64332.424674
1176.169838,200,64334.434377
935.344849,200,64856.643486
1051.024468,200,64858.775089
1196.266364,200,65402.058736
1196.093804,200,65404.089844
1075.946496,200,65928.985821
1136.057253,200,65930.974707
1066.072617,200,66474.11453
266.886506,200,66476.176181
249.148928,176,66996.357062
1156.240489,200,66998.308564
1085.990917,200,67544.118249
1156.749422,200,67546.076052
198.854419,52,68065.440019
186.79579,200,68067.724735
1045.536648,200,68611.42671
1131.147548,200,68613.603994
1176.651091,200,69142.342278
1196.839144,200,69144.561525
1065.883269,200,69720.021168
1151.393925,200,69722.303922
1196.566605,200,70274.259806
1126.143619,200,70276.2108
1126.353623,200,70795.952846
197.452266,159,70797.526704
1146.4833,200,71352.207242
1106.353196,200,71354.213114
1131.324914,200,71876.761227
1196.493639,200,71878.733277
1191.722052,200,72421.553837
1161.643223,200,72423.532158
1196.229955,200,72945.879719
1176.435255,200,72947.866385
1136.540581,200,73510.705455
1196.490234,200,73512.78018
1196.373305,200,74043.513824
1136.246741,200,74045.527585
695.0005,179,74670.645422
1156.636018,200,74672.71802
192.656915,200,75293.736082
1030.877585,200,75295.916113
1050.971832,200,75936.704525
756.387493,200,75938.817009
783.063397,190,76554.371946
1196.433907,200,76556.459589
1196.562449,200,77200.515109
736.999917,200,77202.595847
1131.31224,200,77815.583409
1196.794797,200,77817.652715
1151.132362,200,78460.319554
1036.008335,200,78462.427417
1186.548191,200,79080.605673
1136.182193,200,79082.614614
1196.909937,200,79722.836847
1196.917594,200,79724.912565
1196.996407,200,80363.863159
864.558536,186,80365.944475
900.328933,200,81030.245562
241.652115,200,81032.252606
1196.712867,200,81675.118119
891.614944,183,81677.093444
247.177366,200,82300.552872
1070.864547,200,82302.594368
1005.757996,200,82942.490849
950.352587,200,82944.772204
44.547334,51,83558.48389
899.469089,200,83560.47117
1151.290372,200,84210.035872
911.777258,198,84211.992131
1196.840773,200,84830.641477
1035.871223,200,84832.667609
1197.02764,200,85477.09753
1126.31302,200,85479.340787
1197.551604,200,86098.373135
1131.523067,200,86100.476383
1196.642301,200,86740.935395
1035.88617,200,86742.842627
1197.172131,200,87360.609478
1081.047133,200,87362.801869
436.30096,111,88004.999419
900.421377,200,88007.072948
789.849927,200,88622.524812
1095.775156,200,88624.766501
1075.777305,200,89267.357726
297.400681,81,89268.164446
379.860326,1196.159611,200,81146.183106,200,89910.415614
1156.997516,200,89912.40793
1100.960145,200,90525.446556
1096.042712,1196.128958,200,90184.286689,11196.756102,200,91116.155305337.777568,200,9117697.153,181015.803004,200,1146.549003,201195.960636,200,1196.614423,200,92451.395326
1197.011136,200,92453.357952
1197.093311,200,93074.099599
1161.603415,200,93076.442211
950.483158,1196.607102,200,931196.859398,200,93725.441184
611.476674,200,94351.383189
1197.054991,200,94353.423167
1262
476.118289,168,94353.606214
4351.09156119377.700892,97,94352.092584.586992,200,943511141.270011,200,94352.1196.728891,200,94352.654637

350.789563
1196.947803,200,94352.828556
8,94351.483441
38
1086.250111,200,93722.261904
323.779771,200,93724.228902
141.915199,78,94348.957525
1196.078577,200,94350.966254
8941,166,93725.896552
1156.282923,200,94352.163209
1196.840933,200,94354.205031
9,200,13853.609844
1090.998445,200,13889.372196
1196.976725,200,13929.840828
1166.255353,200,13970.000721
1196.686033,200,13990.9299931353.241995,200,14045.383117
835.214965,200,14066.068596
1061.056137,200,14106.272109
788.777353,200,14143.519101
1196.705338,200,14181.852604
681131.089728,200,14204.208429.61080.947305,200,14262.531131.31115.380798,200,14283.561146.01111.035014,200,14323.231195.91197.026844,200,14378.751161.57036409.242119,200,14378408.5517,1141.310407,200,14664.9496,2001176.386595,2001076.365343,2001161.173259,2001196.616708,2001161.198303,2001186.261042,2001185.259013,200685.801071.33481197.175211,201195.781166.43581146.273103,201195.611015.96251146.172676,2900.09431197.12101035.807849,319.24771161.663911106.218511195.283701196.76061115.97955,1136.27141076.05861197.437898,535.86977760.09917809.821792,1196.69331145.327382,200,148881126.1400855.228811,200,14943.1166.4751196.911065,200,14964.237.55291196.058049,200,150031030.58945.758558,200,15040.43168.821186.329392,200,15081.31136.021196.70977,200,15101.972817
1197.305684,200,15144.0489
293.047767,87,15182.530206
849.62787,181,15202.70972118319.658069,94,15223.69489411197.191088,200,15245.401075540.02711,200,15278.746067
1171.475636,200,15318.752593
1075.862218,200,15339.22116
403.808831,200,15393.216815
875.27048,200,15434.233543
347.216669,185,15454.377567
594.694409,200,15496.692826
820.337141,200,15531.317439
900.44206,200,15569.304228
739.002155,200,15592.084955
1186.422633,200,15649.174911
1196.6969,200,15671.257749
433.721415,200,15712.801914
1121.07247,200,15748.354674
1036.082271,200,15785.796717
1020.927154,200,15827.502693
58.977935,66,15828.204829
1197.293654,200,15881.207353
1196.875216,200,15901.848586
915.43111,200,15943.820456
1191.469803,200,15979.749455
1055.922172,200,16018.09662
1196.814875,200,16040.09265
1086.13441,200,16099.46178
286.660771,200,16136.392369
1197.098494,200,16158.487546
1195.69931,200,16213.688094
940.48738,200,16232.224049
464.667718,200,16274.452713
1095.957507,200,16309.520984
1040.966752,200,16349.338699
1096.114293,200,16389.745433
1196.322026,200,16426.51817
1051.151181,200,16464.655209
1197.396562,200,16485.920896
767.534424,200,16544.367002
1151.454485,200,16564.451421
1196.357699,200,16605.810352
1171.278088,200,16627.231833
990.963589,200,16680.875877
1060.86367,200,16720.903305
970.607039,200,16743.404552
1196.757667,200,16795.841093
1111.303314,200,16817.123571
529.187875,146,16838.885149
1196.185275,200,16892.792602
1196.149111,200,16930.068265
394.070573,200,16952.671169
307.134866328.789462,200,1691065.876202252.759934,200,1703436.70957,1110.80171,200,171196.798671,1196.801119,200,171196.90897,1197.411345,200,171180.977925,1180.432196,200,171161.479665,1021.109902,200,17920.657084,21121.335923,200,11101.02012,201191.022401,2001197.456949,200425.698672,133,1197.175865,201197.37114,200,1056.008341,201196.643411,200,1196.89253,200260.642881,200,359.317451,2001171.458752,201136.071846,200,1196.746725,201171.303433,200,1005.651493,20264.046608,89,17227.999331,61191.437949,200,1136.200014,201197.164731,200,1035.891748,201195.974198,200,17634.951359
524.252711,176,17670.926925
738.899936,192,17709.229178
1197.163383,200,17750.999511
409.749318,200,17774.207226
889.40739,200,17824.727024
1196.918219,200,17846.877657
132.518335,62,17867264.515261146.395458,200,1790990.379281071.172425,200,17941071.055541081.090111,200,17961196.79321115.816781,200,180071196.96201161.091698,200,1805834.6753581176.359518,200,180403.46134,2432.006403,146,181024.760852,1071.17312,200,181965.5961771161.434172,200,181197.050888,1045.978468,200,18505.30227,200,18255.38749
599.132323,200,18293.14688
403.605084,200,18314.436927
418.792199,981196.725154,2001196.839833,200539.974412,200,895.280643,20372.978284,200,11166.534447,21171.385861,200,1458.596371,21081.287744,200,11197.277648,2533.721664,200,18389.388206,21197.101654,200,11196.448682,858.959774,200,1861135.9947081197.290294,200,1861197.4300781196.613842,200,181076.217552,1086.120165,200,18965.304716,200,18740.893678
155.8521671136.259614,200,181126.163368,456.367742,200,187184.814233,1071.098278,200,11197.102001,21196.675934,200,1291.95133,2001095.983934,200,18902.050046
1197.069007,200,18938.310459
1121.257848,200,18976.413567
1197.234832,200,19017.725929
1196.582494,200,19055.167829
1166.238093,200,19093.330653
1166.319936,200,19115.559936
1195.990321,200,19157.149168
1126.140033,200,19192.983241
1196.422646,200,19231.481234
684.498805,200,19273.270082
1136.119801,200,19311.693128
1161.49404,200,19351.198729
1076.180276,200,19373.431245
276.412306,200,19426.050883
1111.00915,200,19446.301875
157.419744,77,19466.706492
46.4419.279217,2001197.14281161.01126.039446,2001196.06001195.71171.436277,2001196.4871195.801085.753683,2001196.5881110.991091.08077,200,1086.1281196.3300.683009,157,11181.1961195.383.041088,200,19413.8299919.1025.987675,200,1669.76931020.910.37568,200,191015.9774387.295358,200,19800.914.3649950.877478,200,19841126.062211196.96885,200,198931196.70851116.32413,200,19916.1106.041150.941251,200,19958.21055.961196.319143,200,19992.960.75521081.34899,200,20033.1101.1871161.716614,200,20054333.980081080.987915,200,2010353.7570861095.891426,200,201453.743727,985.744593,200,2011181.69211,1050.840014,200,201151.129323,1121.729668,200,201156.551996,1196.114085,200,201196.392587435.950098,143,2032970.43897,822.774031,197,203768.987964,1197.185129,200,20386.206834
1156.263941,200,20427.1245911369.102337,200,20461.301281
1076.3106,200,20502.369369
894.318917,200,20523.492671
181.770374,200,20574.612581
1196.56037,200,20596.865866
1126.246916,200,20638.791923
1151.450649,200,20677.666881
1081.096979,200,20718.762143
1151.426395,200,20760.111333
291.875147,200,20794.034441
278.159598,77,20814.484316
1085.913694,200,20837.123975
1096.35914,200,20878.503843
1197.216076,200,20913.17401
1197.212866,200,20953.629641
408.700859,200,20996.360659
1176.445878,200,21030.007334
1176.4153,200,21072.104195
1070.992627,200,21094.343908
1131.241705,200,21150.261372
1196.449429,200,21171.709784
1196.61918,200,21212.987275
300.095939,200,21247.691265
1006.030797,200,21288.339179
995.545913,200,21329.293158
1196.511094,200,21363.827013
1196.5631,200,21402.781581
1195.857614,200,21425.276146
1111.321124,200,21478.611692
288.219948,200,21500.72988
1076.184026,200,21543.052847
950.444138,200,21599.122917
1141.300594,200,21621.284462
701.286115,136,21641.803638
1136.31913,200,21684.036696
1121.423392,200,21716.940956
1196.787923,200,21758.854051
1071.081437,200,21780.738599
1136.666044,200,21831.969078
1105.842505,200,21873.838521
1155.998678,200,21895.550463
1186.292388,200,21947.906748
1000.342436,200,21970.800041
914.929957,200,22011.719181
621.424208,200,22050.765329
1156.57551,200,22090.640769
1076.015592,200,22113.148849
593.004174,149,22152.893648
1196.080839,200,22186.228643
271.979249,200,22228.058716
924.907617,200,22249.920719
1141.228643,200,22302.323558
1195.937416,200,22324.262296
920.492597,200,22365.061953
1195.852775,200,22417.859256
909.511,200,22439.62271
316.897111,145,22460.852092
302.994151,200,22517.383835
491.022462,200,22539.348361
775.452471,200,22580.333648
1050.950238,200,22633.207404
1091.132378,200,22654.904864
1190.432876,200,22696.834564
353.192462,200,22718.151383
1150.423492,200,22771.094544
1195.890731,200,22793.469644
1195.942521,200,22833.591478
1196.047937,200,22868.245075
579.794963,200,22909.206278
865.633407,200,22949.973483
1195.952339,200,22987.167674
47.690184,54,23007.664061
1186.294815,200,23030.682278
281.64821,142,23051.538284
1181.46973,200,23103.486221
1181.597164,200,23126.380082
1050.887343,200,23167.499991
486.261219,190,23201.928114
152.077549,71,23221.321499
238.470268,200,23262.665952
980.287353,200,23284.8632
1066.122896,200,23338.015542
980.74523,200,23360.027401
1171.469583,200,23401.585309
1195.98295,200,23437.736037
965.648905,200,23478.934699
362.725975,164,23501.015379
1196.388413,200,23553.051041
1196.81575,200,23576.433442
576.299464,200,23617.65262
382.205842,200,23652.886037
1196.778871,200,23693.96545
1195.626974,200,23734.925312
900.625004,200,23756.045894
1046.135892,200,23809.104928
1060.287578,200,23830.994491
1195.71198,200,23871.281815
1195.465745,200,23909.140263
1195.625307,200,23950.576431
185.84351,200,23990.540469
1180.530891,200,24025.772594
1026.05892,200,24067.611847
1185.634919,200,24088.742059
389.121734,154,24123.053044
1195.861873,200,24165.002538
1185.381695,200,24206.24426
1196.67095,200,24240.488277
1156.353614,200,24282.81834
1146.275338,200,24304.892448
1154.919068,200,24361.14855
925.538509,200,24383.808928
1065.77444,200,24425.744107
1195.482611,200,24445.744706
1120.034839,200,24500.928631
485.61783,200,24540.42017
1146.270388,200,24561.290688
1186.311179,200,24616.002718
829.528361,200,24638.485816
53.632625,60,24656.764101
1196.727012,200,24691.85376
480.757338,200,24733.440806
844.306698,200,24755.829849
106.612793,45,24773.69485
1131.171186,200,24811.869798
1161.629669,200,24853.224349
180.570634,200,24873.28861
627.120858,147,24913.261788
92.646292,36,24913.612284
909.788324,200,24948.03309
275.939419,200,24990.474693
890.025013,200,25031.228775
1126.218891,200,25066.684571
894.473935,200,25107.028411
1195.711266,200,25127.80715
1041.036901,200,25182.723105
930.025768,200,25205.230154
325.196317,200,25245.228941
1045.348628,200,25302.896468
1136.119894,200,25324.41489
338.063756,152,25345.250899
387.830088,200,25398.771276
1170.504257,200,25420.250085
433.927765,200,25460.501551
1155.073238,200,25513.568544
1070.911086,200,25535.958848
1196.053996,200,25576.361399
1191.448305,200,25597.646054
1170.928179,200,25652.429935
183.517003,52,25652.980122
1196.051468,200,25693.090532
585.436674,191,25714.149552
250.479089,92,25751.611856
1091.197885,200,25792.393691
1035.59401,200,25813.966709
328.377876,163,25847.868368
182.261755,200,25888.600257
150.880863,49,2588564.1211951196.07452,200,2592905.2631791151.314113,200,259799.54939.91166.233519,200,26322.441060.8935.157278,200,261196.101051.59556.472132,200,26066.62404.11890.409251,200,26102.091195.1196.537183,200,26142.189114611086.173199,200,26183.65112
1197.009269,200,26223.765705990.666904,200,26263.135075
1171.707108,200,26284.47184
1195.584866,200,26339.573392
713.51043,200,26362.127361
186.738531,200,26401.108741
955.535551,200,26436.382596
1035.757898,200,26476.656013
134.232907,79,264971106.15991196.275286,200,265191191.37321040.485576,200,26574.2601491304.293267,83,26575.091171.5794.537429,200,26614.9511136.1195.625076,200,26653.707242.01096.142629,200,266509.41101.2433.532211,200,26790.04186.971151.307658,200,21166.3373.90751,200,26793.16141196.70301759.125175,200,268121136.2372905.264766,200,26834.38725.54597.769354,200,2687774.884.741196.059258,200,2691061261.036966.045753,200,26959541195.701186.291241,200,26911951196.97334.354429,121,2702454.894.731195.838378,200,2701156974.844122,200,27087.9946511662.335168,153,27108.058244451005.579211,200,27148.04525181195.697272,200,27188.21039245.836217,200,27208.703646
1130.057844,200,27262.881711
975.843477,200,27282.992759
1035.904576,200,27324.42972
1195.885275,200,27360.206932
254.824732,200,27399.254246
1041.278549,200,27421.554087
1191.639802,200,27475.58807
359.480226,115,27494.051713
1196.318094,200,27516.083401
143.496521196.01298,200,27111196.3913386.940945,200,2756761086.011116.107146,200,27611951195.651195.426083,200,271061.1196.091190.908035,200,271135.980.308813.515459,200,27711361196.01990.455594,200,277111961145.81111.229431,200,27811110815.12418.366663,200,2784511224.466686.397542,200,27868111040.411105.931406,200,27901191195.957641,200,1110.759201131238.281697,200,21196.131861191035.808079,200,2230.272084145845.109563,200,21086.33803352940.330967,200,2673.0015741081136.127837,200,412.24660211951025.88683,200,1005.8103811761105.891972,200,362.623671195.73927627.701763738.2161891197.08551181.366331091.1418661131.55151115.97921830.4305841195.744791071.11461095.8630631080.85218326.97068853.877337,260.52951150.84148864.270944,21196.631065.753221045.946201,200,2841105.762499,200,28473111025.711166.306853,200,28512221191.511196.32336,200,28553.6824.2361040.986197,200,28576.349.6181.48637,200,28629.8677865.1195.858022,200,28651.5891120.1195.965126,200,28692.9301197.1196.605216,200,28746.8761196.181.40769,200,28768.054610401196.630646,200,28810.93541195759.460901,200,28845.464831161196.545994,200,28886.59806941196.868538,200,28907.75230119155.3743,92,281101.084322,347.884039,200,2891196.989702185.380603,200,29001071.180081196.466204,200,2904314.9347259.698018,200,29046.1090.47201070.85845,200,29100.1196.6351070.577996,200,29123.1146.3881195.711521,200,29163.1195.92764.293273,192,29198.611195.1146.113412,200,29238.691669.885.563906,200,29278.892031041120.758165,200,29315.311971101035.72393,200,29354.651196111105.907824,200,29376.40731.381196.958225,200,29433.41196595.212958,200,29453.63852831045.542219,200,29474.54379501095.857749,200,29515.3787767.180.919017,200,29548.4090985.1166.351473,200,29590.878496.91196.76563,200,29610.601196.81197.035273,200,29665.791195.1131.038797,200,29687.010879111186.341176,200,29727.72869.1195.91196.967054,200,291056.1196.561196.206696,200,29198.61060.941196.221145,2001197.141105.9951196.864424,2001196.381196.781343.009366,200,944.96271.2185795.258634,200,860.041141.621734,200,29962.9990.1511196.748174,200,30016333.950261036.337757,200,301041.0528011196.959529,200,300744.817037,1196.768087,200,30899.677367,1196.127334,200,30281.71992,201196.100729,200,746.401153,2001197.152442,2001166.156864,2001196.586712,2001196.569306,2001195.598439,200889.708788,2001196.285462,200,30349.646446
450.255617,200,30371.224231
955.429876,200,30411.904856
155.560173,54,341.056619,200402.371056,2001197.137983,2001141.254063,2001196.825324,2001045.766126,200729.953711,2001196.393712,2001195.868,200,30870.004009,21151.194037,200,31196.7175,2001195.832165,200905.088335,200,980.480066,2001131.167595,2001161.17744,200,180.038825,200830.10076,200,3380.460228,201085.873669,200,1196.27101,2001020.660347,2001040.903168,2001060.772104,201076.183369,200,1196.597051,20122.122362,67,30945.557897,1195.70336,200,3091196.1635651195.583671,200,309632.73764,21196.404424,200,31195.7983,201055.735316,200,1197.27097,200676.382605,200,1116.172854,201101.260814,200,201.502029,115955.709382,200,1186.19747,2001197.155044,200723.105172,200,934.976562,2001196.165039,2001195.976589,21191.187357,200,31106.106873,21080.865837,200,31195.583477,1195.995655,200,31355.964662
1176.320867,200,31411.446262
1196.428583,200,31431.568982
1195.94986,200,31471.945961
332.216904,200,31506.327819
155.386629,86,31528.000633
1196.468725,200,31567.310495
1141.241127,200,31602.087145
1176.426188,200,31643.285382
1166.562306,200,31664.769399
99.399691,55219.101478,200,395.685093,1471196.894625,2001196.950476,200824.073469,200,181.331251,200639.811893,200819.517809,200,770.060447,1551161.394003,2001166.294737,2001030.722253,2001196.135266,21096.307703,200,3813.431806,200,31978.20108
1045.564822,200,32001.048642
1196.330846,200,32041.12988
1111.321348,200,32076.768682
179.975061,200,32117.842572
269.453972,200,32138.986563
560.16428,200,32196.630776
1131.022743,200,32218.52357
227.12676,113,32238.153479
424.044205,200,32278.6478
1025.72879,200,32313.814329
1196.761452,200,32355.381356
1156.206839,200,32395.568309
1196.320379,200,32431.619698
403.066204,200,32471.559289
889.805801,200,32492.604685
569.509462,200,32547.143992
1196.737384,200,32567.634541
1196.48696,200,32608.275161
955.37,200,32667.041867
1111.263022,200,32687.514085
560.471048,125,32707.772558
1106.049043,200,32747.317137
1196.488884,200,32783.017757
438.538096,200,32822.757665
1196.749622,200,32843.692799
1196.521578,200,32898.486225
171.947902,110,32919.728519
760.822491,198,32941.46902
1060.782803,200,32981.542593
1196.079746,200,33017.071562
804.642545,191,33057.792967
1197.076712,200,33077.808147
276.236999,130,33116890.09372794.445482,200,33156894.43491879.379309,200,331971196.5574323.39668,103,33198.1186.8541136.399875,200,33251.1131.2221156.358395,200,33290.1196.841708.565243,200,33313.11196.92347.948634,200,33367.641156.51151.198011,200,33389.481050.4980.654619,200,33431.305819.3673.671483,165,33466.676629.6990.655663,200,33506.49693.83930.517457,200,33526.961196.41071.022377,200,33585.911141.31196.197897,200,33607.111195.61195.988004,200,33648.001196.1196.231202,200,33683.7601070.1196.9419,200,33723.89501920.377211,200,33742.654212
1141.160008,200,33784.254418
443.480326,200,33819.718046
1181.490322,200,33858.750831
1196.665188,200,33880.76943131045.837237,200,33936.930381101196.470348,200,33956.979251111196.55123,200,33996.94331111106.192563,200,34037.429371981081.108478,200,34076.08594119915.467326,200,34116.463875111166.265093,200,34151.957799
1121.2852,200,34191.374136
398.467487,82,34192.1893731720.803476,146,34214.68956111146.224708,200,34269.61211961091.00394,200,34309.13397211915.584895,200,34330.35307861195.828336,200,34386.3125441181.644436,200,34406.902489
1195.763401,200,34428.100685
794.997054,200,34469.197692
1070.876674,200,34507.184547
810.247354,200,34546.826775
1196.498393,200,34588.331683
1195.504621,200,34623.879092
194.279094,200,34662.753785
1116.315734,200,34685.604954
975.314007,200,34740.733251
995.607476,200,34761.76796
990.385074,200,34802.580131
1125.975007,200,34857.102018
930.38979,200,34878.128079
250.676869,200,34919.411826
1096.361385,200,34958.165644
1156.128339,200,34996.824552
313.296469,193,35017.894457
1196.626016,200,35071.666055
1100.895503,200,35093.674257
1085.884825,200,35133.304542
1110.997328,200,35174.445759
1050.733337,200,35208.8823
182930.438033,200,35227.253110911081.002364,200,35248.73581101.142112,200,35304.393108
1151.417545,200,35325.427937
1196.931847,200,35366.154675
15534.855107,200,35386.542905601020.647363,196,35425.8901196.1196.448836,200,35465.90136.75436.006918,90,35486.931020.91106.211318,200,35508.671125.31055.830817,200,35562.283999151196.121691,200,35584.131810751196.260331,200,35626.302211261166.448607,200,35660.5884872.925.231348,200,35700.617410211196.108664,200,35742.736510751035.995221,200,35775.97521041065.771202,200,35815.80852107286.831569,200,35836.925427111196.855185,200,35895.715753111025.326801,200,35915.673325181081.086238,200,35958.223991171151.283182,200,35994.06857119990.89909,200,36031.83672511136.389003,200,36073.83836451106.151169,200,36108.64073711979.592514,200,36148.6554661281.883366,200,36169.639351
1051.216341,200,36226.09106741196.384801,200,36245.26994111196.20489,200,36288.596368111196.893504,200,36345.12627132960.524128,200,36366.22467119438.706236,200,36407.462273321196.571838,200,36429.257401141086.08914,200,36479.984839101035.878621,200,36502.348791181156.083018,200,36543.400001191027.839863,199,36578.738531191146.366685,200,36619.325001011111.236116,200,36660.162676171130.954028,200,36694.151310901196.925269,200,36734.757310201196.568145,200,36756.269811511196.518666,200,36812.728211961090.839977,200,36834.251211971136.357287,200,36876.4831196.1130.922978,200,36928.5611196.328.511736,200,36950.3184444.1190.7667,200,36991.823471191096.407654,200,37026.471291151056.022225,200,37067.31860109803.118475,200,37088.832921111196.239889,200,37143.769672101086.272633,200,37163.77974281777.741215,195,37206.915169
139.327525,74,37226.30981711191.327909,200,37265.14389
265.273942,200,37302.694956
449.943653,200,37322.889267
499.37504,200,37369.28724
1111.214501,200,37389.070408
1010.635208,200,37423.677566
1196.700559,200,37470.147271
270.061258,200,37489.02934
721.51557,183,37524.872857
256.254844,200,37544.81216
1045.627458,200,37590.068362
1196.446335,200,37608.96048
849.235207,200,37644.227003
1070.57466,200,37678.177071
1070.853458,200,37712.951531
965.274948,200,37731.739471
1196.451729,200,37778.050295
995.8354,200,37813.123451
950.175322,200,37832.72985
1186.146444,200,37878.90738
955.281852,200,37898.500363
1151.065921,200,37934.553214
1161.289732,200,37964.662428
1196.007454,200,38000.30912
1050.916967,200,38035.544187
1196.492432,200,38068.810946
1051.040211,200,38104.344391
1196.852971,200,38123.485369
1166.462317,200,38170.505999
965.405606,200,38190.103861
1011.071533,200,38225.432396
1100.969678,200,38255.439726
1196.750303,200,38291.082213
1196.55208,200,38327.001494
965.648356,200,38346.556521
1025.537066,200,38393.54437
563.959709,178,38413.034617
302.88268,200,38448.436752
1196.276801,200,38481.659187
1061.079103,200,38517.728636
1190.892176,200,38537.135913
1116.398743,200,38582.07351
1195.902535,200,38600.715918
1196.530738,200,38636.202106
1075.965743,200,38683.216532
1196.590073,200,38702.402782
368.782506,200,38737.855367
637.728939,200,38766.711041
1195.278514,200,38802.426439
1196.725786,200,38821.624395
1181.065199,200,38871.02632
895.83053,187,38890.574493
996.143682,200,38924.934233
1095.813277,200,38970.614465
1000.717796,200,38990.339971
920.486604,200,39025.220175
1195.543613,200,39045.367385
1196.141931,200,39092.220452
1195.578811,200,39111.298601
1035.983696,200,39145.994121
175.849107,98,39175.929104
875.059371,200,39194.467138
1176.2405,200,39230.100364
280.658551,200,39262.879107
1101.200873,200,39298.517067
1195.394555,200,39316.961709
1196.073167,200,39353.199976
1196.171032,200,39400.588596
114.603519,101,39401.539721
1190.943813,200,39436.384354
727.407319,137,39466.017144
980.652946,200,39502.097061
1196.442227,200,39520.987855
373.04706,200,39555.806122
1161.396738,200,39587.246984
1181.011562,200,39622.085843
1055.709863,200,39640.646423
254.347363,200,39691.64925
70.277929,39,39692.024576
1196.650607,200,39727.953619
985.425211,200,39747.052001
854.190121970.442319,200,39791196.107881161.13178,200,39813408.616739,103,39830.75212
288.091414,200,39877.076873
843.751989,200,39895.441008
440.9081196.407156,200,39932322.3744576.575225,200,399491096.121951,200,39980.765517
1000.675163,200,40016.079971
1196.799117,200,40035.277747
1196.893671,200,40085.859325
1195.520835,200,40119.731617
1195.476699,200,40138.977438
1196.009041,200,40185.627671
485.266114,200,40204.698667
842.783403,200,40240.453069
1126.318563,200,40271.002746
699.135277,200,40307.141307
1196.816739,200,40326.720187
1196.100053,200,40373.180984
1071.008921,200,40409.601735
720.137859,200,40428.456013
860.200851,200,40462.073237
995.532838,200,40499.993997
1106.307262,200,40537.980222
1196.334716,200,40556.822653
1195.62123,200,40606.378119
1195.959913,200,40644.398661
404.40389,200,40668.198781
1171.437146,200,40727.324948
308.833003,200,40751.855136
1196.289407,200,40792.449964
1151.232786,200,40830.173219
218.09674,67,40850.36926669865.538887,200,40873.245351191126.068046,200,40913.674251191196.721422,200,40974.866055
1196.663391,200,40995.157907
1000.653076,200,41036.564991
1195.678909,200,41073.867385
1080.978369,200,41115.224793
180.00219,200,41136.239115
1192.083146,200,41191.043273
1080.92166,200,41213.005295
436.728561,192,41253.949555
1196.66421,200,41311.170726
1196.589434,200,41333.736321
1196.224332,200,41375.619589
145.084838,75,41376.395529.4327.987526,135,41415.965940.4172.217409,192,41459.2481131.1026.091369,200,41478.179848.61195.619685,200,41534.981156.2188.516876,200,41556.9001111.1195.851494,200,41597.591151.01196.416857,200,41652.98278.69960.841047,200,41676.081006.11005.747417,200,41718.20875.671197.13624,200,41744.63683.28975.772803,200,41815.41414.301191.564424,200,41840.6362.1441196.34673,200,41892.11197.121105.925729,200,41979.332395
1196.220375,200,42003.092945
1130.869575,200,42049.964532
1095.875757,200,42092.302504
1090.961582,200,42138.566706
1196.527316,200,42160.427416
1095.851085,200,42213.052756
472.318782,200,42235.295789
691.07705,200,42277.045809
290.567232,200,42340.871147
1140.939177,200,42367.316581
1197.136196,200,42413.609556
1066.020868,200,42460.105083
1196.908549,200,42509.589777
1105.822707,200,42533.882141
855.364255,200,42594.81682
1195.624152,200,42646.74651
729.281862,200,42670.798586
970.736325,200,42734.492963
910.666432,200,42760.526954
1010.826003,200,42807.564261
1195.839813,200,42830.94631
1000.743163,200,42895.647027
1121.099199,200,42920.774727
980.814221,200,42966.483645
1196.627662,200,43039.849662
1195.755399,200,43064.256989
1196.760405,200,43109.28615
1111.184323,200,43150.815771
1196.598195,200,43197.608325
1086.452297,200,43224.237418
180.003426,200,43287.236197
965.830613,200,43337.716192
1051.018394,200,43363.230468
644.627519,200,43425.230188
1195.91033,200,43450.192053
1196.418237,200,43497.25804
71.686036,20,43497.479956
1061.032851,200,43565.231233
256.630632,200,43591.267141
1191.622624,200,43637.18816
1196.609197,200,43675.950266
1195.108478,200,43725.414546
1015.76593,200,43748.759998
1196.365614,200,43810.119495
1110.895319,200,43835.855385
950.339283,200,43883.15885
1000.324294,200,43928.87784
940.618892,200,43971.127445
464.659768,156,43993.888781
1065.671827,200,44041.057045
1036.030118,200,44087.157174
1095.632735,200,44135.66379
1196.412082,200,44180.964435
803.638568,196,44222.531102
1106.007955,200,44268.51067
1196.752403,200,44295.450497
1196.685766,200,44357.344678
1195.391775,200,44383.70081
1196.512024,200,44432.566961
1126.293433,200,44494.585799
1195.790691,200,44521.058637
815.113174,200,44571.043779
1081.201839,200,44616.612031
1130.97199,200,44660.304769
1196.764879,200,44682.407476
1197.001446,200,44722.928263
1161.125686,200,44759.570855
885.837792,200,44803.395402
755.458134,200,44845.702012
1196.856496,200,44881.709173
1155.967007,200,44922.289506
179.530383,200,44943.59822
1191.611729,200,44998.54964
1196.549913,200,45022.469581
570.651904,200,45071.097598
835.128607,200,45144.56619
173.31195.886013,200,45146.1995.448469.767005,200,45197.9182.0471171.391948,200,45223925.614691196.213459,200,45291196.86962915.411937,200,453171195.76661116.247485,200,45365302.09792985.751972,200,454121192.02231196.66135,200,45466918.65584464.056997,200,455271195.735178.901692,200,45579.01181.33613.980849,200,45635.351190.61060.859225,200,45667.21196.643684,200,45745.676148
830.149683,200,45768.698178
775.245419,200,45811.960505
1096.078936,200,45851.592742
1115.414758,200,45895.368554
1190.563487,200,45933.773605
854.598863,200,45970.978598
995.752776,200,46013.064233
1040.688691,200,46036.10215
1030.940179,200,46089.520507
920.513425,200,46112.365949
412.769365,133,46133.78048
839.234853,200,46175.047106
1110.939064,200,46242.800397
1196.843138,200,46268.810908
252.875151,200,46315.381665
1176.670081,200,46357.204133
132.409936,73,46383.949732
689.817397,176,46410.559399
1196.833856,200,46452.16083
1196.639166,200,46490.619191
1195.779617,200,46538.755633
879.016567,200,46567.17026
1116.17972,200,46632.365124
1066.123234,200,46680.10176
1090.915877,200,46707.744799
844.330784,200,46774.676856
1197.078043,200,46801.190015
834.19384,200,46851.723104
354.943551,149,46874.675726
1176.371875,200,46914.61682
1196.577393,200,46963.604414
1161.519674,200,47010.203053
1116.025137,200,47050.957092
1101.023312,200,47097.904725
1196.111694,200,47122.08499
526.253457,147,47163.194354
1196.661613,200,47210.392663
1196.601563,200,47257.013156
1196.285958,200,47302.650334
270.676183,86,47325.514934
819.937675,200,47351.273324
1035.849011,200,47399.166677
192.208069,45,47399.675984
1146.327141,200,47462.468277
182.029724,200,47488.292629
601.595061,200,47536.875818
950.318159,200,47599.962084
859.018882,200,47625.260325
1135.969695,200,47672.962296
60.438770.096215,2001196.38332.83221196.096327,2186.244152.7817131196.260452,1020.5935.522578,21045.996902,895.21040.965296,2600.1270651196.391196.709575,448.882946,468.693707,200,1196.123383,201195.886542,200,438.801586,201196.138547,200,176.149247,44,1075.988668,20779.106196,200,1146.025437,20398.561668,200,4301.716745,201196.71373,200,41196.534705,21136.16747,200,481135.955135,1146.268763,200,48955.825137,2980.56904,200,482960.682247,200,48318.263384
1146.251374,200,48341.948646
1196.367813,200,48409.917938
1196.209641,200,48434.520484
813.038279,200,48482.267886
1151.29111,200,48523.807846
864.931338,200,48572.791402
905.314085,200,48599.361118
1196.707247,200,48663.631253
1191.022328,200,48710.267488
1196.77601,200,48737.561733
357.016163,200,48799.540324
879.947034,200,48823.443267
1095.815461,200,48872.605914
935.599515,200,48918.54074
188.177806,200,48965.348937
905.538947,200,49013.638068
854.730851,200,49040.394494
980.539343,200,49101.056768
1196.999491,200,49128.306789
1176.599604,200,49175.239776
183.580415,200,49218.738941
995.847808,200,49264.995134
85.51196.539642,200,49265.31176.481196.54053,200,49330.851196.53271025.737604,200,49358757.886341136.101453,200,49401131.191391110.920815,200,4941196.20989,184.053173,200,495299.504376,1050.871143,200,491196.566346,1186.434439,200,491196.786634,1186.278467,200,491196.281889,849.360336,200,4961196.936384186.068456,200,49711166.263451146.443291,200,4975742.33120296.413418,200,49800775.111481196.590159,200,49851141.215945.606382,200,49890.61196.771196.570581,200,49940.1311.7901146.153354,200,49964.1196.516842.123204,200,50033.81030.71116.154862,200,50058.27677.701071.109852,200,50106.1196.704272.675864,200,50171.91131.10151.180269,65,50172.666423.5970.748876,200,50222.91975.491196.641844,200,502461091.01541141.443318,200,503101191.33881196.662052,200,503341196.8761030.790849,200,50383.754.6797182.177839,200,50422.1196.8091196.553235,200,50471.970.7851196.38462,200,50519.71195.981025.82652,200,50566.01196.95331.494937,200,50619.03701.091146.056228,200,50642.81085.72191.553212,200,50697.681111.501109,200,50717.283232
58.201196.884716,200,50757.1005.4271196.677651,200,507781196.3981196.462118,200,50830.1155.8391196.355058,200,50870.1166.227328.984759,200,50895.01196.931195.98315,200,50953.981030.61196.750124,200,50977.751191.41085.969355,200,51024.03429.335522,200,51024.402178
695.1145.954802,200,51081.0401196.1196.006281,200,51103.5801101709.770857,171,51142.576911361196.381663,200,51179.7952666.1181.430912,200,51219.2551196.341.115081,200,51241.858811761196.248529,200,51294.27831196305.944212,200,51316.13275119995.654502,200,51357.438564111181.02092,200,51413.04134
840.14886,200,51434.568096
1196.882298,200,51474.871474
555.950864,200,51512.549127
1197.04202,200,51552.428429
1196.638231,200,51574.606897
267.839287,139,51595.644573
1196.168032,200,51647.493873
1196.907323,200,51688.05667
838.342176,190,51709.811832
1196.34589,200,51762.084193
242.094716,200,51783.10218
1161.008882,200,51823.516877
1196.885466,200,51858.136027
1197.010407,200,51898.271976
905.35055,200,51920.522791
799.672992,200,51976.209929
1196.588351,200,52015.985144
1196.676739,200,52037.422339
1196.662477,200,52091.807142
1176.289631,200,52113.564542
1131.248708,200,52154.806387
1196.752281,200,52188.473701
1110.820362,200,52230.93883
1196.870224,200,52256.223151
250.827799,200,52306.464413
839.426196,191,52372.449346
241.753123,87,52373.498725
814.846885,176,52425.037901
955.385236,200,52473.678194
864.883,200,52521.699434
1196.586546,200,52548.50105
1196.51626,200,52598.234616
1041.134881,200,52639.678916
254.431206,200,52689.16309
1156.199668,200,52735.625844
1121.20916,200,52776.889109
1090.867395,200,52826.62669
1035.73815,200,52855.02157
1197.010104,200,52918.395058
905.214766,200,52942.436039
1126.183551,200,52994.036931
48.811371,55,52994.631384
1030.635785,200,53063.520798
1196.505517,200,53088.846959
1161.381818,200,53138.459985
985.418906,200,53199.577196
1040.686364,200,53224.700152
1015.508934,200,53272.949434
1196.944139,200,53312.336122
1105.946848,200,53359.599561
1106.061213,200,53385.968546
436.569879,117,53423.784278
1100.900784,200,53470.169787
1196.549035,200,53495.952752
1166.151913,200,53543.915148
945.568196,200,53610.982717
1196.571664,200,53636.386482
995.82239,200,53684.577246
1101.113795,200,53722.178247
860.074715,200,53772.088105
1196.367676,200,53797.900269
265.883616,200,53861.254699
1196.143979,200,53885.755465
1181.488948,200,53935.45253
1171.21413,200,53999.23834
523.349483,113,54021.506187
559.183898,119,54022.968612
500.308707,170,54073.594983
256.679364,200,54119.974432
367.513569,200,54168.578009
1196.573226,200,54194.251466
230.972405,200,54255.033717
1196.499481,200,54305.867407
1196.773758,200,54330.156709
1161.13261,200,54393.493053
1141.107443,200,54419.039166
1145.978681,200,54466.256834
1196.798575,200,54508.938557
970.344029,200,54555.641114
1197.027021,200,54606.019088
75.189012,84,54607.06938
165.996474,151,54653.114838
1105.774368,200,54700.874008
179.117905,200,54727.381824
985.814217,200,54790.045999
144.593268,69,54812.252936
1196.541859,200,54836.833444
1186.486647,200,54884.569666
1151.182715,200,54924.242523
199.725574,131,54947.37112911196.427868,200,54995.352575101151.36831,200,55020.1748849392.875579,200,55084.28103
281.834494,142,55108.017748
1156.183311,200,55160.586644
890.585481,200,55208.690711
1176.143887,200,55261.491801
519.432094,171,55287.256334
1196.677972,200,55348.550036
904.148797,195,55374.756238
1191.368057,200,55421.937562
1197.099286,200,55446.171823
651.0086,200,55512.913305
761.341573,157,55536.512368
1161.13675,200,55585.826555
399.227818,200,55625.218956
492.679979,102,55649.897613
1196.829901,200,55695.96508
1165.986181,200,55722.368191
179.72873,200,55789.876922
1116.229282,200,55816.042629
1196.856051,200,55864.297117
835.408951,200,55902.543568
965.546122,200,55950.2034
1196.638027,200,56000.307066
1196.913574,200,56040.319262
1161.213451,200,56087.763772
181.383544,200,56110.789831
1136.383408,200,56174.050417
285.871278,200,56197.891226
1197.180302,200,56246.069887
698.238758,169,56290.967664
365.08421,89,56315.186975
1070.774873,200,56339.054263
585.032826,200,56386.850816
990.512306,200,56450.220778
1197.19653,200,56473.785404
1156.367682,200,56522.365543
234.690387,79,56523.232172
1136.356529,200,56586.175482
1140.888016,200,56611.616271
970.764954,200,56660.432235
1197.080902,200,56724.76774
1116.014209,200,56749.001621
203.484848,78,56771.46789
1196.39907,200,56815.510279
1151.236623,200,56864.941248
1141.314641,200,56887.972428
1196.524967,200,56937.434343
1095.686763,200,57000.681058
1116.322869,200,57025.453099
960.603306,200,57074.066813
1196.881394,200,57113.326405
1171.224318,200,57160.906442
1141.45083,200,57185.502132
1196.609074,200,57248.434389
1101.059078,200,57295.007257
156.934026,71,57295.779705
1020.701253,200,57345.094461
376.404015,172,57388.332221
880.447937,200,57434.404114
1196.9533,200,57459.988109
1065.818639,200,57522.126044
1196.434688,200,57546.688102
1105.892432,200,57594.625922
1196.732907,200,57635.515393
1035.38269,200,57682.5698
1196.53726,200,57708.820608
1110.743057,200,57771.607203
1050.984747,200,57818.929919
1196.729563,200,57843.159632
1146.037674,200,57910.760288
1130.804341,200,57937.158653
1196.513228,200,57982.610661
1151.291169,200,58025.229253
1060.84354,200,58071.512829
1196.562975,200,58120.090783
1151.190475,200,58160.907929
1125.779419,200,58207.938173
1126.088572,200,58232.988008
145.030723,48,58257.556481
769.980169,200,58300.361342
815.263008,200,58346.743204
1105.905166,200,58372.253569
1196.870765,200,58439.899601
1171.37089,200,58464.977487
146.95609,72,58488.34146
1196.597449,200,58536.728394
286.525297,200,58578.331167
1136.008034,200,58625.004529
1151.358262,200,58648.813404
1040.633152,200,58712.261461
93.185583,63,58712.979136
1141.1438,200,58760.82509
1196.587786,200,58785.267615
765.096948,156,58848.667736
392.550115,130,58873.305241
975.330155,200,58897.437649
201.434676,200,58946.19162
1171.246347,200,58992.341752
351.170077,200,59037.372011
158.822992,103,59062.622456
1196.866469,200,59103.634333
780.550076,200,59151.903924
1166.269611,200,59174.980221
1095.717986,200,59224.710748
500.187119,151,59264.422965
1121.416138,200,59311.141132
428.1196.874494,200,59336.068945.41196.640393,200,59399.241086.423.313482,200,59425.99911116788.629942,196,59473.62925160745.427655,166,59516.182411971166.128083,200,59540.3261145.1146.371215,200,59588.59911861116.043479,200,59637.1300212.1141.047964,200,59675.6221196.539.194627,119,59701.785111961166.179864,200,59749.52211011196.486513,200,59789.71145119384.008776,200,59837.711695921176.558836,200,59861.369571191196.448681,200,59924.8112888786.394659,193,59949.93088942980.617426,200,59998.639941081090.682369,200,60065.329591041196.650203,200,60090.02238101423.938901,200,60137.452667601121.11411,200,60161.713586181101.20317,200,60223.797366111196.865629,200,60248.74167111995.815767,200,60297.22228911035.728385,200,60335.82650921115.807225,200,60382.929283921116.15913,200,60431.451679201085.707146,200,60471.135109783.894256,154,60497.158932111196.21296,200,60545.24012811197.127785,200,60610.74028911065.826684,200,60636.3490831719.400367,150,60661.253694
635.09391,140,60685.703873
1196.228406,200,60746.813473
880.791337,200,60772.269607
1160.879745,200,60819.702809
1196.824009,200,60881.224648
1196.31232,200,60907.53045621196.537187,200,60954.289304771000.624728,200,60996.5086869.1196.375323,200,61043.9591091.1190.850429,200,61068.603256.8717.828188,200,61135.8541015.1196.10751,200,61182.43861196291.66097,200,61208.51515610428.43491,200,61272.61757
669.120746,134,61295.557646
1196.673017,200,61319.703059
1005.67405,200,61369.338139
388.120109,200,61410.447183
124.072915,79,61432.474036
1196.307238,200,61480.378798
1196.651507,200,61503.576809
1196.756561,200,61566.720913
487.935683,200,61591.630998
955.206457,200,61639.261221
1035.680017,200,61684.401005
1135.936156,200,61731.185501
920.49336,200,61779.732586
667.040055,179,61819.894149
920.232063,200,61844.166813
910.250296,200,61892.68356711196.230595,200,61953.65346911091.193182,200,61978.2290381183.964812,200,62027.247556
1195.84237,200,62065.687178
1196.629414,200,62113.773701111111.23443,200,62137.7361621960.995396,200,62206.105043
1196.468201,200,62252.493845
1160.9875,200,62278.701927
1161.271912,200,62342.483416
900.311027,200,62366.110034
845.547268,200,62414.022806
1040.754232,200,62452.384762
493.867006,200,62503.569099
1061.043166,200,62528.569605
1197.167911,200,62579.691734
545.604998,167,62620.370486
1195.655683,200,62666.466474
1196.481409,200,62691.961804
267.893082,200,62761.807831
277.296183,200,62809.325595
1091.040028,200,62834.321289
1196.368324,200,62899.611484
692.985275,200,62923.423527
1196.727902,200,62971.854333
1196.86555,200,63011.489527
389.107408,200,63057.408066
1120.945847,200,63107.730707
750.039613,200,63145.866895
1141.03032,200,63193.555974
1030.532318,200,63218.46998
234.027616,200,63286.948363
1126.194303,200,63312.075189
1136.041182,200,63358.993905
1196.292024,200,63382.898839
1196.607366,200,63447.4634
1197.041123,200,63496.016598
1115.625426,200,63518.542942
1191.412996,200,63582.881736
1196.648288,200,63606.945091
724.928369,171,63655.187639
855.195123,200,63697.109625
1196.717788,200,63744.469945
244.426899,119,63769.985292
1136.011567,200,63814.984182
1080.976005,200,63858.101477
1196.338481,200,63885.514377
277.750898,200,63932.126264
678.234479,181,63973.6531
759.650042,200,64019.470941
1196.539289,200,64046.176229
342.552018,200,64108.709504
236.25898,200,64153.564827
835.212882,200,64180.001591
1045.605059,200,64241.262164
805.592857,200,64263.825516
1196.680142,200,64313.135433
1115.562814,200,64356.212013
1196.139656,200,64404.547194
1115.977283,200,64452.820218
391.98219,200,64494.506265
180.044394,64,64518.5915
137.068361,45,64519.074661
1111.359601,200,64540.684798
1186.551602,200,64588.590684
985.468865,200,64652.740888
1196.561587,200,64676.217856
1125.624117,200,64723.54164
1126.128648,200,64765.869049
216.726878,200,64811.668973
173.047085,191,64837.40079
1081.022212,200,64905.176616
161.098185,44,64905.638198
1166.497265,200,64952.08728
1136.041338,200,64977.975765
1116.03664,200,65042.255022
885.555859,200,65086.729637
1035.924369,200,65113.749844
1195.685061,200,65177.536222
1111.15178,200,65198.871211
1015.651689,200,65249.764709
1110.920016,200,65288.395347
1186.255383,200,65333.322335
1196.209001,200,65359.291497
1196.47734,200,65425.329821
935.564233,200,65471.891148
182.424529,127,65497.059501
1161.29031,200,65521.534225
995.76333,200,65587.169483
1116.308278,200,65610.576821
137.906317,46,65634.342491
945.753815,200,65658.215737
1080.788622,200,65723.451458
1196.838502,200,65746.788687
1091.021518,200,65794.102056
1090.80948,200,65836.248453
1136.420847,200,65881.946151
1141.265516,200,65931.029017
282.386968,200,65976.135906
1165.655369,200,66021.458771
1196.329289,200,66047.231319
749.07078,200,66109.356104
182.205025,200,66131.096513
940.542924,200,66180.921759
1100.978443,200,66218.521643
1196.064966,200,66266.33631
925.40987,200,66317.798069
1196.833315,200,66357.766926
1041.396816,200,66402.872491
1191.148545,200,66428.380474
1195.664724,200,66496.601285
1005.7583,200,66521.56989
1136.127955,200,66566.973913
1196.21452,200,66614.544975
1110.994658,200,66657.373531
1116.379645,200,66702.984769
1195.800675,200,66727.187109
1196.48788,200,66792.265786
1195.938546,200,66814.847975
1025.630641,200,66862.219873
1156.221588,200,66904.925191
1196.343554,200,66950.637987
282.016801,153,66976.193096
553.014051,138,66999.641917
1176.341662,200,67067.157198
1101.416102,200,67091.161015
1196.395515,200,67138.701534
180.97843,200,67199.21776
1131.585998,200,67226.983672
935.173458,200,67275.960587
1170.890079,200,67319.370356
215.108887,85,67337.516887
1151.310075,200,67364.052739
1036.131164,200,67426.12145
1191.64456,200,67472.77064
1000.503369,200,67499.262007
1146.118423,200,67546.927581
1095.929703,200,67591.950553
1196.001879,200,67637.891329
1196.469327,200,67663.150372
1196.023157,200,67727.390055
1075.847709,200,67772.809765
1196.201497,200,67796.337061
950.643385,200,67862.29874
1025.709859,200,67883.227999
905.140061,200,67932.019475
1196.54358,200,67973.12271
1166.840669,200,68020.186401
1196.310935,200,68045.599749
180.415365,200,68114.922758
528.291135,167,68138.14026
1141.50766,200,68186.995313
1116.235428,200,68225.56674
180.663113,200,68273.033493
1196.169286,200,68321.814983
1116.433013,200,68345.663547
1196.352796,200,68407.735915
619.010337,182,68432.860834
1066.205288,200,68479.328579
1071.190072,200,68520.858525
1046.079839,200,68565.925806
915.291791,200,68591.989756
1196.146295,200,68658.205425
1196.467528,200,68707.059107
669.730627,200,68734.747401
1196.902039,200,68799.688188
1111.413113,200,68823.870489
985.945198,200,68871.497072
252.931393,200,68911.345031
1196.25303,200,68959.92811
382.194106,200,68984.874065
1091.189761,200,69049.36231
303.103496,200,69097.979838
1196.649092,200,69120.125346
920.673589,200,69192.12614
1196.346803,200,69216.598256
1125.9441,200,69267.048668
1196.25137,200,69309.31103
975.737108,200,69359.770482
1196.977332,200,69412.153426
1025.909785,200,69437.457732
1020.994831,200,69509.172919
1101.131042,200,69536.794391
1196.748958,200,69585.590717
190.425436,107,69627.136309
1171.675615,200,69651.722392
1146.207879,200,69699.260694
1060.596355,200,69744.708302
1196.343912,200,69794.342281
1031.043182,200,69818.941264
375.89176,116,69843.89713
920.465166,200,69907.854183
1136.276544,200,69931.384959
1015.865346,200,69980.518923
797.654596,200,70043.717064
471.920576,106,70044.959904
75.741195,86,70068.205949
100.079889,97,70090.50964
935.601376,200,70114.407587
739.024522,170,70182.531255
1056.042673,200,70206.909184
1196.120825,200,70252.072156
774.614447,200,70298.344425
1085.803817,200,70345.395408
91.908368,99,70368.429439
1151.107733,200,70394.04713
1146.285017,200,70456.696272
226.950617,200,70482.44709
1005.644262,200,70528.965763
1085.778908,200,70591.891894
1141.316011,200,70618.184037
1196.433876,200,70662.148231
1195.940353,200,70706.884485
1056.219733,200,70751.803104
1081.029114,200,70777.964232
1196.128889,200,70844.236299
1131.075597,200,70889.813574
271.121603,200,70915.53605
1060.688284,200,70979.500518
1111.086855,200,71002.873402
864.988937,200,71051.078229
1196.118026,200,71092.689789
486.929776,137,71119.757051
1121.379376,200,71165.295345
1196.318138,200,71215.355421
1136.102569,200,71258.583169
1176.385567,200,71304.981152
1131.425107,200,71328.891169
1095.925513,200,71401.522352
1126.018045,200,71426.292716
1060.970862,200,71473.727975
1081.095514,200,71515.489288
961.034416,200,71562.510349
1076.104992,200,71609.6437
1196.585882,200,71650.551153
1196.847104,200,71698.762901
1076.255798,200,71721.992805
1121.363392,200,71785.474428
1196.355675,200,71808.906032
1196.761469,200,71856.038522
1196.780969,200,71925.132222
1066.401256,200,71948.234541
288.884279,88,71971.018619
1196.502734,200,71996.333776
1111.213851,200,72059.060111
1051.199091,200,72083.183988
331.630875,200,72130.564341
96.214892,34,72130.93982
864.847398,200,72194.591787
814.662664,200,72219.229151
1156.295573,200,72264.704293
287.822899,200,72330.02981
272.191051,160,72353.260847
1196.448944,200,72377.189492
1030.965765,200,72445.434615
1170.665532,200,72470.768645
1146.280166,200,72516.045192
1141.325228,200,72583.464566
1196.897229,200,72609.11368
57.073701,65,72631.291516
1001.150759,200,72655.350155
1111.04792,200,72718.849753
1196.56749,200,72743.517689
1196.518924,200,72789.740159
1166.342478,200,72830.194432
1025.029172,200,72877.131538
1085.992312,200,72924.099629
1196.681542,200,72949.074837
1141.070996,200,73016.89475
960.528491,200,73040.586531
1126.101353,200,73087.716005
814.809708,187,73130.652279
864.292053,200,73176.547267
1195.540855,200,73204.281555
709.534067,182,73272.287091
671.271316,200,73299.562499
1166.538298,200,73349.728593
804.584977,200,73415.916176
1136.340712,200,73442.444689
179.748532,74,73464.998498
970.818477,200,73489.954089
1110.982369,200,73559.208812
935.790365,200,73584.28716
1196.636555,200,73629.197148
1196.338804,200,73670.746744
707.258972,200,73718.55833
920.12254,200,73766.569007
1196.731119,200,73807.887565
1196.267115,200,73857.325549
1196.83665,200,73881.473465
1196.253577,200,73946.896936
1030.850463,200,73971.662544
1195.973495,200,74020.599444
1196.867312,200,74090.544054
1066.016281,200,74116.009356
853.971282,200,74165.660127
1146.334388,200,74211.906802
895.417923,200,74269.23744
1197.014266,200,74298.876072
1030.708191,200,74352.340357
1131.639108,200,74402.355195
1146.560015,200,74457.671748
382.027638,195,74511.436576
1111.101377,200,74562.277036
1161.475483,200,74617.855911
1085.618544,200,74646.682973
1111.253268,200,74725.306949
63.432885,69,74726.109062
1197.018093,200,74781.486578
1196.846622,200,74809.128226
1061.034291,200,74885.29608
1196.934822,200,74941.672585
1196.576753,200,74968.781448
1011.049576,200,75048.391972
1196.683896,200,75077.97298
167.433478,40,75104.264962
138.321442,41,75104.694386
739.953698,200,75178.19307
1131.406965,200,75208.059975
672.397092,200,75268.026674
1191.350187,200,75296.594799
255.560574,200,75376.154676
135.655113,87,75377.224855
915.837931,200,75432.866154
592.561056.144745,200,75479.41196.56910.431021,200,75535.271196.695289,200,75565.294386
180.081321,200,75619.745143
106.81196.83246,200,75668.40175.48460.587519,200,75697.0255.44411085.78351,200,75752.1136.411930.465994,200,75798.00960271156.216795,200,75856.58487119402.161678,200,75885.285749101196.787583,200,75940.42752811216.494617,200,75993.62026111156.215588,200,76051.14149411101.271506,200,76077.972029925.207887,200,76153.4993761334.446867,200,76210.234787
667.231331,169,76236.352767
1131.491462,200,76286.276609
179.915916,200,76344.03353
1197.0153,200,76396.126814
1055.769073,200,76445.649252
1196.394355,200,76503.118292
783.489828,181,76534.000782
1091.034856,200,76608.629313
1141.016141,200,76639.084239
1156.318313,200,76697.031967
1191.051309,200,76740.400371
679.795663,171,76796.397198
1196.853542,200,76827.743336
885.162742,200,76880.665568
1196.774573,200,76929.478115
775.406283,200,76988.948641
1196.99302,200,77041.477287
1166.252454,200,77091.189018
1081.237736,200,77149.160718
1191.553779,200,77176.239164
1015.820527,200,77255.39650311161.187863,200,77286.2329241356.17955,112,77315.752288
21030.343475,200,77368.980411961121.001917,200,77416.42671196576.009138,131,77446.079211191197.045384,200,77499.96652113651.489712,157,77548.238475101196.947711,200,77605.57673586185.558144,200,77636.21397487613.900024,200,77706.260006111196.5691,200,77736.001811
1196.758784,200,77794.25868261121.364551,200,77869.027911196.498262,200,77899.685953
1196.510615,200,77930.702496
1196.634112,200,77981.965137
256.680288,200,78057.725006
845.232898,200,78087.400972
1197.031644,200,78142.22069811096.171971,200,78189.29481
1146.524249,200,78249.21816311196.971212,200,78274.18175511196.546831,200,78350.3343251744.880715,200,78379.224354
1196.417268,200,78434.945391
1045.852829,200,78515.73679311101.058976,200,78545.93398311141.277988,200,78600.78596811146.498572,200,78648.38011
1196.94459,200,78708.541589
1196.913307,200,78741.376193
1196.790681,200,78812.344132
1196.379167,200,78843.312144
1055.754638,200,78900.913704
1030.757316,200,78953.780289
1161.200457,200,79000.47089421197.045053,200,79059.599722101196.469784,200,79084.608219111055.959286,200,79165.668497111196.358851,200,79196.999257301120.971877,200,79250.712510511086.444893,200,79324.028311961136.081435,200,79355.8427985.1196.385583,200,79410.221359.71196.502391,200,79457.1196.3121140.80032,200,79516283.192151115.961454,200,79541196.824971196.905748,200,7961196.9269571196.809357,200,79643.958001
1021.061208,200,79702.379807
1196.674229,200,79777.134477
970.693964,200,79807.349253
870.45902,200,79863.201807
1141.248675,200,79907.171839
1141.561057,200,79964.606166
1196.69913,200,79995.428654
1141.309805,200,80066.728149
1197.195067,200,80124.802222
321.10926,200,80155.826152
1151.173814,200,80208.146212
1070.986842,200,80256.136208
1176.239102,200,80314.471232
1005.711956,200,80341.75919
1186.467833,200,80420.756994
1196.392468,200,80451.821807
180.407066,200,80505.86958
1121.032612,200,80581.770025
920.241885,200,80617.062655
1131.1383,200,80695.394749
1065.845172,200,80747.175619
1196.705066,200,80808.328532
1196.600986,200,80841.785032
1196.509647,200,80916.003889
1196.810348,200,80977.339515
874.89683,200,81007.609482
1196.696667,200,81084.100247
181.142061,200,81114.762308
187.808132,140,81145.541093
1196.667481,200,81198.073186
1181.437701,200,81245.480643
1196.699318,200,81303.095104
1151.429954,200,81358.099304
1196.744563,200,81405.032917
899.609095,200,81464.319853
1126.366428,200,81492.685921
313.644957,200,81565.414251
1196.470126,200,81596.692589
1196.548559,200,81652.23157
1197.271802,200,81729.522202
1196.637621,200,81760.814048
920.231612,200,81815.366041
1111.166485,200,81862.953192
925.466603,200,81922.849407
1196.948053,200,81953.473243
1176.46061,200,82023.101894
1196.762613,200,82054.08147
1126.082014,200,82116.915899
1196.69044,200,82185.988622
1196.977171,200,82217.935915
408.93427,200,82277.107279
43.469727,50,82277.722015
875.761017,200,82352.362167
1196.664956,200,82382.872417
1196.454888,200,82438.407983
1105.964415,200,82484.670744
1196.726046,200,82541.258456
860.020625,200,82573.356136
1136.37463,200,82643.716762
234.71488,169,82672.138303
96.258872,45,82701.347028
1196.713753,200,82732.193515
975.727731,200,82803.92445
701.637351,131,82831.956351
207.611708,200,82864.069206
797.807717,200,82920.427181
1085.877524,200,82995.622186
1196.837511,200,83027.734792
1197.126213,200,83081.372997
905.30622,200,83130.083836
296.81321,200,83185.450234
1197.184502,200,83217.729171
792.286454,189,83285.003871
1197.02147,200,83317.673755
1151.130149,200,83375.89848
288.161688,200,83444.756757
697.053979,185,83476.432767
1131.210931,200,83536.04803
1156.246887,200,83564.069925
1156.561093,200,83641.704987
1105.873554,200,83673.203419
1161.865121,200,83726.55935
1025.690225,200,83774.498687
1161.39767,200,83834.945297
371.16101,138,83862.624057
1073.553553,189,83907.038153
1181.515474,200,83966.822718
1197.382782,200,84023.20176
1196.940172,200,84068.657807
530.895322,200,84127.4945
995.887003,200,84159.825923
1196.61107,200,84236.421184
1196.683911,200,84265.387188
1196.560992,200,84324.352712
203.108278,46,84324.888232
135.675362,80,84349.982534401196.568441,200,84396.06872881086.17814,200,84454.73259311940.84482,200,84511.462394
1197.078064,200,84558.06902111196.980041,200,84616.2055341368.164432,200,84646.517572
536.129861,163,84717.07681
187.149992,200,84747.258837
396.778802,140,84777.962415
245.482.886036,161,84807.912184.1196.538899,200,84883.161196.61065.476327,200,84913.451197.1296.983204,200,84974.0041197.1196.529314,200,85017.00410.15985.622755,200,85075.401196.8815.074011,200,85105.7201065.1197.278418,200,85159.3501016.1196.650424,200,85234.7931161935.446264,200,85265.661451191197.336721,200,85319.591449551196.918636,200,85367.128111411055.991257,200,85426.241196.71196.616093,200,85456.491197.015918,200,85530.432149
935.542688,200,85561.83449
640.660753,200,85618.74402
1050.961275,200,85663.303758
41.8108990.77912,200,1096.11030.9491121.073976,200,1171.51197.03599.000855,200,85362.091121.11111.06352,200,851196.31196.8301.722613,200,8591131.41156.341479,200,85913.341197.01156.461205,200,85986.26819.771197.21594,200,86045.91121.131010.885957,200,86075.81197.161196.91801,200,86150.581080.8709.568227,166,86180.011131.996.026037,200,86239.759411961197.34537,200,86266.889051191171.463398,200,86340.976876901061.032838,200,86371.3682975.1116.066976,200,86425.4401196.1151.311408,200,86472.12739.481197.133317,200,86530.8312.997584.350317,200,86561.0867.9611000.68879,200,86631.31196.61676.129936,200,86689.861196.91197.242625,200,86719.221020.8880.184169,200,86794.886280.51176.232094,200,86826.11825.01076.097308,200,86883.940.57321141.241381,200,869261066.23001196.549973,200,86984890.449351197.001046,200,87041197.03215904.50959,200,870871041.05051196.487973,200,871461055.91801065.986449,200,87175372.556621031.062922,200,87241086.291211197.473315,200,87271196.947561091.164437,200,87331197.010401025.631993,200,87381116.12974364.667014,200,874431196.5223227.458173,200,87501.1040.7951197.12885,200,87528.81196.981197.013418,200,87603.71151.11720.714168,187,87633.791020.8930.513278,200,87689.291196.81161.327978,200,87735.955.2767763.641773,200,87792.187.97921151.297813,200,87823950.42925895.590555,200,87895448.015231071.30481,200,879541131.26131116.266269,200,879841196.9983590.901495,164,88031.1020.928996.019986,200,88092.833.30701197.450165,200,881491096.12861091.164957,200,881921141.2837908.88975,200,88250.51075.92423.970797,200,88279.59393.97940.702145,200,88350.901106.216587,200,88381.518525
1196.802069,200,88438.894852
1161.109474,200,88468.009629
1197.298135,200,88541.210568
1197.242888,200,88598.129607
1015.693828,200,88626.438321
1196.799522,200,88704.755929
1121.11532,200,88736.515426
935.409049,200,88790.764138
727.652145,200,88838.123363
1126.15709,200,88897.739384
282.301605,82,88925.886497
1196.842145,200,88953.52692891197.086903,200,89029.161205101171.367293,200,89057.487548111010.795148,200,89111.980672951197.139724,200,89158.917204611196.873483,200,89215.8695639.1176.417224,200,89246.8521121.211.825041,200,89322.141911971196.735786,200,89378.377251191196.70198,200,89410.25782211334.699325,168,89453.702535221197.091694,200,89512.526611031146.536526,200,89568.071638801197.167752,200,89612.429711961106.179308,200,89670.0500449.1166.388799,200,89699.50915.31166.256533,200,89771.755811
1156.354688,200,89802.356765
271.897905,71,89831.180.392.1197.146975,200,8988511061196.181.544299,200,89936.11151141588.724702,182,89966.81196247980.796023,200,90023.47119119950.671424,200,90095.205116111035.719247,200,90125.17929711890.23921,200,90183.090111291171.612576,200,90209.601076.1965.825661,200,90254.9221196.800726,200,90313.869062
1196.444136,200,90343.17063711030.869569,200,90413.851452111075.879923,200,90444.762198911080.854956,200,90501.741851131196.467061,200,90551.2389511196.748982,200,90607.94870911196.553276,200,90638.90903811196.51556,200,90694.228718
835.310321,200,90741.953679
980.607227,200,90800.735992
1196.941864,200,90830.476381
1196.689007,200,90902.226248
111196.613376,200,90932.7355111066.007873,200,90992.271923
1196.503375,200,91065.339414
1197.564931,200,91095.027699
1015.657354,200,91152.15592
1126.15067,200,91202.124761
748.668968,200,91260.109328
1196.860962,200,91289.899029
1196.767547,200,91361.142982
1026.005725,200,91418.627861
491.935457,159,91448.203011
1126.19417,200,91477.430499
1121.23536,200,91554.984752
1045.661599,200,91584.295995
1106.029383,200,91642.7093
1196.735771,200,91714.3898
1196.757062,200,91746.397421
1131.034521,200,91804.096395
458.43643,200,91855.429747
1171.207878,200,91911.124684
398.286206,200,91941.416194
1040.85024,200,92014.313687
1196.581409,200,92071.870102
919.653015,200,92103.370997
1010.955248,200,92177.771401
585.495296,195,92206.607004
1010.903207,200,92266.10243
185.825439,200,92309.941327
388.375769,200,92368.286798
1196.890703,200,92398.162772
970.716878,200,92477.008945
1196.525218,200,92535.520911
1196.581647,200,92563.171758
1196.646519,200,92637.577645
1197.021183,200,92666.782686
673.270343,154,92697.283345
1101.209306,200,92753.640418
1196.492328,200,92826.370056
1196.410522,200,92857.936676
1090.999019,200,92914.702779
1196.503959,200,92961.527591
1086.068691,200,93018.5768
1196.365354,200,93048.520314
279.642614,163,93123.091587
965.659842,200,93155.018661
1196.823837,200,93211.797256
1196.431908,200,93259.438134
1166.389268,200,93317.043468
1085.793241,200,93348.596476
1196.90955,200,93420.099506
1101.091356,200,93477.205877
1141.370782,200,93509.003585
1141.01486,200,93565.075499
990.651381,200,93611.701356
925.172343,200,93671.739571
317.080427,200,93700.548516
310.949907,200,93776.39574
929.072488,200,93835.209601
197.464413,200,93867.30253
331.97623,200,93939.922193
1140.926026,200,93971.922662
990.485839,200,94029.915559
1106.052191,200,94077.065756
839.687188,200,94134.831547
1196.739332,200,94163.381381
970.250616,200,94237.842079
1101.0851,200,94295.524489
1197.185768,200,94324.69275
1065.87388,200,94405.985531
1181.273546,200,94264.770892
606.581077,200,94323.405196
1035.779347,200,94376.68977
.857862,200,94355.133362
1196.872954,200,94406.78391
66,200,94353.51462
1196.759221,200,94405.145147
711,200,94353.716692
856
145.433398,86,94323.701579
1531010.25077,200,94354.4494824.794211,200,94406.023296
101.103991,200,94405.877923

94295.620881
640.817122,200,94354.497778
1197.016141,200,94406.12468
05
799.794905,200,94237.380639
1050.797515,200,94265.631289
191.97224,200,94324.262982
206.076371,76,9187.039141,20382.70375,136,94825.2034,200,94406.000688
04.949369
291
200,94376.036294
,200,94322.95872
1005.714099,200,94376.240577
