#{"t_start": 1665611504.951576, "env_id": "CustomMyoChallengeBaodingP1-v1"}
r,l,t
207.403555,200,10.412242111045.958945,200,23.193073181195.95855,200,32.4941117462418.931046,200,55.22783095769.36602,200,63.3890.313578.980722,200,76.6380188.1171.215303,200,100.101111871186.046754,200,119491111875980.284336,200,1341721752281196.336627,200,1596491413.817842,200,185.907252.6227.709.354445,200,197107231116558.296619,200,210.6011334296.725269,200,211.32332970.575225,200,247.66960.5186.624.17218,200,261.940.069263,200,285.027376
94.631111065.797921,200,3618.8948454.469437,200,334.1196.442548.212821,200,346.7613.8218282.063812,200,385.325.0101070.822715,200,405.478.1895290.684819,200,418.1156.206222.882818,200,459.16128687464.218093,200,470.75391121715.882971,200,491.1185336255880.051221,200,505.60326110241.687356,200,507.10426.61105.557545,200,535.48244.0303.184004,200,556.861273.52698.908393,200,567.9689.409945.752314,200,607.11181.011030.685635,200,619.9477.865865.303107,200,641.6442148280.144734,200,980.635199,1182.79471,200,691.1187
1155.648976,200,71196.69508,1161.252723,200,608.549604,81196.594472,200,763.785334759.703495,200,660.295673,243990.857203,200,790.785991.824.406615,200,792.6147223.219.021778,200,827.618449
291.274957,200,839.512758
150.78442,491060.559837,21005.378335,200290.843599268414.62971,200,916.05782410413.430001,200,1161.545634684.929933,200,93911.030207799.790421,200,966.35247720.299188,200,976.44901.11125.997238,200,997.49265.10537.790136,200,1027.7794.8861131.457324,200,1051.865.2074341.655977,200,1071734.790071136824.878686,200,1084.48299744.908333,200,1085.4871
1171.6005,200,1114.406729
1015.381903,200,1137.685275
610.007585,200,1149.310734
1035.910371,200,1185.842931
270.883758,105,1198.602741
1196.744237,200,1212.569056
1030.534555,200,1247.739353
1116.100127,200,1258.473181
794.863778,200,1283.392836
1196.395074,200,1320.7471014664.779401,200,1333.18479881040.418426,200,1354.97515597536.109007,105,1369.36005372391.184569,200,1370.91137865619.067136,200,1398.14129181191.122447,200,1418.78370643410.399936,200,1430.83602305363.794394,200,1471.43320327910.873242,200,1483.85712970387.695012,200,1505.19991223447.558636,200,1530.16245850970.647755,200,1554.68091222414.19773,200,1565.124095651091.364983,200,1602.81698527187.129727,200,1626.89926915407.170177,200,1639.34286117319.47642,200,1663.068082
1171.72009,200,1664.456204
1066.658769,200,1690.845877
269.490504,110,1703.4312141639.428658,200,1726.824978
202.070679,138,1752.723716
850.22759,200,1763.403718
559.404351,200,1786.955086
1196.784555,200,1800.405141
673.235016,200,1836.643842
825.379325,200,1858.705914
270.274935,136,1870.859941
432.566401,200,1900.017205
805.454026,200,1922.380144
218.811124,191,1933.611739
5411.450549,200,1946.910076453.119071,200,1947.815705
970.868259,200,1985.601391
524.297469,200,1998.090211
1001.24521,200,2019.826376
189.928033,200,2049.285541
1196.401755,200,2071.579019
695.539304,200,2093.779347
749.363208,200,2120.189366
831.006807,200,2143.973849
109.894475,43,2144.3571548684.655482,200,2167.00379991140.390964,200,2193.93305175467.010552,200,2217.94700310930.185909,200,2228.7747932884.966177,200,2241.8485257434.322159,200,2243.4550888181.587418,200,2271.8506281141.357364,200,2292.7983965639.168703,200,2306.2856688820.212785,200,2342.9116941185.116613,200,2354.72752171196.47729,200,2377.42907961195.833211,200,2406.090301861196.662554,200,2428.265561071196.697535,200,2449.62819228231.499224,200,2480.30809780780.656795,177,2491.4675804.414.508438,200,2514.8462181.19486,200,2526.64537
151.1441090.75757,200,2528.51040.81361.894565,200,2565.951196.4220.872222,200,2577.326950.9634.882258,200,2600.906614.6628.953586,200,2638.055613.6685.775368,200,2650.66680.1237.76591,200,2671.8705524.744.720665,200,2699.88811195354.413041,200,2723.161171191196.75782,200,2736.71873431729.759201,200,2772.618914188.097721,200,2784.58916
1161.310023,200,2807.65632811120.675444,200,2821.69564491995.798012,200,2823.219408
185.722024,200,2848.927337
1136.306794,200,2870.064752
183.357907,200,2882.484815
433.92648,200,2920.464532
1096.218141,200,2943.342979
830.781354,200,2954.535987
76.28006,34,2954.820563
659.335685,200,2992.295298
625.251483,200,3016.864696
529.38364,200,3028.796634
1010.801851,200,3066.602005
462.384394,200,3077.825814
935.800535,200,3100.397927
1065.140953,200,3102.799771
183.676797,200,3104.163988
274.86608,200,3141.176201
303.075829,200,3154.653547
1121.188261,200,3175.322592
925.94637,200,3213.266018
1116.50809,200,3226.059858
445.428785,200,3249.1422
1111.648828,200,3276.981286
435.095132,174,3298.380853
529.417064,200,3311.017916
1101.638892,200,3348.446966
530.281791,200,3361.50093
1065.923984,200,3382.448233
525.251809,146,3396.461519
593.112463,154,3397.606103
338.734681,200,3423.873912
1036.010123,200,3435.92752
287.762676,200,3457.939911
1126.198917,200,3484.606259
625.2391,200,3508.117165
1196.596168,200,3519.219629
226.157357,200,3557.792665
489.184686,200,3581.660481
609.576745,200,3593.477742
498.461291,200,3630.732862
834.749445,200,3642.743835
333.786915,200,3665.231163
350.528659,198,3676.766941
181.878948,200,3678.236835
226.384,145,3679.400485
222.546239,200,3716.9347
789.677196,200,3729.749357
1170.991079,200,3751.875246
1085.497097,200,3780.685354
1070.528639,200,3801.554585
999.815555,200,3815.391427
227.019115,200,3852.892246
724.579089,200,3866.404763
830.449198,200,3886.819757
1171.105089,200,3924.690856
252.261143,200,3937.490293
469.875947,200,3959.479168
1150.341853,200,3972.928667
298.548057,200,3974.430206
186.316861,200,4002.400915
423.631613,200,4023.344186
569.200386,200,4045.682837
910.862953,200,4073.638216
664.741969,200,4095.876065
1060.723812,200,4108.189119
946.362493,200,4146.12124
1196.391216,200,4159.806354
990.63619,200,4181.079485
1195.888233,200,4218.994217
1035.775024,200,4230.054349
32.957427,38,4230.375853
1055.769376,200,4254.739214
499.125045,188,4256.441166.5225.996119,200,4258.3180.574975.837016,200,429354712.560820.895079,200,43940.358384,729.82049,200,432404834.767925.603886,200,436444369.5631101.152297,200,795.7423.1515789.785325,200,1146331.46524584.658517,200,422333.958979610.001759,200,41195.754386,59.866879,67,4452111150.931010.765215,200,4474771001.40960.007055,200,45121110.924170.553118,152,4524.3634.571318.885366,200,4537.961171.01089.979236,200,455779.440.10308.283735,200,455669.494.485677,200,4586.43302251151.384892,200,4599.0242870.1196.172421,200,4622.988745.6755.524254,200,4650.5473.945505,200,4671.771918
755.578025,200,4683.586222
243.04457,200,4721.812267
1060.39669.620457,200,4734.941015.606291,200,4757.610878
875.468125,200,4796.810223
985.129556,200,4807.841562
1150.869019,200,4831.086067
668.7474.574219,200,4845.004740.2800.312322,200,4846.506156.860.087109,200,4872.02761166386.709733,200,4894.28160759583.647031,200,4905.8980667224.883481,200,4944.18019745775.003702,200,4957.79494735552.969586,170,4979.719867441001.158029,200,5008.85031031091.087479,200,5029.40111476473.235737,200,5043.35259466595.391684,200,5079.73129227990.785756,200,5091.907277301196.524583,200,5113.905010301160.673906,200,5128.1416373.470416,200,5128.54899
815.744.699681,200,5164.24681175379.211874,200,5177.352211551045.848137,200,5199.35231080765.190614,200,5227.68943754343.293396,200,5249.60684106182.895131,200,5262.706384820.711368,200,5299.57757
351.910374,200,5321.065009
714.825662,200,5333.718618
243845.392492,200,5361.359911961165.83728,200,5385.145011961145.714297,200,5397.3123834.226.79011,76,5419.22651711673.715817,200,5420.6996985629.99667,200,5436.840654
547.671516,200,5458.634878
188.851819,200,5469.994187
1080.353268,200,5509.92519293920.438205,200,5520.0431861061.247416,200,5544.06454572675.062904,200,5581.612682611085.760835,200,5593.71317101045.463386,200,5615.90745849183.949906,200,5645.18859276870.12177,200,5666.98856381126.361025,200,5679.27174272800.220182,200,5702.004698981.318821,200,5702.410732
3911015.505934,200,5704.9167803.263.052545,200,5740.9279109282.587809,200,5753.8679411196.060414,200,5777.198778734.680829,200,5802.450974
529.347739,200,5824.099564
670.168329,200,5835.980977
224.70585,200,5872.755348
649.658188,200,5896.583491
1136.281731,200,5909.032437
326.960666,200,5945.951221
316.637646,158,5958.005819
203.45239,200,5971.142855
2251196.753187,200,5994.5064119931.011794,200,5996.11928664256.162558,200,6023.730697851175.71405,200,6045.13221464985.376873,200,6058.470175251111.210685,200,6095.96813112324.397047,183,6109.773459222.136585,200,6130.6188129552.861925,200,6157.88110486320.833281,200,6179.583845251.924621,200,6192.296699
940.358808,200,6228.693366
224.676909,200,6241.94421
790.233562,200,6262.606719
229.802276,199,6277.404237
422.667072,200,6278.917463
1110.7764,200,6313.817306
1150.954291,200,6326.690101
805.083109,200,6348.181159
694.818678,200,6376.108686
168.553204,120,6387.754881
238.228052,200,6411.104959
517.695575,200,6437.566201
1197.066941,200,6461.12107
870.200829,200,6483.244178
639.300147,200,6510.486578
1046.163938,200,6533.119909
1181.211045,200,6544.400377
1186.357392,200,6569.379092
207.583783,200,6571.025015
714.08012,200,6597.721887
483.515388,200,6619.329764
910.979691,200,6631.15886
920.01294,200,6668.705135
1076.020391,200,6692.090807
971.073596,200,6704.420354
1166.26238,200,6743.27959
248.381198,200,6754.091812
715.314296,200,6777.587771
1186.416711,200,6803.821264
1086.186595,200,6827.708016
201.584222,200,6838.989547
965.423716,200,6852.129513
956.213122,200,6853.609816
237.39174,200,6888.00703
910.642219,200,6901.696694
634.802197,200,6923.656762
819.582882,200,6952.321414
674.572602,200,6972.989415
295.176051,200,6996.584574
629.512265,200,7023.322265
1181.590929,200,7047.043155
1186.332756,200,7058.476167
1075.598505,200,7097.462594
614.256404,200,7109.190803
317.869481,200,7132.651473
880.684579,200,7144.698474
1195.931995,200,7146.063089
170.158871,148,7173.189089
1181.27973,200,7185.350111
1180.956804,200,7207.375354
632.864078,200,7244.025918
412.239269,200,7257.838597
1176.242654,200,7278.463961
584.51163,200,7305.811336
180.630212,200,7329.380135
1025.567715,200,7343.05938
428.959295,200,7379.145565
538.150929,200,7400.408801
1060.925471,200,7414.080614
581.923037,200,7426.442767
925.634095,181,7427.668687
655.175014,200,7464.019233
292.264475,119,7475.312198
444.241433,200,7488.601541
421.919105,200,7525.262359
182.176575,200,7537.441705
1196.453641,200,7560.458932
1020.858015,200,7589.346829
900.198265,200,7611.362178
1046.047679,200,7634.80027
674.245079,200,7662.824504
1196.171702,200,7685.787616
347.049898,200,7696.705203
895.051492,200,7720.805931
325.338814,200,7722.144851
679.742089,200,7723.507641
780.03489,200,7749.954551
1045.509058,200,7771.655113
1151.220133,200,7793.745064
165.141116,53,7810.676474
227.016192,200,7833.769144
1195.760192,200,7845.899029
1069.998625,200,7885.691269
759.768786,200,7896.804791
287.738138,200,7919.668056
303.296483,200,7932.032567
1196.280074,200,7969.841519
1196.916881,200,7980.831834
819.82017,200,8005.021183
635.678723,188,8006.765977
176.345576,164,8008.009654
328.108803,66,8035.489619
187.957544,200,8045.642642
226.356917,200,8067.160602
312.900985,200,8080.12489
528.218547,200,8117.250959
1006.033919,200,8130.32372
1075.731661,200,8152.069098
312.186348,200,8180.58517
916.470693,200,8201.164931
900.242255,200,8225.666417
975.379213,200,8251.533871
1100.653782,200,8275.106566
1110.970065,200,8286.422134
817.589578,168,8298.857295
736.130041,135,8299.972949
402.208459,159,8316.192032
353.825388,200,8338.005148
930.41349,200,8361.165992
181.295657,200,8385.520027
1196.877826,200,8408.672227
1191.468691,200,8419.088338
504.170895,200,8456.416403
175.089037,4930.383012,200,1115.705389,200,8481.282077
740.137337,200,8492.982512
613.950699,200,8531.477619
328.849887,200,8541.922537
1186.13885,200,8565.69506
409.271052,200,8579.516584
429.429253,88,8580.129833
702.975684,138,8605.750363
229.926144,200,8618.170874
76.613635,29,8618.42510434316.334952,200,8640.03660670729.566229,200,8676.698627591175.503079,200,8689.2011118559.067147,200,8713.033854250.694854,200,8737.867305
864.988602,200,8760.452893
880.379368,200,8773.77415
723.873865,200,8796.779036
1186.374453,200,8824.153492
108.041141.4750204.162754,20564.697263.4056513.145659,1165.803461,200,8534.678009,200,8871.531499
266.995733755.603733,200,88592.504589,194.403367,200,89580.104302,1195.840518,200,8922.138668
1156.237563,200,8946.234218
184.950627,200,8971.475337
1045.286452,200,8995.691638
1165.929039,200,9006.977402
227.312377,200,9046.158007
884.725607,200,9056.621315
955.867654,200,9081.631166
684.29616,200,9117.985457
660.021998,198,9130.204918
1197.027214,200,9152.194441
980.387067,200,9154.602313
942.722453,167,9155.961187
946.118433,200,9190.786252
1075.973581,200,9204.892829
759.938554,200,9226.570044
1151.752322,200,9253.425081
1121.010408,200,9274.300587
504.491293,200,9298.37328
668.9497,200,9323.112412
217.544704,200,9346.088229
1175.851184,200,9357.950186
409.168781,200,9395.385804
1196.251286,200,9406.693222
609.060286,176,9428.747494
848.429024,174,9442.018743
151.212554,101,9442.773913
746.99423,178,9459.544897
282.187407,200,9482.322514
357.396109,200,9505.485842
1161.484823,200,9531.232994
1080.683361,200,9554.765643
1181.254084,200,9565.470764
1151.248382,200,9603.390629
1070.629935,200,9615.29149
901.185699,200,9639.133174
226.738003,200,9661.387506
1060.999143,200,9686.389246
1020.956099,200,9710.155802
1131.13898,200,9722.847128
84.049164,42,9732278.1576815.165451,200,9734.876.7737865.310324,200,9749.010569
533.972521,166,97820.065194554.726849,200,978602.10962,995.907064,200,98182.588354,72.452688,81,9819470.87685895.205064,200,91191.718673,1076.11738,200,981196.800207759.523962,200,9891081.42283223.005931,200,9905.85494
774.708556,200,9929.681776
422.445532,200,9963.333952
287.679802,200,9975.973278
845.89436,200,9997.990088
258.244977,200,10012.095
910.061538,200,10013.740886
618.47876,200,10050.236339
365.044879,94,10051.041523
750.424876,200,10075.154513
152.339077,51,10075.53613.891071.813089,200,10112.21196.1635.214466,200,10123.021730.4864.925979,200,10147.226385
689.556511,200,10183.685526
804.889822,200,10195.372433
1006.44204,200,10218.130421
233.158855,200,10244.555978
1080.737336,200,10266.566474
267.018983,200,10278.32886
296.983015,200,10302.408206
330.120638,146,10303.509696
489.465246,114,10318.850181
935.264101,200,10340.343248
262.658289,175,10352.701573
267.565882,200,10389.806757
562.343497,200,10402.101144
1196.290858,200,10425.168744
995.584667,200,10437.175848
247.83736,195,10475.194147
221.921414,200,10487.779892
1015.205626,200,10509.624739
985.63566,200,10538.272907
459.086259,200,10560.005517
464.057638,200,10582.918959
689.22377,200,10584.782585
890.048044,200,10586.160533
745.445664,200,10621.612618
226.505043,200,10633.368569
810.308381,200,10657.333376
690.360409,200,10683.249342
93.981397,42,10694.783043
705.42285,200,10707.545769
292.029694,200,10729.474868
1151.421795,200,10756.962618
377.643036,200,10780.108539
154.316327,58,10780.64537
248.191148,200,10818.786084
785.08212,200,10841.746424
1020.877425,200,10852.558616
247.182994,200,10875.635124
403.193401,108,10876.36832
1161.395067,200,10877.737396
501.02092,131,10894.25095
693.558054,200,10918.678741
509.496159,200,10928.338953
1015.578605,200,10963.026714
1086.018468,200,10974.439739
466.869713,200,10997.782383
484.449989,200,11009.633183
258.21627,178,11044.469148
1166.396364,200,11057.287295
234.408829,131,11070.195176
114.265811,37,11080.882864.772.506031,30,11081.1550375700.307202,200,11105.5611184.714.629767,200,11128.75401020221.683017,200,11150.2314745.1191.322192,200,11152.478735
165.816925,102,11153.254489.6137.229373,108,11168.085217.61076.774598,200,11189.93416.90180.712094,200,11203.331197.001222,200,11228.231184
895.1722,200,11255.327643
659.874264,200,11276.548261
1180.896764,200,11300.963975
251.147292,200,11326.151011
1196.776661,200,11349.598737
940.504339,200,11361.023766
185.557775,200,11398.258737
1190.972607,200,11409.153413
935.15239,200,11434.030506
98.956493,42,11434.348736
1156.454561,200,11445.474231
1020.646037,200,11446.856164
990.591788,200,11473.967878
1181.875064,200,11495.292037
669.676293,200,11509.393951
313.708283,200,11545.266478
233.074748,200,11568.285377
1196.516438,200,11579.999745
532.295685,200,11617.607553
439.107766,200,11630.456328
484.61833,200,11651.93828
98.92369,37,11652.261299
949.915872,200,11693.121254
344.443284,200,11704.381733
1036.152409,200,11725.576231
574.331745,145,11727.049664
200.180432,105,11727.779845
795.851566,200,11755.327417
240.620097,172,11767.090727
1090.741762,200,11789.450128
94.933507,43,11789.857359
1181.026932,200,11816.079933
729.882537,200,11839.614034
735.126024,200,11862.789849
149.153873,125,11873.380798
1015.550315,200,11901.009834
654.707095,200,11923.874817
820.360659,200,11937.119198
509.32827,200,11973.706927
363.229031,200,11985.577506
1166.358459,200,12007.982096
1136.323994,200,12021.960318
484.173157,200,12023.452265
1055.33005,200,12047.804506
980.703111,200,12070.603293
1000.762267,200,12081.975614
1155.900879,200,12119.925354
248.101263,200,12142.848916
695.237098,200,12155.677201
170.300311,139,12182.498323
97.122985,35,12193.635.27851090.87252,200,12205.950776
282.633038,200,12228.718785
328.594066,200,12254.14933
864.956609,200,12278.297413
1196.761628,200,12290.307793
306.055876,200,12302.225652
874.882655,200,12303.778908
1185.961193,200,12339.578916
199.493121,74,12340.142931
1175.815915,200,12365.508997
1005.167448,200,12401.768952
593.353121,200,12412.188296
345.303379,200,12438.073634
1160.987453,200,12465.901933
1181.054821,200,12487.852598
1040.787994,200,12498.56785
387.798363,200,12523.507161
1196.481061,200,12560.951668
755.291008,200,12572.764379
104.965079,74,12583.145927
449.792997,200,12596.895453
518.011475,196,12598.395585
514.390564,200,12622.849875
567.842677,200,12644.095654
538.84883,200,12666.833013
744.455406,200,12693.846387
283.409799,200,12716.616161
1020.590946,200,12728.785536
569.737694,200,12766.169919
221.575199,200,12778.90389
522.940061,200,12801.622163
1185.818143,200,12829.4507
951.692894,200,12851.321654
905.28885,200,12875.882034
801.003148,200,12878.237318
1195.863575,200,12879.778052
1070.850529,200,12915.595695
1196.749144,200,12937.846806
1111.244911,200,12951.077636
539.440756,200,12988.954508
1176.814679,200,13001.538064
205.751783,158,13012.484769
799.756221,200,13052.525245
223.992448,200,13072.378366
744.71468,200,13083.804888
935.658473,200,13124.320408
229.238795,130,13137.324641
980.785078,200,13148.518462
340.240449,200,13169.123286
854.673099,200,13170.519354
328.254191,200,13171.891243
185.087138,200,13199.598602
579.36924,200,13221.805965
955.488401,200,13244.39303
205.259232,100,13259.057529
382.165813,200,13283.87258
799.770239,200,13306.164214
1105.958963,200,13332.853594
252.696422,149,13343.716954
925.629698,200,13367.694252
1101.130781,200,13380.797289
1126.646571,200,13417.506827
699.977102,200,13439.952251
881.212449,200,13453.00653
860.792641,200,13455.045622
492.325848,179,13456.386183
1071.293369,200,13492.78442
1135.74541,200,13505.34357
815.1296,200,13527.1774
1115.923658,200,13564.571768
97.949425,41,13564.898911
463.084123,200,13578.094148
1090.723883,200,13600.01718
684.597454,200,13639.55005
632.902361,200,13650.245057
445.053201,200,13673.261769
1055.764788,200,13699.981771
1036.324751,200,13723.714549
1141.407937,200,13735.788314
562.728935,200,13748.009696
739.78263,200,13749.525103
619.14361,200,13784.325522
512.989444,200,13797.846352
925.91261,200,13820.207524
920.716036,200,13845.809747
674.570642,200,13869.093087
1015.854154,200,13882.811744
222.41431,200,13919.491489
417.079522,200,13931.131486
860.428197,200,13954.371365
1146.607314,200,13992.736485
253.066159,200,14005.591116
487.985117,200,14027.203007
765.525333,200,14041.317846
633.696364,200,14042.848901
965.235172,200,14069.63274
226.724741,200,14091.679526
905.599452,200,14102.573059
318.363317,170,14143.082831
222.621882,200,14154.608106
1155.394495,200,14177.650875
941.034007,200,14204.770499
512.959863,200,14228.247287
815.382194,200,14239.6694
236.408096,200,14276.036601
1081.056657,200,14289.449739
504.759718,200,14313.260219
444.206113,200,14325.04901
1026.145789,200,14326.408784
224.191597,186,14362.523241
1036.423219,200,14375.791282
1070.67724,200,14400.101724
1196.373027,200,14425.410208
1155.733205,200,14446.962931
221.123366,179,14459.330126
435.725413,167,14487.446221
790.577125,200,14507.761939
960.815251,200,14529.797454
327.077799,200,14560.463811
795.408443,200,14582.815432
1170.729098,200,14594.418558
1116.76573,200,14617.105088
514.656275,130,14618.18737
1066.291441,200,14645.074818
1195.984049,200,14657.295778
1095.946011,200,14679.193196
414.559219,188,14706.815592
383.487467,200,14730.550209
790.686044,200,14742.158866
1140.794749,200,14777.736148
634.364672,200,14790.242712
578.85417,200,14814.832515
344.550089,200,14851.498233
358.148807,200,14862.726976
980.524783,200,14886.883373
129.352253,53,14899.882574
222.576035,200,14901.368868
1191.553373,200,14925.86225
790.480733,200,14936.905699
279.975205,200,14960.603016
1196.675385,200,14989.442054
1076.145102,200,15011.796525
148.912082,137,15022.767027
313.959658,200,15034.65658
238.622432,200,15073.896848
855.069414,200,15095.051964
72.993226,41,15095.376678
1180.862651,200,15108.127352
900.308441,200,15146.115988
614.778381,200,15169.500932
1080.724958,200,15180.124315
1050.802696,200,15193.453079
1196.135022,200,15194.874236
283.989875,200,15219.785007
624.541107,200,15243.428345
1031.192363,200,15256.149329
619.957715,200,15290.744243
388.450404,200,15304.238261
594.648089,200,15328.074296
1076.024551,200,15363.829654
1161.709365,200,15375.964449
1191.245503,200,15399.712306
209.508531,100,15415.983454
944.025021,184,15439.783764
723.784642,200,15449.966694
133.87065,79,15461.053213
779.970746,200,15475.280116
579.112955,200,15476.783502
794.334794,149,15503.092899
242.120407,158,15524.187775
890.386263,200,15536.245198
699.148342,160,15563.691983
1191.042564,200,15587.525353
865.53106,200,15609.600357
604.797541,200,15636.251518
1050.9393,200,15660.249274
90.013224,38,15660.577749
226.689924,200,15682.350454
619.780194,200,15708.688917
1195.904845,200,15731.513542
391.218514,136,15744.305196
247.458891,200,15756.835727
785.399896,200,15768.58351
613.991324,200,15769.950309
1131.515771,200,15796.824056
1196.689354,200,15819.587878
895.612604,200,15833.136803
753.829082,200,15871.346751
800.116986,200,15892.111948
1196.336257,200,15905.477339
1151.311201,200,15943.135824
262.974224,200,15955.017042
845.761639,200,15978.074065
774.768908,200,16008.777932
649.342755,200,16029.584183
1010.482365,200,16041.481061
795.581177,200,16054.277545
164.091796,100,16055.0242
243.161042,200,16084.589116
805.768739,200,16104.599027
1155.86077,200,16118.0014
905.890654,200,16152.857021
1195.951305,200,16165.534247
584.742136,200,16187.171283
552.996066,200,16214.008659
1030.583983,200,16238.453545
94.144405,37,16238.785984
799.269755,175,16262.207002
93.750246,42,16262.561402
87.24778,35,16262.866666
267.399782,200,16300.588328
124.241301,79,16301.216839
1125.998926,200,16325.065801
1140.585768,200,16348.30952
753.812739,164,16349.67689
729.546879,145,16350.76262
490.889771,100,16365.308037
514.765735,200,16377.540899
227.435145,200,16398.685895
1110.540263,200,16423.748032
181.532041,200,16449.621193
272.677964,200,16471.857921
1165.460704,200,16483.605825
319.145369,200,16522.119815
544.038375,200,16533.958259
690.447392,155,16556.748583
221.76823,200,16584.474382
308.52689,200,16607.126329
291.846063,200,16618.747669
1136.342653,200,16633.01869
564.962297,171,16634.313457
886.18061,200,16670.109108
263.919149,200,16683.648444
1086.362031,200,16704.436936
1130.605456,200,16732.009999
599.610318,200,16755.454745
604.811095,200,16769.120083
780.419554,200,16804.951566
890.503489,200,16827.565871
220.668671,184,16841.002368
502.423024,163,16866.862593
265.902267,194,16889.727773
1155.812596,200,16900.684793
549.665355,200,16926.751997
175.659116,90,16927.425227
491.838212,101,16928.19365
1191.1681,200,16953.142308
1165.765338,200,16975.800649
432.292767,200,16987.650964
1126.4487,200,17025.298749
860.610818,200,17048.510369
1130.4468,200,17061.368582
834.996564,200,17100.134256
273.649766,200,17111.896597
1185.974896,200,17134.70396
537.144175,200,17161.382547
895.211902,200,17185.372285
1025.957812,200,17206.179303
985.725147,200,17208.583117
149.44894,131,17209.566571
1190.940751,200,17237.188815
354.165146,200,17259.257481
1196.293307,200,17281.457009
915.636228,200,17310.026594
845.480039,200,17331.053613
1161.463184,200,17343.984154
563.985117,200,17380.440645
529.142217,200,17392.838909
424.863998,200,17415.008149
216.91814,198,17444.979793
264.428244,200,17466.275918
899.21516,190,17477.654312
258.014109,200,17501.235031
237.916086,200,17502.843952
1020.838689,200,17528.465132
615.032409,200,17551.84567
323.134907,77,17563.907119
186.293299,65,17564.400788
1166.076367,200,17602.483761
960.979739,200,17613.906029
960.998383,200,17636.007398
1060.912971,200,17664.073971
870.158202,200,17687.812781
212.418865,200,17708.824672
935.359372,200,17737.668565
594.035401,200,17759.829489
785.516407,200,17772.89186
449.254902,200,17785.360665
633.095187,200,17786.736655
1175.362326,200,17823.455365
640.149381,200,17845.446333
243.541539,88,17846.216251
305.695892,200,17886.121737
1195.992287,200,17898.697325
1090.63799,200,17920.252737
945.477655,200,17948.827836
180.71241,200,17970.850495
293.359123,200,17993.976021
405.983738,158,18005.148777
815.572982,200,18032.937918
222.524407,200,18054.992376
256.260078,200,18079.099703
1151.429874,200,18080.962185
1041.292649,200,18082.335144
154.317107,111,18108.040214
870.362766,200,18119.78884
397.946338,200,18141.961406
1086.245664,200,18179.194452
800.264672,200,18192.863447
71.424342,81,18203.800824
424.119977,200,18215.263387
1196.260067,200,18251.603816
654.483767,200,18265.144677
448.78558,200,18285.96986
730.131156,200,18325.958751
483.016627,200,18337.557182
225.438664,200,18359.746222
509.251904,200,18361.902744
1196.538101,200,18363.275179
680.040875,200,18401.08359
290.843093,200,18423.387555
1051.044365,200,18435.409658
251.384813,143,18462.43461
245.12906,100,18473.861092
293.5791.229162,200,18485.061130.6629.580641,200,18507.1451016.1141.253271,200,18533.008165.41110.464973,200,18555.76489.08292.674405,200,18580.15860.31438.567338,200,18606.271081.0851.165337,200,18628.175644.6644.433607,200,18640.9781181.466952,200,18657.018566
449.270189,200,18658.601521
230.61051.083862,200,18693.551030.3221.453512,200,18705.42242.560782,200,18729.783769
1155.69156,200,18759.45755
980.809555,200,18780.99247
710.314832,200,18792.646296
209.661127,200,18830.370053
1195.791346,200,18852.269733
871.365744,200,18865.059866
251.54715,200,18903.191729
1010.313825,200,18915.873592
956.018674,200,18937.276139
180.892898,200,18950.071093
278.91641,200,18951.445827
599.669788,200,18978.601841
1196.565892,200,19002.451512
1125.644722,200,19013.577552
798.846457,159,19040.627497
960.452647,200,19063.821241
251.938277,200,19087.44264
670.074065,200,19114.60496
239.366793,200,19135.714197
620.425041,125,19148.887999
1030.878486,200,19176.32125
1195.686568,200,19199.681109
971.403712,200,19210.454779
223.054506,200,19233.766126
584.636092,200,19235.534303
1186.03376,200,19237.03304
735.344004,2201.454636,200,191140.583028,200,19285.75471
1110.796465,1126.279046,200,191016.029737,200,19337.241151
397.674905,200,19357.997823
1020.371836,200,19371.310148
1171.604483,200,19408.570842
1165.872182,200,19432.218935
1125.855604,200,19443.95501
879.925613,200,19481.885544
830.284248,200,19494.934602
1166.150679,200,19519.006836
780.765542,200,19530.648228
622.853188,158,19531.746488
1055.655211,200,19558.404059
589.503798,200,19571.635783
253.561511,200,19594.487674
374.060458,200,19632.489815
649.499256,200,19643.792373
659.712006,200,19667.221194
357.786841,200,19693.48461
815.453626,200,19715.232671
885.260822,200,19728.251914
209.493623,200,19766.555058
1196.959626,200,19788.931581
724.367266,200,19800.203128
1040.423456,200,19813.210374
920.391897,200,19842.58848
295.345787,200,19854.372713
850.656336,200,19876.488021
93.493134,36,19876.783242
227.582758,200,19914.902651
1040.544183,200,19927.04616
920.753924,200,19949.433415
1196.499968,200,19973.539126
1050.9268,200,19998.301166
900.637606,200,20011.390129
68.37368574.62276,200,200211136.4892931.395141,200,20045.1166.9091195.718958,200,20068.194.94621196.57111,200,20092529.494831010.531574,200,20106.599405
233.304742,113,20107423.370791011.040082,200,2013445.8005261146.282757,200,201236.472423,200,20154.207303
197.304381161.192939,200,2016855.846621196.290365,200,20201101.2756509.480307,200,20215276.24584890.100539,200,202371120.84451145.765457,200,20265214.49163503.25911,200,20286.307.47271121.009447,200,20300.43504
1155.775984,200,20337.641027
945.711392,200,20360.585909
799.587027,200,20372.000052
801.505163,141,20383255.88302353.208129,200,20384924.124901195.841656,200,20421130.854221196.320617,200,20433.890517
945.159901,200,20455.037468
290.51793,183,20480.389874
262.97611,200,20504.731083
1196.363998,200,20518.07812
905.059813,200,20553.343142
289.668633,157,20565.280509
453.772162,200,20589.384803
1025.998391,200,20616.92405
815.826722,200,20637.761527
568.76939,200,20649.151705
362.746509,180,20673.01409
353.722784,200,20674.656862
232.526085,200,20676.177742
278.853669,200,20703.013877
694.901831,200,2072266.635494282.72925,200,20733.989127
905.632698,200,20772.624226
131.221177,128,20785.826324
1120.646849,200,20806.122918
54.59027,27,20801151.42902736.501862,193,20833574.58683825.708152,200,208561195.8844423.41554,200,20870.41196.251146.381171,200,20903.91196.68217.154732,200,20927.61503.00970.944056,200,20941.589493
1076.40323,200,20955.4230.471589.896953,200,20978.835.12971095.893554,200,20990.142603
382.888383,200,21013.80462
1195.944273,200,21042.441789
875.671444,200,21063.682265
865.140163,200,21075.000053
1196.450935,200,21098.585939
1086.18035,200,21126.707857
412.497598,200,21145.908149
1181.25495,200,21168.830374
690.70493,200,21198.460232
447.631353,200,21221.314644
764.595711,200,21231.17368
1191.446971,200,21244.422641
970.892962,200,21245.926779
1171.352415,200,21274.786263
58.29188,66,21286.974978
1141.519762,200,21299.060174
544.278946,200,21331.988009
725.096486,200,21356.633918
518.985412,200,21369.049317
1106.181712,200,21404.04136
1161.679366,200,21416.929113
1166.434186,200,21440.805375
920.181156,200,21454.150407
1176.588064,200,21489.743198
666.146903,177,21501.631441
715.483914,200,21525.442568
1196.325709,200,21527.541268
674.392782,155,21528.719326
669.030071,200,21566.734905
1150.683941,200,21576.654144
269.619104,200,21599.419441
1195.647235,200,21630.246814
1156.340551,200,21652.428096
187.090017,200,21662.505824
63.4234,31,21672.0862
1180.823158,200,21702.107052
900.010596,200,21725.235484
523.624918,200,21737.045828
361.858322,200,21775.250655
289.289623,200,21787.94203
780.041312,200,21811.155925
765.709288,200,21821.368187
469.063539,124,21822.227695
598.531414,200,21849.987533
901.159132,200,21863.388664
645.506826,130,21874.832038
1110.39801,200,21909.477403
1160.732242,200,21934.271902
1196.08168,200,21946.754333
1015.805111,200,21985.525285
580.235368,200,21996.015224
1030.603436,200,22019.871834
1115.617749,200,22033.096632
1191.476208,200,22070.714024
1065.846595,200,22080.242969
886.168028,200,22103.888364
539.852992,200,22105.834126
840.926935,200,22107.385208
1140.919895,200,22145.541494
1181.264455,200,22165.086864
50.791602,23,22165.25114
1181.080575,200,22177.35132
278.180758,200,22217.255349
1136.372388,200,22231.089674
1196.28536,200,22249.943315
328.966315,171,22276.549775
1165.747119,200,22300.731029
1171.784482,200,22314.331137
1191.447387,200,22348.130963
960.742069,200,22371.669463
699.84431,200,22385.190576
457.597946,128,22398.312497
805.472313,200,22399.871843
504.924691,200,22423.751344
1171.363491,200,22433.439801
564.382919,200,22458.093936
283.961318,197,22496.236294
729.313781,200,22506.70937
1176.298145,200,22529.454011
247.096588,55,22529.953938
810.132844,200,22570.771544
910.550791,200,22580.733575
523.638584,200,22601.889127
739.996321,200,22631.204597
655.97199,125,22643.012574
758.000987,185,22665.140556
900.491301,200,22674.470512
605.295278,200,22675.917052
77.189385,35,22676.159161
588.761948,200,22706.163905
261.787647,200,22718.503247
810.267284,200,22743.225483
1011.216212,200,22765.990985
1140.904884,200,22790.089118
715.315012,145,22802.890853
668.441985,200,22827.211869
1116.17817,200,22851.137002
1100.774525,200,22875.458014
724.965853,200,22888.287963
138.530201,36,22899.984457
379.435449,200,22926.172317
1191.516061,200,22945.554497
424.099173,200,22959.070001
1090.627912,200,22972.145573
769.703821,200,22973.69022
1100.823327,200,23011.10946
1191.76886,200,23020.086055
129.838245,121,23031.868598
164.403785,42,23032.231302
1166.174935,200,23071.736969
67.610036,30,23071.998933
965.527946,200,23096.075242
1106.473998,200,23105.971796
1119.938831,195,23144.455825
50.833555,23,23144.658035
77.745013,46,23145.058558
180.71319,200,23169.528163
1141.416661,200,23191.036797
895.607159,200,23216.010399
1135.344397,200,23240.270809
251.802226,200,23253.2602
549.633963,200,23265.184968
543.463946,102,23265.882585
230.791894,200,23279.379244
679.538991,200,23302.459631
405.322174,200,23314.280969
1196.379652,200,23351.749002
1045.052395,200,23374.54797
1196.265257,200,23387.128132
1146.250017,200,23426.786186
261.941287,200,23435.624614
189.550792,104,23445.525949
1161.546467,200,23469.083013
293.076411,200,23498.960668
1010.711574,200,23520.819428
1196.660832,200,23531.094654
695.310435,200,23543.764707
478.20301,200,23545.276892
80.381066,33,23562.320747
1196.138571,200,23585.320488
1010.653495,200,23598.377693
649.490209,200,23632.218926
1095.600669,200,23657.247977
1196.789169,200,23669.723823
1140.536946,200,23692.704437
935.486314,200,23717.962842
695.331814,200,23741.698275
1160.924409,200,23754.788055
238.31953,200,23788.568782
1065.943934,200,23813.373166
232.920008,200,23825.838842
644.676841,200,23839.867092
735.147551,200,23841.367436
1161.573947,200,23866.902645
574.309411,200,23887.414312
1030.744983,200,23900.788919
1041.007651,200,23938.157068
1191.826717,200,23950.52921
850.283722,200,23971.344365
1026.040676,200,24011.886409
1140.67183,200,24022.680706
369.0842,200,24043.206223
1165.760628,200,24072.121783
1025.33142,200,24095.817866
669.630402,200,24108.40294
1091.508227,200,24118.410092
134.181117,47,24118.745501
132.133814,146,24119.753412
318.157907,200,24158.912893
925.59242,200,24171.753821
62.982274,71,24183.98331
734.368899,200,24207.074674
805.356006,200,24230.033202
764.373994,150,24242.562011
296.20802,200,24266.651144
860.259527,200,24291.545641
1195.53257,200,24314.264054
1075.604291,200,24327.295123
483.809032,200,24365.469273
1166.083781,200,24375.917398
1090.706856,200,24398.889839
985.504478,200,24412.517911
523.894841,200,24414.017045
850.340504,200,24440.525627
754.580497,200,24460.283866
760.316299,200,24471.749385
870.224213,200,24512.163657
729.203367,200,24525.176619
1151.583138,200,24546.278902
900.67118,200,24582.566895
1196.272915,200,24596.268469
468.910719,200,24619.474638
513.545994,200,24643.684337
1171.320653,200,24667.219402
75.096109,43,24667.580641
182.31678,200,24691.084673
674.449673,200,24692.902846
1180.930453,200,24694.276309
1196.491904,200,24730.632103
463.732958,200,24743.950335
864.837722,200,24767.881591
644.434388,200,24792.750522
714.896034,200,24815.51175
1145.864164,200,24839.298706
333.265594,165,24867.431895
379.554012,183,24879.123526
944.648238,200,24901.193505
1151.497901,200,24929.691572
430.12949,109,24941.834003
1105.451449,200,24963.922514
1181.40208,200,24974.798579
1009.950512,200,24987.673804
359.901013,73,24988.220573
519.207142,200,25005.839513
750.377624,200,25029.580101
1185.871502,200,25040.406538
65.632637,28,25051.445765
362.568305,200,25078.123116
1021.070399,200,25101.895973
699.831756,200,25115.846927
488.933481,200,25149.844837
905.082651,196,25162.571536
1196.292283,200,25186.848083
1191.552815,200,25224.518661
865.338214,200,25235.457711
1196.472381,200,25258.998156
665.082641,200,25271.945951
1166.640505,200,25273.545493
665.170256,200,25275.085997
1196.273929,200,25311.834155
1186.819236,200,25323.201143
1166.405662,200,25347.164075
274.057717,200,25374.272154
216.664334,200,25397.417027
414.063698,200,25419.021346
1055.848992,200,25446.446688
704.914819,200,25468.006167
1176.754694,200,25479.243427
1196.270275,200,25518.61487
1035.802549,200,25531.535676
995.620535,200,25552.982368
870.504295,200,25565.399354
839.669126,200,25566.764901
157.020148,102,25592.657227
619.940838,200,25606.013726
925.780484,200,25627.566612
880.394541,200,25653.21391
969.899419,200,25676.464667
382.845049,122,25688.756316
1095.958035,200,25701.877122
1191.671399,200,25737.028425
614.5196,200,25749.55625
1095.963369,200,25773.035933
462.127873,168,25801.10314
990.866252,200,25822.834552
1196.397885,200,25833.804457
1196.192259,200,25848.079856
610.154823,200,25849.59234
365.65153,100,25877.296708
889.739799,200,25898.962625
1085.755396,200,25910.838995
1066.281133,200,25950.142902
1040.479863,200,25961.694089
790.367494,200,25983.860329
1015.674066,200,26011.598148
1181.591944,200,26035.526838
749.57339,200,26057.496451
955.392154,200,26084.667477
1036.556552,200,26108.265999
525.806703,200,26121.015405
182.299044,200,26143.043277
1196.292922,200,26144.48463
976.17397,200,26146.075575
1196.330159,200,26174.245051
780.169967,200,26198.052391
369.245864,200,26219.024373
1026.230041,200,26245.187877
709.788102,200,26267.990371
754.999689,200,26281.384917
1091.181773,200,26318.968769
1160.941055,200,26330.80084
575.004369,124,26341.898021
835.831267,200,26382.277021
115.979876,39,26382.576
259.708135,125,26393.554052
1115.901606,200,26415.836678
640.537779,200,26427.777875
1196.179013,200,26429.363747
855.09715,200,26430.850237
41.970453,19,26458.703466
1036.044722,200,26469.673433
1131.427335,200,26491.653605
39.146514,45,26491.999189
1176.333359,200,26532.198538
945.195723,200,26545.450687
654.405297,200,26566.434002
965.538299,200,26593.151199
975.042302,200,26617.112621
1125.917987,200,26630.270184
1130.716072,200,26651.455786
809.98543,200,26678.534872
1196.253908,200,26702.025245
153.919637,88,26714.761231
855.884162,200,26727.522576
523.561438,200,26728.898544
714.264016,200,26755.220846
1070.55908,200,26777.251153
392.602624,97,26789.652871
1196.490565,200,26815.846856
1195.760342,200,26839.033651
514.779755,200,26850.294813
1186.365908,200,26890.138737
375.513926,89,26901.515701
322.910587,175,26913.282844
1196.547935,200,26935.910904
1196.247932,200,26965.867015
1075.72285,200,26987.985249
884.793585,200,26999.936805
1100.652299,200,27012.454061
553.736298,200,27013.962731
1021.601368,200,27053.774416
870.753252,200,27075.226273
655.03229,200,27086.95812
1160.814003,200,27126.352499
1091.629559,200,27139.627055
1131.172287,200,27161.05885
579.767558,200,27187.511019
890.793031,200,27212.001726
253.638854,200,27224.776586
910.277393,200,27261.671432
264.558652,200,27284.260819
870.949317,200,27297.310682
1120.204258,200,27311.057428
223.709444,148,27312.182735
1066.330566,200,27337.96206
1176.253385,200,27359.898738
127.545403,135,27372.149185
53.012834,60,27372.646178
188.144586,200,27411.435488
678.108968,200,27423.769207
1196.122003,200,27444.989643
1005.244303,200,27475.252492
1091.145576,200,27497.429278
394.44613,200,27519.033607
929.901694,200,27547.322593
835.143627,200,27569.454806
220.574699,200,27581.451357
1146.689224,200,27595.547467
720.207552,200,27597.0509
1185.797134,200,27633.905383
1075.258917,200,27655.046041
705.077525,200,27668.022013
227.77567,200,27705.834981
1156.3772,200,27719.706777
1191.378136,200,27741.218389
253.664041,161,27768.528574
991.179379,200,27791.196194
1135.747515,200,27804.329238
249.04494,200,27842.089719
991.38939,200,27853.364514
220.713973,200,27876.030621
1196.555943,200,27890.010993
669.395058,123,27891.046728
519.80566,200,27917.649469
382.998865,200,27939.836794
1025.903485,200,27951.467693
202.484799,200,27991.07856
1145.517511,200,28003.076602
1036.367478,200,28025.264204
384.18966,114,28036.419388
1091.267424,200,28064.960886
890.178977,200,28087.522988
1101.634633,200,28099.369732
971.317788,200,28137.143318
354.493571,200,28161.270014
1181.662449,200,28171.921694
1196.770233,200,28184.50228
197.78193,140,28185.587389
222.51907,66,28200.785757
1000.917967,200,28212.812361
815.421807,200,28235.180691
1010.911178,200,28247.352497
1196.166973,200,28285.679516
610.287335,200,28297.901049
1195.767648,200,28320.752836
855.710405,200,28357.415219
1130.894479,200,28369.843272
1050.997464,200,28393.594586
40.860129,47,28393.99143
769.646749,200,28430.575682
809.924871,200,28441.828446
1055.886695,200,28464.539067
183.761906,200,28466.411298
256.003214,200,28468.03681
120.420383,43,28485.022291
985.097711,200,28505.62181
504.091926,200,28528.666934
710.142956,200,28556.476522
619.290457,164,28569.366825
1195.98861,200,28590.40535
64.795528,43,28590.749643
919.959992,200,28614.827763
52.730469,60,28629.461539
186.296954,70,28641.135022
836.263001,200,28654.496417
491.467694,167,28675.97973
1185.591379,200,28702.715271
1196.135689,200,28725.526065
279.360193,200,28738.209876
790.778019,187,28761.579283
293.108772,72,28762.075553
1111.187478,200,28779.176935
990.470344,200,28800.087528
830.008084,200,28811.684941
1015.389911,200,28850.515436
1171.61478,200,28861.904289
1025.422359,200,28884.498302
1125.46006,200,28912.624761
1181.268828,200,28934.457323
774.82717,200,28957.913514
488.986549,200,28968.060426
870.622695,200,29007.249461
810.069287,200,29018.940034
759.576484,200,29042.993182
59.366149815.33476,200,2904614.184836931.473456,200,2904670.674384654.193851,200,29084.924886
875.632267,200,29096.893992
885.775262,200,29118.946087
74.094155,47,29134.1176.0591186.666044,200,29159.154.48261066.219878,200,29172183.803871131.385266,200,29191060.761841015.441374,200,292724.828531,244.103569,200,29245.593189
950.367065,200,29267.602684
124.09437,109,29282.783171
769.837329,200,29304.466863
1136.358975,200,29329.148737
1195.581306,200,29342.382168
1196.457865,200,29343.763359
995.947288,200,29370.743081
247.445444,163,29392.064597
284.671879,130,29404.483887
534.380822,200,29431.447332
1051.301579,200,29453.51367
1185.937179,200,29464.928677
1176.825776,200,29505.149019
749.512572,159,29517.727663
1171.3623,200,29538.803417
834.987394,200,29550.303693
255.959471,200,29590.115049
148.086092,51,29590.557189
1010.415577,200,29613.345183
789.824273,200,29627.487098
1030.486564,200,29629.170571
864.837131,200,29665.608534
1040.757631,200,29677.784343
1196.763689,200,29700.139764
439.060767,200,29726.612545
926.053212,200,29750.024028
549.563521,200,29772.217453
544.437155,200,29798.84812
960.489349,200,29823.488169
1196.600445,200,29836.29386
409.022673,200,29870.436561
1025.767637,200,29882.34415
266.917456,200,29905.902879
996.237072,200,29920.074027
284.598206,125,29921.117125
184.702038,200,29947.636129
1010.669147,200,29960.256346
820.193702,200,29981.883049
550.038719,200,30011.309406
1090.808318,200,30032.64104
1195.802872,200,30053.421748
594.589321,200,30084.326679
930.083516,200,30108.146645
233.755974,200,30119.375371
429.237922,200,30156.825557
1196.263369,200,30169.281487
999.838712,200,30193.55461
1001.456219,200,30206.511866
444.337527,200,30207.878904
1030.40678,200,30243.903566
379.104129,200,30257.631885
554.771227,200,30281.518809
1170.677745,200,30317.084566
1145.631057,200,30330.315243
630.050924,200,30354.434724
644.924647,200,30381.467035
1196.271245,200,30403.307167
980.68153,200,30416.28105
745.070967,200,30454.268145
1196.274372,200,30467.091918
331.492516,159,30488.102071
740.300899,200,30501.842033
1196.873302,200,30503.34455
834.84874,200,30530.345779
1061.071804,200,30548.906905
1040.780328,200,30562.299622
1145.666349,200,30601.412946
675.482091,200,30623.431907
935.132726,200,30633.969908
1196.633002,200,30673.417278
1181.900671,200,30687.24738
830.751459,200,30708.999408
1186.309723,200,30734.165476
1110.475579,200,30758.121244
544.18892,200,30782.165813
1161.809728,200,30784.507294
810.633788,200,30786.079848
1151.871883,200,30819.891349
960.569021,200,30833.367834
1170.80834,200,30857.000383
166.841392,185,30884.595282
1005.620151,200,30904.306347
1151.145744,200,30928.140563
990.591743,200,30958.656353
880.161662,200,30977.589222
900.519985,200,30989.644851
614.905299,200,31028.585023
38.831748,21,31028.782094
1195.755607,200,31052.508806
151.09864,59,31052.959084
1165.474177,200,31072.610507
1195.825501,200,31074.387148
740.37695,200,31075.892186
1170.776447,200,31104.378563
1196.306615,200,31126.846097
854.711578,200,31147.943082
599.5393,200,31177.017912
986.327202,200,31201.154867
695.03246,200,31213.664148
1091.191898,200,31247.949702
1176.234698,200,31261.55701
1150.904824,200,31285.133517
103.745862,31,31285.409786
97.495657,35,31285.731934
281.842927,200,31320.937917
1196.347259,200,31345.858464
595.356683,200,31358.754851
1020.826459,200,31360.566757
1091.30743,200,31362.183093
321.539746,200,31395.023962
1121.252789,200,31418.418304
1160.84014,200,31431.534918
639.509897,200,31471.58861
109.683674,90,31472.3361
875.479362,200,31492.027429
809.854035,200,31520.903689
240.119523,162,31545.292336
1196.228188,200,31558.10801
232.743341,200,31575.929223
1196.20414,200,31603.850199
180.575049,200,31627.426906
417.790351,113,31639.901537
152.562935,40,31650.723517
1140.331618,200,31651.955815
469.710155,200,31664.453327
1185.826039,200,31687.75015
248.747298,104,31700.784564
1135.736944,200,31714.344182
594.666015,200,31747.816488
1186.096738,200,31761.738544
1070.134701,200,31782.640302
180.140164,200,31805.785612
393.675999,200,31822.369083
1056.359807,200,31840.673006
1090.591655,200,31857.367696
592.808214,178,31871.182992
1156.353976,200,31878.908079
1196.199354,200,31887.684766
1196.429839,200,31888.839266
960.396907,200,31911.378444
589.837121,200,31924.903388
129.764096,32,31925.100543
717.629114,188,31932.326078
1160.530329,200,31955.558076
1055.197845,200,31965.363213
1180.936235,200,31989.262082
1196.332972,200,32027.946742
905.183636,200,32037.853222
819.871701,200,32060.013604
648.843398,200,32090.112646
905.33464,200,32113.526264
1140.694745,200,32124.003942
880.982728,200,32135.731765
1050.527814,200,32137.175473
594.474796,200,32175.741325
970.558593,200,32189.443278
539.657567,200,32210.212238
889.87985,200,32238.126648
1085.844272,200,32261.983837
51.680106,24,32262.188285
96.394413,200,32101.66917
1030.639664,200,32122.405984
659.75327,200,32134.830985
935.060463,200,32136.275703
654.695748,200,32174.840459
790.110114,200,32188.543601
136.593088,39,32188.897546
950.143267,200,32223.61478
990.597277,200,32248.886354
1070.65659,200,32261.428755
56

494.36233,200,32260.281059
1561
990.852895,200,32189.136127
1175.91929,200,32209.861571
105.746996,33,32224.142733
1186.198224,200,32249.416784
63.081584,36,32249.717654
520.291141,161,32261.929865
411.646818,200,32260.674818

32248.324284
218.348219,200,32260.864122
.286787
1196.598581,200,32248.4475313875.675925,200,32260.985433
901,200,32222.663833
1196.585797,200,32236.623863
1121.127919,200,32260.477886
57.511824,30,32260.737687
32135.613788
515.870989,94,32136.263101
161.027147,149,32154.188205
1141.261693,200,32176.008186
186.14727,200,32189.714608
206.120683,101,32202.311506
1015.278608,200,32237.543798
70.211841,38,32237.85683
1195.691697,200,32261.713408
32237.136909
279.148364,200,32260.989563
