#{"t_start": 1666074520.0046735, "env_id": "CustomMyoChallengeBaodingP1-v1"}
r,l,t76765.0,200,541.07889238930.0,200,543.5688989720.0,200,1119.7784289855.0,200,1123.565018862835.0,200,1677.820854850.0,200,1680.36065188235.0,200,2260.0078671905.0,200,2262.4239278820.0,200,2818.8617583300.0,200,2820.434653890905.0,200,3395.98683322255.0,200,3397.60600999840.0,200,3949.98523648925.0,200,3951.5043977820.0,200,4529.49893960750.0,200,4531.5561235877845.0,200,5080.1696283320.0,200,5084.20996980890.0,200,5656.2398419685.0,200,5658.77192935.0,200,6211.033735
50255.0,200,6213.967823869900.0,200,6791.95149772840.0,200,6794.03790880.0,200,7346.7959424860.0,200,7348.665898725.0,200,7925.8227282870.0,200,7927.940569835845.0,200,8474.98216265.0,840.0,200,8476.41925860635.0,200,9052.46798270.0,200,9053.51805708850850.0,200,9628.67162330.0,200,9630.66274574828975.0,200,10192.147270.355.0,200,10195.068955.0,200,10796.418951765227700.0,200,10797.905.0,58855.0,200,11352.26625260865.0,200,11354.820.0,20820.0,200,1193270.830.0,865.0,200,1194835.825.0,200,12504.77510523580.0,985.0,200,1810.0,200,13088.264901
275.0,273855.0,200,13091770.0,200770.0,200,13551275.0,200,275.0,200,13551000.0,200,14032.839193
225.0825840.0,200,1403800.0,2850850.0,200,1449105.0,4790790.0,200,14492.4275596084920.0,200,945.0,200950965.0,200,14966.16484770.0805.0,200,15416.071825875.0,200,15418.52651855.0,200,15892.721461
8459985.0,200,15893.86109551000.0,200,16353.4779850.0,850.0,200,16355.28850.0,850.0,200,16830.36745.09745.0,200,16832.16830.0,200,17284.44883
280.0,200,17286.285356
940.0,2870.0,200,17756.0750.0,1840.0,200,17757.9935.0840.0,200,18226.894950.0865.0,200,18228.882870.0,200,18681.004632
730.0860.0,200,18682.0341000.665.0,200,19155.3757665.665.0,200,19157.202850.0,2850.0,200,19608.8940.0,2860.0,200,19610.91000860.0,200,20083.533991000.0,200,20086.271722
855.0,200845.0,200,2985.795.0795.0,200,20537.8768860.0,200,21009.19318184840.0,200,21011.054795865.0,730.0,200,21466.4935.0,2850.0,200,21468.845.845.0,200,21941.3630945.0,200,21944.102333
250.995.0,200,22414.8201995.0,200,22417.623195
265.265.0,200,22909.4987755.275.0,200,22911.4222990.0,200,23376.088788
780.8759940.0,200,23377810.0,200,23978.740217
935.0,200,23980.72382
950.0,870.0,200,24553.24650.0,200,24556.091645
965.0,860.0,200,25131.84560.0,85895.0,200,25134.840.0,840.0,2525.0,200,2850.0,200,25710.288022
680.0,2885.0,200,26258.11000.0,200,26260.327992
720.720.0,200,26838.461610001000.0,200,26840.5168875.0,200,27392.506799
855.93935.0,200,27394.03695.695.0,200,27968.1764915.0,200,27970.634832
860890.0,200,28524.2869764620.0,200,28526.56269986860.0,200,29102.732491605.0,200,29105.429592
96860.0,200,29659.7951951000.0850.0,200,29662.1157855.0,200,30242.0000849860.0,200,30243.9762649860.0,200,30797.1298358865.0,200,30799.00259357860.0,200,31362.08650497855.0,200,31364.114644865620.0,200,31911.9860.0,860.0,200,31913.27970.0,9825.0,200,32490.3270.0,1395.0,187,32492.3820.0850.0,200,33047.53945.0,850.0,200,33049.51840.0,200850.0,200,33623735.0,200735.0,200,33625865.0,770.0,200,34179.63900.0,20730.0,200,34182.870.0,965.0,200,34756.4755.0,2690.0,200,3475827850.0,2850.0,200,35332.3975.0,28855.0,200,35334.865.0,20835.0,200,358835995.0,20835.0,200,358920850.0,200,3855.0,200,364855.0,960.0,200,36466.82985.0,855.0,200,37018.961000.0,200,37021.759497
840.01000.0,200,37597.09860.0,200,37599.912283
1000.0,20865.0,200,38150985.0,200,38152.366514
870.0,200,38731.71326
980.0,200,3870.0,200,3871000.0,1088985.0,200,3928860.0,210950.0,200,39290870.0,20870.0,200,39867.865.0,20865.0,200,39870.975.0,208975.0,200,40422855.0,200,40424.854418
800.0,2855.0,200,41000.8865.0,20995.0,200,41002.995.0,2870.0,200,41556.9860.0,28855.0,200,41558.895.0,200850.0,200,42135865.0,28865.0,200,42136.995.0,20995.0,200,42694.965.0,200,42697.723696
755.0,1995.0,200,43271.860.0,20865.0,200,43273.1000.0,20940.0,200,43852.845.0,200,43855.796757
725.0,200,44407.691613
870.0280.865.0,200,44409870.0,200,44990.299459
410.0940.0,200,45540.868940.080.0,174,45542275.0,2001000.0,200,46116.907042
280.0,200,4611275.0945.870.0,200,46669960.0,200245.0,187,466280.0,200,4915.0,200,47855.0,200,47280.0,200,47251.582335
965.0,200,47800.013893
90.0,104,280.0,200,4780815.0,200,925.0,200,4837275.0,200,48380.32475995990.0,200,48929.932761
275.0,200,48931.95182945540.0,1855.0,200,4950855195.0,1275.0,200,4951850860.0,200,50066.118791
175.0130.0,200,50067.865850.0,200,50640.7463985080.0,139,50642.28334192595.0,200,51189.42282999280.0,200,51191.38557885280.0,200,51767.0557642895.0,200,51769.0893528995.0,200,52322.70867498280.0,200,52324.627421
855.0,200,52895.909359970.0,181,52897.72007
850.0,200,53472.116131
210.0,200,53474.180448
160.0,82,54024.995194
85.0,157,54026.585906
850.0,200,54604.055062
185.0,105,54605.208223
880.0,200,55154.797686
270.0,155,55156.364363
850.0,200,55734.648935
215.0,163,55736.322368
1000.0,200,56285.873721
280.0,200,56287.903377
845.0,200,56862.878698
170.0,156,56864.434518
925.0,200,57410.311568
275.0,200,57412.333155
770.0,200,57985.21964
235.0,200,57987.249734
955.0,200,58538.766752
295.0,157,58540.370756
860.0,200,59109.417638
275.0,200,59111.45031
870.0,200,59662.868462
425.0,148,59664.321066
645.0,200,60240.308885
545.0,152,60241.986137
1000.0,200,60794.541707
445.0,150,60796.18767
845.0,200,61370.698779
500.0,146,61372.195225
815.0,200,61949.893322
280.0,200,61951.949779
875.0,200,62502.600679
280.0,200,62504.631977
1000.0,200,63082.475091
295.0,200,63084.528435
875.0,200,63639.334009
660.0,200,63641.362433
985.0,200,64218.721368
275.0,200,64220.627839
925.0,200,64773.229303
590.0,146,64774.693226
1000.0,200,65351.5633539355.0,162,65353.2561862995.0,200,65903.333982
280.0,200,65905.338111
870.0,200,66485.407728
280.0,200,66487.44932
1000.0,200,67038.918659
515.0,150,67040.4707566950.0,200,67616.342524
565.0,146,67617.949208
1000.0,200,68169.651741
165.0,140,68171.04312
940.0,200,68746.129884
585.0,149,68747.711586
455.0,120,69299.510457
245.0,200,69301.641273
955.0,200,69874.557201
555.0,156,69876.05633
880.0,200,70427.959878
295.0,167,70429.669088
420.0,103,71000.410603
280.0,200,71002.482488
990.0,200,71577.047135
130.0,167,71578.607427
815.0,200,72129.062185
280.0,200,72131.126745
995.0,200,72708.933679
280.0,200,72710.9572
915.0,200,73263.859041
435.0,152,73265.327906
1000.0,200,73843.183351
265.0,164,73844.66629
945.0,200,74402.577699
275.0,200,74404.623385
950.0,200,74981.470379
280.0,200,74983.572484
965.0,200,75536.280762
175.0,139,75537.664515
800.0,200,76117.101578
280.0,200,76118.962495
960.0,200,76668.310056
330.0,161,76670.03678
960.0,200,77243.382502
280.0,200,77245.410806
1000.0,200,77797.762341
155.0,138,77799.094188
915.0,200,78375.494271
330.0,139,78376.929799
915.0,200,78927.375492
280.0,200,78929.350786
945.0,200,79505.585017
150.0,170,79507.318516
665.0,200,80082.171977
250.0,163,80083.915913
915.0,200,80640.003595
205.0,122,80641.196868
980.0,200,81213.718733
280.0,200,81215.768766
995.0,200,81766.805613
280.0,200,81768.85622
905.0,200,82344.405254
280.0,200,82346.335795
765.0,181,82898.617082
280.0,200,82900.762586
1000.0,200,83475.894543
280.0,200,83477.927598
930.0,200,84030.887385
275.0,200,84032.943082
1000.0,200,84606.194539
155.0,96,84607.126188
935.0,200,85157.363456
280.0,199,85159.251465
960.0,200,85745.973883
205.0,160,85747.410936
995.0,200,86313.112758
280.0,200,86315.004522
1000.0,200,86867.330186
155.0,97,86868.171637
930.0,200,87398.559259
280.0,200,87400.392772
1000.0,200,87952.648236
150.0,138,87953.947351
890.0,200,88480.790309
275.0,167,88482.434734
935.0,200,89031.881442
150.0,94,89032.721542
160230.0,2915890.0,200,89034.402695
00,89034.019908
45389
200,89033.084485
950.0,200,89031.074718
230.0,200,89032.876622
99412
.657386

155.0,97,86867.124243
940.0,200,87397.51301
240.0,200,87399.340785
945.0,200,87951.595916
280.0,200,87953.434047
975.0,200,88479.743104
220.0,131,88481.026856
870.0,200,89030.834361
150.0,94,89031.673677
160.0,84,89032.438491
,1930.51096.1381010.446393,201050.496850.1069830.591319,1711070.441131.061408.540553,200,810.1311040.419104,200,12582.890.5864935.09003,200,12633.71131.23443.612406,200,12676.16503.601035.395115,200,12728.31116.121186.20923,200,12754.80975.38935.200788,200,12822.711076.1950.277347,200,12874.081813.187.8676443.44882,200,1289551025.583487.549356,198,12911861060.561086.023093,200,12910451050.401185.999779,200,130101035.3280724.949766,200,13011453.5241015.357423,200,1313311015.456975.330806,200,13156.1829.7081130.950301,200,13197.905.3630550.22998,156,13233.7995.2721040.422787,200,13275.834.96521161.285978,200,132971161.23171130.96581,200,133843.341214,1040.516498,200,131191.192364,1066.131872,200,131196.47768,21050.333353,200,1995.745965,201196.251504,200,1061.224822,201020.563989,200,980.29603,200,980.449995,2001096.017397,200995.483905,200,1010.978031,20980.479031,200,13637.8071050.767.259487,157,1910.076111000980.461111,200,13713.82001101010.316875,200,13754.7763838.869.072473,200,13777.7340995556.3213,126,13811096.071371040.528612,200,13851040.375411070.880214,200,13871030.29701040.478216,200,139311116.18791176.500577,200,13955863.185441040.459416,200,1391086.0451221196.311042,200,1401010.604614363.566957,200,1407907.0451811196.608864,200,1411156.3528511060.526812,200,1411091.381791020.334132,200,1419468.6042111040.350348,200,142918.12838851025.387461,200,141020.39159361035.229181,200,141030.58222,21000.470207,200,1734.64739110995.942458,200,141111.1002411288.279512,200,144431.62716,1208.123406,103,1995.234544,201030.500056,200,874.838591,200855.511619,155644.471053,200,985.412952,200777.599914,1581166.518656,2001191.360386,2001015.452702,2001166.37551,2001030.862008,2001060.936123,200788.989494,200,970.304924,2001161.390668,201126.023987,200,1130.753353,201136.298263,200,406.466221,2001041.054689,2001041.225118,2001045.895371,200404.191171.2232539.436696,1551045.461040.4361040.56156,2001045.551045.5791035.384391,2001191.541035.6901055.596573,2001101.091060.6351040.22575,200,1020.061065.481156.427555,2001035.6985.38611106.293955,200,897.71040.57859,200,15123.1131025.1116.020792,200,1516799.91120.975.165724,200,15181040.610701045.465502,200,15231020.960.71126.201577,200,1528980.1091.1555.1861166.344341101.21035.4955.33611045.46673842.881045.1035.66591030.61131131.1311411085.950941100.95801156.1310051055.71600940.189291196.3610251035.65741161.35380995.63910651020.57831015.73231171.207909.1191.4894850.368291111.121035.1000.661055.8473241055.77924.91020.43808.112965,874.931081.0468.641055.46688,1126.11035.51040.61035.591762,1195.888167,970.411035.544612,1176.1452031171.321166.405391,1050.571441196.3001050.696082,200,15834.787.8430940.520522,200,15855.1020.7781181.198088,200,159161121.27721015.479432,200,159561050.74791070.933934,200,159781015.92331106.399447,200,16020210.00970744.600932,200,1605623.382203770.967824,184,16091040.71114930.278942,200,16119800.872321050.676858,200,1617910.404723450.895057,137,1619457.443505859.818484,200,16211126.25331055.380679,200,162731151.23051106.079502,200,163151055.50721045.505285,200,163381146.0936471.159188,197,16394.1030.4021056.000605,200,16416.1181.3461036.130363,200,16457.821.0168829.133508,164,16479.1040.6191196.358442,200,16533.1065.51473.756215,200,16555.871091.11191.334712,200,16596.41035.591190.873085,200,16631.4884.0931191.341824,200,166721035.57301055.694433,200,16691035.808411156.226813,200,16748.954658
980.927112,200,16791.392542
939.900257,200,16814.196048
910.326083,165,168531040.6440888.685198,200,16894.1045.735498.79238,200,16934.1995.645233.5156511025.511808,1045.61060.53414,2915.254286,2945.11186.250119,1051.024604,1106.11045.662061,1035.503824,615.92468.835243,2950.529775,1086.01045.737721,200,17129.541010.940.413857,200,17170.6088498.945.593296,200,17205.76111065933.771279,196,17247.169702
960.393694,200,17267.071969
824.989803,200,17326.921094
1111.218187,200,17346.170543
1005.990867,200,17387.604889
855.310272,166,17409.425822
1020.56381,200,17462.5378
975.315901,200,17484.6432
1076.086841,200,17524.584149
1136.075553,200,17561.16417
433.367596,200,17600.097207
1035.603191,200,17642.633047
880.178677,200,17677.264483
884.291215,200,17718.032502
1055.800824,200,17740.401262
990.529603,200,17798.239924
1040.676845,200,17820.139875
1035.843764,200,17859.562564
1186.352927,200,17915.54392
1040.542279,200,17935.191063
1070.603909,200,17977.244047
1181.06673,200,18012.687945
1171.27546,200,18052.093147
892.041315,167,18074.05170211010.640749,200,18114.696451709.881383,200,18151.432956
789.785148,200,18190.649626
1055.5371,200,18212.985439
1141.18511,200,18270.934056
1055.690868,200,18292.404577
1035.382293,200,18333.105372
1151.51976,200,18385.610236
1166.17466,200,18407.362575
1160.779185,200,18448.933843
1151.339753,200,18485.869278
1065.58088,200,18525.219851
1076.144728,200,18547.2227
508.991968,200,18603.04333
1121.198529,200,18643.531539
870.14461,200,18664.531514
1090.889529,200,18725.316887
925.468263,200,18744.654633
818.351518,200,18786.769796
1151.164896,200,18823.531723
1056.076701,200,18861.807731
1035.549439,200,18884.35613
1141.397282,200,18939.907244
705.576271,173,18961.21206
1196.582172,200,18999.545471
1065.607438,200,19021.739454
883.466306,190,19079.381013
1050.793952,200,19117.980664
1010.562483,200,19140.789275
1186.199243,200,19200.182068
858.563339,179,19220.367933
849.120894,196,19260.645533
1040.656225,200,19297.920383
1035.524346,200,19336.443359
1011.092509,200,19359.099657
853.267188,200,19413.796977
1015.460508,200,19434.71834
814.237392,191,19476.094431
1115.98972,200,19512.058217
1015.576914,200,19551.843203
1086.29894,200,19590.857184
579.240589,129,19613.392268
970.303731,200,19653.682458
895.822626,166,1967965.4014991000.678675,200,1971055.614018817.911133,200,1976945.5913161025.616069,200,1971081.079372463.184525,200,19831055.770831106.324765,200,19861065.810131136.28088,200,19901086.39875809.165963,200,19927995.173011060.816779,200,19981055.371251096.044416,200,20021171.315431060.666748,200,20047.383476
853.263625,200,20089.480606
1050.863738,200,20129.100713
1070.563518,200,20168.039404
1055.382746,200,20189.533276
453.492111,200,20246.025843
1086.092321,200,20265.149479
1045.834337,200,20307.180204
653.889192,200,20361.313004
1065.747254,200,20381.342127
1050.914144,200,20422.8484
1045.799037,200,20458.560642
614.060258,200,20498.051475
1050.789126,200,20519.721634
1045.648995,200,20579.704232
1196.522983,200,20618.172245
945.625909,200,20640.593913
1055.868675,200,20695.0352
880.299345,200,20716.631214
141.260366,44,20735.284509
1161.170911,200,20756.826694
112.401976,40,20757.282960.51065.898094,200,20814.031146.1765.170583,200,20854.0571045.1050.894216,200,20875.287538.83202,200,20910.859272
1050.860063,200,20951.329249
1045.882168,200,20974.004261
1111.22033,200,21032.380902
1030.980576,200,21053.999505
1055.855674,200,21093.393181
1060.634448,200,21115.168664
812.237509,168,21171.089715
980.39806,200,21192.317935
900.320762,200,21234.200603
1060.963336,200,21269.509159
1091.330545,200,21310.854176
925.446813,200,21351.174968
1056.056815,200,21388.336833
970.516999,200,21426.997851
1035.936129,200,21449.385652
1045.805018,200,21508.684865
834.483528,154,21528.816848
1035.966761,200,21570.126866
1061.018874,200,21591.080643
1186.402854,200,21646.627148
1046.117425,200,21666.798414
1146.485606,200,21707.98975311000.893657,200,21743.6699121890.435286,200,21783.609795
1151.38017,200,21825.130156
1045.756251,200,21863.754805
1005.748524,200,21904.286402
1151.265597,200,21925.584728111055.985652,200,21988.531674101030.857759,200,22008.898171831100.980381,200,22052.31909451151.374794,200,22088.677891061096.181651,200,22130.684941191196.322403,200,22173.883061051105.941752,200,22211.674655571056.158748,200,22253.1486467.779.351625,200,22275.95731131970.614423,200,22333.962147
820.573132,155,22354.33587844960.730662,200,22398.892941161176.010385,200,22419.696511251000.393203,200,22481.491511211045.964354,200,22503.7753870.649.215605,200,22547.458410211045.934904,200,22585.064510501066.07653,200,22627.2716994.1066.054856,200,22669.4961040.1056.003195,200,22707.378468.5965.829108,200,22749.071095.91131.26646,200,22771.5351050.438.703994,200,22830.310310551091.07647,200,22849.74975107959.276923,185,22893.532795431060.915521,200,22933.789109551050.972277,200,22972.6950443.1086.269488,200,22990.8141196.1056.019106,200,23040.7811176870.10102,200,23076.665407
1161.423372,200,23094.205312
1045.950138,200,23144.180549
1030.928863,200,23162.121968
1116.006579,200,23202.875405
950.741633,200,23230.098321
1126.19013,200,23301.850972
1010.960772,200,23353.778068
1096.151391,200,23379.695745
483.564193,200,23453.703926
534.11552,173,23475.589004
1045.851893,200,23528.560789
1196.383907,200,23571.400106
1050.779808,200,23621.312431
1141.206148,200,23648.626481
1171.279773,200,23717.764174
516.816187,148,23746.155178
1055.925057,200,23799.452925
961.096678,200,23844.123439
1066.080547,200,23899.913463
1040.831923,200,23926.523886
1191.309473,200,23982.615904
1020.983838,200,24031.656983
1066.013039,200,24085.939348
1025.934161,200,24114.927966
1156.171217,200,24186.147408
945.583954,200,24235.472223
800.063512,160,242631176.14331146.010586,200,24309.079654
905.075904,200,24361.353742
1131.168809,200,24411.896367
282.411765,76,24412.82603
1031.042665,200,24482.955458
1051.233051,200,24507.715919
1040.730473,200,24557.118312
962.975408,199,24603.267151
895.434635,200,24652.738701
1196.081642,200,24702.479883
1161.216413,200,24747.914645
1010.438135,200,24794.398458
965.495487,200,24821.379669
1176.246392,200,24890.195014
1161.397146,200,24915.868696
1020.992374,200,24964.437618
840.729728,171,25007.266907
1056.117311,200,25058.15844
502.74474,112,25082.152768
1086.213337,200,25109.02697
1191.173505,200,25181.611949
1041.033219,200,25208.313763
1015.657994,200,25258.22879
1131.291313,200,25300.589566
605.086592,161,965.846442,2001136.262444,2001191.191446,200794.590578,189,857.780465,2001051.096577,2001110.95356,200,1176.441833,201166.281482,200,624.681189,2001025.616327,2001196.298781,200840.459651,200,1196.556771,201010.960125,200,1045.994912,20915.824384,200,995.788702,20960.705939,200,21061.041745,21126.092326,200,1050.947007,2970.645228,200,25346.180197,11141.130311,200,2744.308532,18489.961607,200,21016.20655,201005.798774,200,1061.01952,2001050.79739,200,1046.008255,20970.90939,200,2915.774802,201050.96977,200,2571.567089,20439.50445,200,261196.356617,1030.858959,200,21196.50037,201051.035948,200,1015.938579,201045.86974,200,21110.980292,2995.633193,200,261125.80982,2333.35907,200,2631050.8718611096.175045,200,264459.921191,928.158231,184,2641055.9734271000.845819,200,2651086.082451040.750791,200,26571196.503871131.211064,200,2662503.7309411146.283296,200,2661171.01996,1196.369453,200,21050.955784,21050.949306,200,1156.23755,2001196.583695,200921.898112,172,1141.298448,20717.499733,180,21196.372321,21055.883682,200,21060.967504,2961.01679,200,2691116.4260011196.560064,200,2691030.9638851101.097743,200,27985.806624,21041.05512,200,2985.647938,200,27110.653853
527.280011,15627.796428,200,2889.358646,201100.799979,2001176.190394,2001141.394069,20593.955809,200,21086.146286,21065.981337,200,27320.754654
1196.258325,200,27370.563995
1110.874412,200,27418.526897
945.612318,200,27469.480373
1166.471624,200,27519.02932
1171.153345,200,27560.732806
1131.064742,200,27612.948365
1040.947777,200,27635.390848
824.543261,200,27688.402516
1031.002724,200,27730.204196
1196.480486,200,27779.890218
1025.896257,200,27804.526402
995.91694,200,27872.784214
1196.284011,200,27922.170043
1196.411428,200,27948.868332
1126.143529,200,28021.137134
1045.955537,200,28048.062422
1040.888243,200,28095.755049
1030.95853,200,28140.339299
925.186055,200,28189.638995
1025.886297,200,28241.264146
935.813623,200,28282.610858
1050.953516,200,28334.05758
750.36955,184,28358.421532
553.822181,200,28427.530039
1056.058807,200,28453.034346
1050.985087,200,28501.748179
860.161473,200,28548.521612
1056.038582,200,28598.982979
1020.852282,200,28626.022585
1086.283843,200,28672.880639
747.96753,200,28739.995306
1111.099121,200,28766.944021
1161.251519,200,28818.192793
413.509421,200,28861.3661
649.019596,172,28911.696226
418.414844,200,28936.034955
1025.758801,200,29005.738277
1166.420218,200,29030.904624
820.026261,200,29082.023139
935.499433,200,29129.811108
1041.084574,200,29182.440429
1025.96364,200,29229.070688
1060.816815,200,29274.861146
833.714746,200,29324.797081
1050.959706,200,29351.940815
1061.03785,200,29416.94387
1166.245241,200,29446.038522
1146.426391,200,29492.069438
1000.724995,200,29536.51379
1061.085733,200,29587.074928
1060.99175,200,29638.97385
1196.278225,200,29665.733394
1171.338632,200,29739.81095
1171.141557,200,29765.123438
1181.213542,200,29812.590648
1046.009595,200,29857.174316
1076.07908,200,29906.96303
1171.441829,200,29957.192517
1045.92657,200,30002.21599
1055.975122,200,30055.240194
1056.122582,200,30077.245762
1055.984229,200,30148.381553
1176.506965,200,30172.22591
1056.034101,200,30222.420192
1050.833477,200,30269.114003
1061.021435,200,30322.143292
990.592504,200,30369.1009
920.632366,200,30415.236495
1066.230098,200,30465.150675
844.699357,170,30492.97833
1056.00337,200,30556.679793
840.194779,200,30584.036484
1060.702986,200,30633.348929
1050.898784,200,30657.566388
1186.141371,200,30723.554141
1081.004758,200,30751.157209
1116.189355,200,30802.681783
579.384426,124,30847.951611
1131.204135,200,30900.403366
548.841925,196,30921.84673
1171.36512,200,30987.584801
200.100078,53,30988.11055.921055.951031,200,31040.31071.021045.897813,200,31065.31030.581051.024232,200,31132.1055.8911096.000314,200,31160.965.68631196.241976,200,312061050.9661176.225556,200,31242.980.59321141.308155,200,31291030.602811050.968376,200,31341086.119131086.104894,200,31381196.407051055.740372,200,31440.794109
163.895331,68,31441940.461501055.946337,200,3141050.8418961186.371494,200,3151186.376113828.108612,200,31581030.89571015.977391,200,316101045.9417995.688833,200,31669.1186.27492.344937,101,31695.381055.986229,200,31721.771724
1055.64521,200,31770.512981
1166.581907,200,31814.822593
1036.026643,200,31863.79157
875.232202,200,31891.648845
1005.888724,200,31960.820607
989.934248,200,32014.20323
1116.164207,200,32037.617711
1055.924897,200,32104.837422
1191.400022,200,32131.800698
1046.00989,200,32183.4093
1045.886915,200,32223.820522
1065.710179,200,32275.845947
1030.93784,200,32303.234411
1141.082429,200,32367.587645
1005.853606,200,32419.256044
1050.914974,200,32445.210524
1020.771767,200,32494.498315
1131.242797,200,32541.298594
1055.91583,200,32592.816581
783.099233,200,32619.104979
1050.982253,200,32685.223
827.906223,200,32736.501974
1040.975175,200,32763.384797
1141.155564,200,32829.367317
1025.93206,200,32855.913172
1020.985138,200,32906.704247
1015.869878,200,32948.428344
1025.949744,200,32999.010345
1076.035022,200,33026.97222
988.906023,200,33097.172082
1156.403802,200,33148.615585
1060.985642,200,33175.435089
1116.255018,200,33241.241672
960.523903,200,33267.672237
980.702917,200,33318.735438
970.620949,200,33359.130595
834.568546,197,33410.47673
1061.055678,200,33462.1283
935.836509,200,33485.037529
1045.843263,200,33551.439582
1050.984444,200,33579.845455
904.100689,196,33627.710267
1060.849089,200,33675.692468
1046.034412,200,33727.367947
1075.680219,200,33753.803659
553.605614,200,33819.217809
1056.040135,200,33871.839918
1000.606991,200,33897.438031
1196.503001,200,33964.271544
1055.945404,200,33990.205404
1060.823429,200,34040.347849
1171.230419,200,34081.881818
1030.976736,200,34131.275817
1035.909063,200,34158.657691
1046.032999,200,34229.835852
1055.985009,200,34281.470619
1181.114728,200,34306.859748
1025.973106,200,34372.928536
1020.922765,200,34399.420525
1051.105151,200,34450.097053
1030.766771,200,34491.257427
1040.987937,200,34543.131469
1055.963318,200,34594.485785
1051.024283,200,34618.033181
1050.957153,200,34686.965063
1136.320523,200,34712.239077
1061.050005,200,34760.88228
1181.496256,200,34808.141578
1035.856657,200,34858.499995
1131.197867,200,34885.304068
1050.947219,200,34949.185852
1050.909796,200,35002.788698
1156.294101,200,35027.408087
1196.486374,200,35092.91877
1176.383769,200,35118.711474
1051.00013,200,35168.181647
1045.922751,200,35210.856531
194.448987,47,35237.312255
1066.059023,200,35262.275584
1040.90647,200,35314.32585
1040.993802,200,35358.854729
1056.155385,200,35410.860049
1005.950177,200,35461.025946
955.456937,200,35503.146082
1046.150572,200,35553.885498
1005.59247,200,35581.183054
1010.889146,200,35645.653016
844.726668,200,35673.421884
1186.302175,200,35725.300018
1025.713791,200,35789.720443
1171.48285,200,35818.248603
1196.743953,200,35865.77914
970.82869,200,35913.768836
1176.648714,200,35963.626528
1055.923611,200,35991.55088
458.802437,200,36039.033446
839.663494,154,36081.296523
1025.938486,200,36133.384839
1045.854599,200,36158.065281
1035.539609,200,36224.88531
1015.829508,200,36249.807031
1116.346418,200,36302.080438
1166.077509,200,36341.37795311035.809904,200,36393.93529611045.975584,200,36445.05537911030.855941,200,36490.79289481050.847266,200,36541.049593101191.600674,200,36568.632658101186.453857,200,36633.265871181196.62996,200,36660.592767101035.777002,200,36709.669561111196.609983,200,36776.496257901045.720737,200,36801.82648113892.224906,178,36854.878288101196.682263,200,36879.419525925.677488,200,36948.5442531965.694938,200,36973.467574
1191.576918,200,37023.398316
1136.450634,200,37068.527335
1191.537987,200,37120.40561311061.254003,200,37146.77022611040.806177,200,37212.98604611040.765973,200,37263.94994211045.634851,200,37288.803466101060.927973,200,37355.42748446945.186448,200,37380.730822101056.044773,200,37434.3894311030.918891,200,37472.29407611116.309415,200,37525.881447111050.840612,200,37574.687072101011.16335,200,37621.460401101056.023407,200,37672.59894310900.7504,200,37699.951285
1086.118715,200,37763.609851101066.010382,200,37791.309163111196.57641,200,37840.42580311126.191452,200,37867.94327
870.035223,165,37930.283873
1050.988068,200,37958.333313
1191.644622,200,38009.413064
1071.076585,200,38050.46124
1026.304734,200,38103.213956
1196.311729,200,38153.349823
1196.441554,200,38197.643167
1196.438178,200,38249.995224
1050.775383,200,38276.922839
1196.524778,200,38342.468237
540.774179,157,38361050.905891196.220327,200,3841970.7165871061.042816,200,384502.30814111030.882421,200,381076.0002941508.835072,200,3851020.8926341065.964882,200,3851126.4548161005.956926,200,3861196.46370925.793205,200,38681005.97897996.038868,200,3873885.2619221151.583425,200,3871010.9694081155.939117,200,38832.291632641196.317233,200,38857.858411061171.302497,200,38925.443241
971.006016,200,38951.346693
1171.470213,200,39002.340589
1196.495506,200,39043.380306
917.768271,168,39095.392535
1076.025029,200,39122.630633
1030.99544,200,39186.82384
849.102336,200,39214.13932
1070.969205,200,39265.571015
860.108022,165,39311.755371
940.630038,200,39362.274083
1056.077059,200,39390.143652
1191.492631,200,39440.423247
1191.447969,200,39506.390801
1176.411039,200,39531.556935
1106.200845,200,39584.887453
1196.345849,200,39624.567871
1171.345852,200,39677.962155
1186.637027,200,39704.127074
1060.941031,200,39770.617146
1056.023169,200,39794.887863
1141.278604,200,39846.93029
924.544908,169,31191.605903,2468.725299,200,391050.855946,1116.129343,200,391191.642886,1050.821735,200,401196.647443,1051.016258,200,401191.605362,1056.391974,200,401195.908739,1196.524823,200,401126.300874,897.456667,183,401055.955502,1060.977705,200,401196.331951,1055.92771,200,4021190.995001488.6218,200,40347.1020.751166.539246,200,40373.41045.851040.817482,200,40426.21136.431065.91278,200,40494.191101.11005.833983,200,40522.301096.31065.999573,200,40571.451040.61050.837268,200,40613.9853.706945.526123,200,40662.81191.28468.54744,200,40691.84985.841176.401426,200,40755.81025.831055.898699,200,407841015.92851035.839098,200,408331041.01181055.815542,200,40901845.101611050.854045,200,4091121.103181523.981795,165,40951045.69773473.822735,200,410241151.09041191.437658,200,410751045.67971045.923781,200,411011060.8970838.399145,200,411531046.02011050.691935,200,41195.087549
1050.955919,200,41245.620422
1070.872997,200,41273.336643
1075.872563,200,41338.923592
1196.728062,200,41389.524089
1031.062787,200,41417.073811
990.725806,200,41483.701545
1191.223106,200,41509.702141
1196.420887,200,41560.749332
1065.843438,200,41605.943976
684.414118,200,41655.866262
975.618305,200,41683.353482
1020.678237,200,41749.843396
1055.759572,200,41800.463989
1186.307344,200,41828.270943
1055.983097,200,41891.547803
508.739157,200,41919.066634
1030.828864,200,41969.608402
1050.852202,200,42012.615804
1176.511074,200,42061.747943
1056.105974,200,42114.364048
1186.538746,200,42159.051194
1181.373484,200,42209.924959
1106.397133,200,42239.278515
1035.957701,200,42292.216922
463.70993,200,42333.771217
1186.195344,200,42383.694092
890.33213,200,42410.882988
985.716288,200,42477.263012
1070.827694,200,42528.794212
1196.552075,200,42555.65894
955.728804,200,42622.510051
1075.918488,200,42648.423918
1000.573142,200,42698.795891
1086.077182,200,42744.114952
1005.813502,200,42793.517596
1116.03069,200,42846.493811
1055.924245,200,42885.65512
297.244563,81,42912.843792
1196.253839,200,42938.084991
980.866357,200,42989.261547
975.700766,200,43029.781145
1020.654371,200,43080.96734
709.786526,160,43107.96755
1015.725268,200,43173.46426
1035.884701,200,43199.155583
1171.317495,200,43250.175397
1050.668065,200,43295.633569
985.882767,200,43346.485908
1181.327689,200,43396.412672
1056.081904,200,43440.129864
1110.908835,200,43491.714605
1131.278845,200,43518.164216
1061.015417,200,43585.399011
1040.840363,200,43611.347594
1021.000443,200,43662.685819
1191.704351,200,43712.817878
795.330171,200,43755.3937
1045.728779,200,43804.618235
1050.973067,200,43832.558815
1045.898703,200,43901.424335
1191.479654,200,43928.884236
1055.928832,200,43981.077884
835.705692,192,44022.430973
342.295123,81,44046.394979
1030.958313,200,44096.419082
1045.960527,200,44125.127624
1186.389313,200,44188.317758
1060.883109,200,44217.299889
1055.844912,200,44266.936895
869.92044,200,44309.876085
817.905724,168,44359.198913
1066.043661,200,44385.774257
1191.270963,200,44455.808672
935.62682,200,44482.863113
147.171897,66,44509.24822
1171.342177,200,44558.067915
1056.040957,200,44600.725494
1191.407579,200,44649.807266
199.868544,58,1161.313505,20985.72937,200,441055.801946,995.757469,200,4471086.1511931146.469337,200,4471171.03841015.798416,200,448241161.37421196.602651,200,44891980.74628910.744183,200,449161065.9831413.929757,200,44968.854.05681060.567796,200,450361061.15151015.703209,200,4506990.59354,995.983363,200,4511166.2012641045.926142,200,4511176.161187889.038284,200,45201061.024881055.883087,200,45231085.674831146.000481,200,45291055.883501005.93818,200,45349569.98079141.119588,49,45350.1191.4441186.276755,200,453781196.4401055.981962,200,45442.1151.2801065.940949,200,45492.789.14131106.058464,200,455181020.99151005.728841,200,455881181.543779,200,45615.691395
1111.230108,200,45666.484706
980.955176,200,45707.659846
1075.872006,200,45756.456199
860.121456,200,45783.668258
1141.318762,200,45851.54425
1190.992046,200,45899.099789
1196.289655,200,45927.997075
864.16181045.759828,200,459761196.3073428.517113,200,46017.1116.0441191.607096,200,46069.1176.3551050.640799,200,46095.1045.7831030.646497,200,46164.925.42241050.837332,200,4619505.87973,885.406788,200,46832.954328,2885.027045,192,46930.698403,21111.163691,200,4890.312417,201121.172238,200,1035.943031,201181.17476,200,4443.032229,1025.621961,200,461045.775366,1035.548536,200,461191.380363,1015.882969,200,461186.513336,1055.889531,200,461055.988393,1131.213551,200,461125.99126,1061.161808,200,461050.9045991045.873648,200,4671091.0178451010.780064,200,4671196.369403454.538907,200,46831156.463421005.765776,200,46881146.376401181.173662,200,46911196.482121156.373858,200,46961196.550341045.633178,200,47001040.72961060.937474,200,470581146.256860.177109,200,47108.3920.7231166.472978,200,47150.1106.462468.744127,200,47200.7638.4811116.183497,200,472281086.06021171.445853,200,472865.391081,1096.382616,200,471131.373003,1035.928036,200,471191.14279,1186.546012,200,47980.872037,1161.219007,200,471171.270258,468.855102,200,4751035.665982,200,47561.405683
915.861803,200,47585.217038
1196.460141,200,47638.81622
1041.093308,200,47662.412171
1040.935127,200,47728.946957
1061.104487,200,47752.679402
1151.427697,200,47805.30925
1041.144991,200,47872.966445
478.575784,200,47901.376036
1060.968269,200,47951.452711
1060.924141,200,47993.162815
1171.368547,200,48041.687981
1141.332228,200,48069.954444
1045.673966,200,48135.025341
1060.982895,200,48163.005672
1065.999161,200,48211.952539
1045.938039,200,48279.281322
1060.959716,200,48305.210618
1191.516773,200,48356.982651
1075.946383,200,48403.768607
1051.041715,200,48454.458057
870.152599,165,48481.69176
1121.324843,200,48547.270591
1030.438188,200,48571.489156
1060.853083,200,48621.502763
1010.610177,200,48649.123361
1135.884084,200,48713.440555
1036.012042,200,48765.21943
1176.268967,200,48790.338438
543.584325,118,48835.202698
469.731757,200,48881.408955
777.968196,200,48908.995404
822.748765,168,48955.572745
1035.61774,200,49004.588436
1166.216189,200,49056.233939
1191.286186,200,49083.275725
1025.782503,200,49150.196434
1186.592685,200,49174.804462
1065.951386,200,49228.018407
1171.417636,200,49267.279598
777.861243,168,49319.982556
1161.212189,200,49345.847704
885.411221,200,49412.235318
1186.42412,200,49437.75286
1046.103999,200,49489.416517
1041.02445,200,49559.299693
839.773941,200,49586.672865
1045.731759,200,49636.488387
1020.94232,200,49680.638266
1111.170085,200,49726.725504
1050.779132,200,49755.752857
1051.020133,200,49821.62006
1056.199144,200,49848.073433
1015.641272,200,49899.33938
973.691060.885995,200,49924.1146.629463.667888,200,49990.1191.6021191.5117,200,50039.791191.21071.179455,200,50070.421071.31060.928185,200,50140.721095.91046.116908,200,50168.091051.0885.263225,181,50219.0811035.1035.934048,200,50253.7681061.1141.204126,200,50303.107557.91050.690677,200,50330.451576
900.289779,200,50397.175455
1046.055889,200,50448.850615
1186.328641,200,50474.087535
1006.102854,200,50542.295676
1186.504743,200,50566.094228
1050.546922,200,50619.765443
1141.222667,200,50666.114021
1020.827945,200,50715.492297
1035.948901,200,50742.745123
1191.309068,200,50806.669238
1021.126542,200,50853.493921
834.855431,200,50880.643926
1166.410069,200,50948.344439
1075.982401,200,50973.495199
1140.966797,200,51024.157393
855.256322,200,51049.130395
1030.854774,200,51114.67678
1075.739881,200,51165.76671
790.296238,200,51193.735326
1120.902852,200,51261.983019
980.374435,200,51289.220705
1051.249555,200,51338.76322
1191.594672,200,51382.604434
950.894456,200,51429.877661
1176.160512,200,51458.132632
1091.017992,200,51524.449016
1191.252846,200,51576.04593
1141.334043,200,51600.653142
970.886195,200,51669.41076
940.98679,200,51694.116536
1026.109586,200,51745.7331
925.953845,200,51792.80447
489.447842,200,51841.246769
1021.090738,200,51889.323725
302.374415,192,51935.327737
1196.40909,200,51981.429977
1101.21791,200,52008.722127
1181.141908,200,52059.987221
550.042232,200,52103.198652
1171.133858,200,52152.273655
1196.479792,200,52179.721618
1001.211273,200,52246.414356
1025.863991,200,52298.401264
1040.939263,200,52326.864975
283.534545,77,52371.030357
1025.951536,200,52397.250097
1065.910757,200,52447.054672
1015.810367,200,52472.692157
1181.45413,200,52537.417372
1136.075717,200,52563.135723
1151.318069,200,52613.265557
1176.33291,200,52678.646393
885.592811,200,52704.938355
1061.144638,200,52756.768566
1026.084434,200,52798.514497
1171.21653,200,52847.452319
1071.101153,200,52875.447131
1025.723569,200,52945.783803
1030.798937,200,52995.339383
1191.332155,200,53020.821847
1055.8778,200,53089.162987
1035.872178,200,53112.312954
508.779678,200,53165.887499
1036.059814,200,53206.961915
1061.054987,200,53256.726022
1030.84396,200,53283.887614
1196.386114,200,53350.259361
1015.782082,200,53398.390122
1055.757559,200,53425.81588
538.791264,200,53497.222401
1045.981287,200,53525.147279
1040.936005,200,53574.496681
1051.042224,200,53599.132357
473.729575,200,53667.584788
1056.161682,200,53717.949469
830.025335,200,53743.283245
1196.56476,200,53810.06155
920.408339,200,53836.166586
890.372481,200,53887.187689
1181.653257,200,53931.059843
1181.356458,200,53979.788671
1051.404427,200,54006.76593
945.997863,200,54077.467712
1046.266558,200,54126.79423
1065.956281,200,54152.644106
1181.377012,200,54221.30457
1066.171684,200,54245.933412
1050.772828,200,54294.76153
461.819135,151,54339.991778
1061.049882,200,54386.799343
1180.920401,200,54415.086533
1055.957629,200,54465.440682
1180.849194,200,54509.283273
1156.349803,200,54557.913749
1050.821629,200,54583.659443
1045.894563,200,54656.777991
1046.090144,200,54704.493541
755.334657,190,54732.165112
1126.102783,200,54797.763932
463.692233,200,54821.284535
624.674589,171,54848.16395
980.71637,200,54914.450309
1055.817489,200,54962.985309
825.138052,160,54990.610138
1050.871427,200,55031.770663
1071.055765,200,55082.429201
1080.839967,200,55132.492955
1025.767298,200,55159.497157
1036.000459,200,55228.139972
1110.836887,200,55254.715241
1066.005517,200,55306.795047
1166.113763,200,55350.900766
1065.958057,200,55399.805372
1196.431069,200,55425.302123
1041.008829,200,55494.530484
1051.214938,200,55543.343778
1050.678404,200,55568.543258
839.954219,200,55637.982506
960.536653,200,55660.869512
965.72697,200,55711.831842
1005.972302,200,55760.492129
1061.021553,200,55807.693561
1045.928358,200,55859.569977
1196.473374,200,55902.626174
1061.169653,200,55950.748295
1111.10575,200,55976.552919
1051.208824,200,56043.669071
865.317785,200,56069.869414
868.943282,200,56119.538133
975.893291,200,56162.431975
1056.272818,200,56212.73138
940.675181,200,56262.878
794.865138,200,56290.432797
1066.029722,200,56359.351183
1050.949088,200,56386.296054
1070.62882,200,56437.727034
855.282848,200,56480.388849
388.281047,200,56526.895967
1076.194466,200,56580.413509
1166.396269,200,56621.753716
1180.963058,200,56672.844965
433.51439,200,56698.924338
122.226972,40,56723.487257
1050.975422,200,56766.993805
889.762073,200,56814.057644
1031.119504,200,56841.311246
1056.087119,200,56913.138767
1196.470343,200,56938.760709
1056.103647,200,56990.2822
1046.203653,200,57026.935609
1111.293721,200,57077.4807
209.492221,89,57100.654474
1061.182883,200,57126.870098
829.728443,200,57196.246324
598.199574,128,57221.502296
1056.260864,200,57247.070691
685.583741,173,57313.159305
1196.184842,200,57340.694997
1041.057636,200,57387.436324
1101.093287,200,57433.495428
478.332153,200,57480.961308
1040.981878,200,57531.733905
960.930997,200,57573.991136
752.857839,200,57625.696618
904.520461,200,57649.785916
1035.945464,200,57700.514857
1101.220357,200,57746.192702
1050.89028,200,57792.97119
1061.117823,200,57844.410921
880.258222,200,57888.434155
1040.672337,200,57936.671769
589.393504,124,57962.8766
1131.202325,200,58010.489365
1056.044629,200,58060.164066
1046.125592,200,58085.512562
1035.664816,200,58151.339268
1046.152748,200,58179.977513
183.043631,77,58205.44579
930.563773,200,58252.082389
1041.300921,200,58296.867206
849.139307,200,58346.928614
1045.802035,200,58372.674714
1051.109002,200,58440.438777
965.432984,200,58468.120436
1116.435672,200,58515.876365
981.002376,200,58588.224607
1176.353989,200,58613.287006
1161.225033,200,58662.76499
1191.065909,200,58704.999389
898.881549,185,58757.944694
1061.16438,200,58781.878775
1005.695619,200,58833.371219
1020.963648,200,58876.499526
1071.344682,200,58924.090767
1091.359463,200,58951.32491
1046.309769,200,59013.535508
1146.000479,200,59061.474283
1186.211807,200,59088.594808
1061.058716,200,59159.065725
1030.810234,200,59186.641754
1045.943317,200,59237.326153
1045.875983,200,59279.932693
1055.886854,200,59330.350075
1061.285299,200,59377.824416
1196.414649,200,59422.198868
1051.203485,200,59473.417357
1191.117525,200,59500.027795
468.542456,200,59565.351765
765.101669,200,59593.106775
918.743192,179,59640.431134
1196.297567,200,59667.466109
1171.337016,200,59736.778317
995.890646,200,59764.647614
1181.256784,200,59812.007689
1041.192078,200,59881.864618
1025.963438,200,59905.080739
840.250108,200,59956.787144
1081.240776,200,59998.736273
1100.989663,200,60049.822486
1016.314951,200,60075.365312
1025.974599,200,60143.305939
1196.551565,200,60191.519717
1061.195318,200,60218.013594
835.412305,200,60290.134149
782.016849,174,60316.733486
1020.907682,200,60365.38813
1146.564091,200,60408.184527
1161.123021,200,60460.609554
1196.416189,200,60483.448755
1086.287758,200,60552.019116
1136.045832,200,60577.611086
1171.207553,200,60629.595603
1046.010407,200,60677.290332
1061.027893,200,60723.043568
830.73183,200,60771.503726
833.670466,185,60798.604369
1025.965047,200,60868.364062
1196.360158,200,60896.570045
1095.803994,200,60942.548644
1196.448196,200,60988.504781
1161.170402,200,61036.530758
1040.640736,200,61062.460292
930.578754,200,61128.635059
1050.986858,200,61180.766272
1166.307477,200,61206.922817
1040.887274,200,61272.514544
1015.995673,200,61301.204943
436.852914,178,61347.591909
1051.078401,200,61396.331179
1106.235728,200,61446.427059
960.695611,200,61473.013634
1025.895822,200,61538.286311
1196.491761,200,61566.930901
1146.385806,200,61614.679579
1010.802485,200,61664.505016
1115.871154,200,61707.099575
835.620929,200,61758.741286
985.939735,200,61782.770781
1011.058709,200,61851.974664
955.669302,200,61878.68417
1076.239256,200,61927.475211
1066.160091,200,61998.366633
382.498744,200,62027.439456
1196.466022,200,62073.112541
1081.030089,200,62119.625912
1011.229554,200,62167.255908
1186.176965,200,62195.387362
1106.096262,200,62259.415767
1136.282753,200,62288.137886
1046.112163,200,62338.298215
955.62776,200,62403.18633
1046.111021,200,62430.79828
1061.119913,200,62477.889572
239.836376,90,62478.955251
1020.93072,200,62552.533974
1046.073871,200,62605.090648
855.161608,200,62627.512962
865.280576,200,62698.725142
905.331087,200,62723.659571
1066.283589,200,62772.696178
1061.081734,200,62814.457713
1196.29853,200,62867.806337
1056.219622,200,62894.181017
1050.693348,200,62961.047055
996.028053,200,63011.513226
751.93191,174,63039.572349
1061.223353,200,63087.076213
1136.476304,200,63134.179624
1105.928623,200,63184.985393
1066.265493,200,63207.984299
1071.307422,200,63277.852355
1161.36219,200,63303.421741
1066.171177,200,63354.726366
1061.148001,200,63396.251721
1066.250201,200,63452.193045
955.664229,200,63498.420219
1105.97748,200,63543.295155
1046.097493,200,63593.657747
463.729787,200,63618.551994
1040.904471,200,63690.674548
1051.229261,200,63718.981517
1111.432384,200,63765.987736
1196.321306,200,63833.514371
1106.17541,200,63860.413001
1161.304192,200,63909.657356
1000.459583,200,63951.325
885.529274,200,64005.034173
1061.259667,200,64030.484438
1086.198363,200,64097.130935
1196.467799,200,64123.270676
991.006942,200,64175.390922
1076.105483,200,64223.380208
275.449705,80,64244.71973
1056.234189,200,64298.504936
833.364482,200,64321.853637
1020.807526,200,64390.294298
950.60387,200,64415.208185
996.060324,200,64467.010983
1046.040776,200,64531.852294
1111.343243,200,64559.610366
1066.228956,200,64610.300308
168.403614,57,64610.891378
1056.252288,200,64676.74803
1196.50405,200,64703.434189
1041.107901,200,64752.183881
1066.208929,200,64799.153362
478.359978,97,64825.104133
1056.237008,200,64876.041963
537.012381,111,64899.12828
522.221831,169,64926.430515
787.50739,191,64970.384449
1061.281432,200,65019.678941
1196.524838,200,65067.201691
1061.157997,200,65112.033659
1151.268056,200,65162.843064
1056.116419,200,65186.906147
1066.238898,200,65255.278666
1186.595721,200,65281.271802
777.982322,186,65330.34029
940.815822,200,65377.445714
970.923882,200,65430.172879
985.793185,200,65456.482126
1181.043572,200,65522.52426
1051.150575,200,65572.713712
1016.093396,200,65600.886899
1036.172461,200,65663.249894
1110.985204,200,65691.86941
848.086787,200,65739.87497
849.139058,190,65765.420639
975.418877,200,65831.460827
1056.229335,200,65859.126853
1050.94513,200,65907.732291
1191.30236,200,65981.8524
1176.492984,200,66007.695093
1046.167669,200,66057.621331
1060.923324,200,66099.474576
624.332638,200,66150.960125
1046.257176,200,66174.535694
1056.097058,200,66244.454566
268.419572,72,66268.669515
353.327982,77,66269.594795
1146.270245,200,66317.932986
1191.271225,200,66362.433414
1056.201994,200,66413.674566
194.114242,73,1196.619559,21096.254713,200,61196.54656,201106.339516,200,1070.877316,20750.037655,200,61111.01638,21191.533446,200,61096.237308,21186.368592,200,61056.134025,21126.190189,200,61066.365423,21061.267808,200,61051.228873,21171.380163,200,61031.2823041171.439429,200,6681111.271421121.275645,200,66871051.261581191.390658,200,66941196.42604975.895153,200,669671191.27221061.245807,200,670181041.17671036.194745,200,67041005.788421171.439325,200,67111086.236251196.377967,200,67141066.25199279.691689,79,671641081.3481166.351807,200,67233.539.43991196.375805,200,672591115.99551046.188647,200,673061171.10071171.360249,200,673501050.94781181.296103,200,67401141.353981100.748184,200,67431101.081261091.217837,200,67471166.153151161.197909,200,67541131.334651030.970896,200,6757878.6349381015.950879,200,676762.698792,1196.348587,200,61086.19936,21031.095954,200,61051.114455,21166.105277,200,61056.243377,21126.248528,200,6746.209551,171196.440402,200,1056.174962,201111.141615,200,1066.157146,21136.294856,200,61186.023183,21186.441728,200,61196.203286,21106.200822,200,61061.112045,1081.08636,200,6801025.9723441196.231153,200,6811036.0857591086.182859,200,6811156.346661056.070019,200,68211051.051611081.184772,200,68271021.0141165.966891,200,68293.1071.2121151.286873,200,68362.1196.4401051.132877,200,68389821.122011196.25725,200,684361076.12041051.121429,200,684801061.17891151.413621,200,685311035.9985430.841639,137,68558.1176.0801041.142974,200,68605.1005.9321136.286185,200,68650.1156.3001126.085717,200,68700.1151.3191196.285127,200,68725.1066.1581031.002763,200,68796.1060.6721166.078628,200,68824.1121.2181141.338682,200,68873.1081.0011136.089525,200,68916.1156.1431146.137723,200,68967.1136.1281121.229391,200,69016.816.705305,200,69016.644653
1176.347021,200,69083.858039
831.128813,156,69109.046259
1036.040691,200,69158.656705
1121.139106,200,69201.795123
1191.555697,200,69252.400613
1146.411175,200,69279.522698
1071.145798,200,69348.67575
1126.396688,200,69374.786029
1181.354453,200,69425.959276
1141.137723,200,69465.392268
930.634557,200,69516.708349
1131.121008,200,69565.464495
960.624513,200,69592.28515
1146.232445,200,69660.057346
1156.360087,200,69688.008054
1196.287124,200,69736.365675
1076.064162,200,69779.772172
1196.497703,200,69830.433363
1196.128637,200,69878.105193
765.541321,200,69923.919719
622.3301051.109328,200,69976.1151.3061171.421972,200,70001.1191.3111176.332905,200,70068.1121.336980.736886,200,70094.760.56531101.160231,200,701441191.62741196.450792,200,701861040.95531181.358473,200,70231196.43161071.260287,200,702861196.34401131.390863,200,70328885.451911196.492533,200,70371000.994261071.090797,200,70401026.160631061.234566,200,70471176.386441141.437195,200,7051116.2048981031.261394,200,7051121.4312461020.842623,200,7061161.1054751196.476323,200,7061056.1148061166.243679,200,7061146.3997961196.32206,200,7071773.8872191186.422053,200,7071136.1888831196.363626,200,708483.720125,1056.107308,200,701116.203671,1126.173238,200,701181.245582,1076.173341,200,70738.59768,17839.607614,200,71196.4623,200830.249161,200,995.942646,2001045.92049,200,1185.9695,200,1051.03517,200,71129.611069
980.781119,200,71196.013739
1171.39555,200,71222.564751
1116.257386,200,71272.919391
1040.836499,200,71337.227033
1171.283152,200,71365.315158
1050.861577,200,71415.770409
1135.950695,200,71455.545875
1146.091937,200,71506.393939
1181.218374,200,71532.705579
1161.224331,200,71602.261508
1050.996681,200,71627.966177
1101.176468,200,71681.562776
945.312906,200,71745.899887
1045.837215,200,71773.978687
1181.544779,200,71822.988771
1141.112747,200,71851.234263
1006.002893,200,71916.397259
1166.423984,200,71943.635535
675.296815,1161.10283,200,7191171.1593831186.536588,200,7201040.9936031171.288168,200,7201046.101841061.036535,200,72101020.570661151.241712,200,72171050.901561191.630841,200,72231056.027741071.213858,200,72251141.252431171.175806,200,72321146.269851196.221062,200,72341176.337421176.365611,200,7239159.9832771181.091153,200,721186.284171,1136.092738,200,721051.154911,1196.377017,200,721065.944112,926.705493,182,7251096.2267931060.844962,200,7261120.8549141191.373017,200,726523.478596,1186.215816,200,71191.245998,2955.762021,200,721136.131766,1151.100307,200,721191.44599,21191.467578,200,71000.669237,21196.631637,200,71071.248592,21191.196428,200,71051.049126,2567.678242,164,721091.055166,1166.321258,200,731156.128367,1096.229583,200,731191.252677,1121.235838,200,731191.527657,990.798644,200,73884.767906,21196.352384,200,71171.20571,20519.588873,135,71156.307392,2985.792361,200,73945.522379,2373.225439,200,731076.094887,1151.242672,200,731086.083457,1196.685158,200,71015.780448,21191.672327,200,7453.79792,2001051.182874,2001191.493668,2001106.104949,2001076.175134,2001100.857738,2001115.895632,201191.378357,200,915.745745,201030.9905,200,73588.782858,11176.05938,200,731075.578417,1106.020693,200,731105.984167,1126.227032,200,73443.502738,21156.456315,200,1100.695519,201166.173007,200,988.263515,1891051.282125,2001076.12439,200,1071.106792,20448.458901,200,71116.152192,21076.002742,200,1530.577287,11402.010464,180,11066.123573,2995.668002,200,71568.4512,187945.904421,200,678.570593,144,74211.182816
1131.362707,200,74237.767608
1081.122932,200,74305.798833
551.23358,105,74329.932205
1126.189377,200,74355.937332
1166.366262,200,74406.142577
1036.02378,200,74453.583154
5581111.240991,200,74504.872811861111.024088,200,74529.3881081861.650816782.648488,200,7832548.1983641071.03816,200,71131110.92939503.449762,200,711211146.11901126.200707,200,7901.1196.48141196.223384,2001146.21136.16311156.371654,201116.1050.8329761196.385216,201046.1046.1460381146.358733,21196.31126.381017,200,74937.651125.71171.315558,200,74961.931101.21161.178828,200,75034.561151.31036.053557,200,75060.87793.461111.191493,200,75108.71111.271111.100465,200,751531176.33031166.138723,200,752021150.95521126.304019,200,752511146.1817950.327089,200,75294.950.57501116.287271,200,75347468.5755838.060924,200,75373.1121.3721141.176951,200,75440.1121.2071176.217626,200,75464.1196.355970.226419,186,75517.61136.311071.220163,200,75561.11040.821010.823439,200,75614.11166.341146.343179,200,75640.5845.0001146.300095,200,756901126.20241186.218807,200,757561141.25581185.991785,200,757831010.85931096.273064,200,758311151.1634463.534788,200,75876.1171.3791106.087999,200,759271196.11301016.1319,200,75951.31166.021146.306144,200,76019.1136.2381196.416289,200,76072.1136.0421080.967021,200,76096.690.34081111.233134,200,761681151.33871015.452258,200,76194468.465141186.216389,200,76241191.25999662.525246,200,762861191.1131156.35981,200,76335.71141.31196.443952,200,76364.6824.928825.172037,200,76428.21126.331066.327172,200,76480.61146.131111.162242,200,76505.1181.51151.348028,200,76570.63127.61000.786259,200,76596.41176.311085.992266,200,76649.01111.23895.735785,200,76692.5373.4701081.34923,200,76744.91126.141155.82186,200,76793.41161.081135.962631,200,76821.433.4911191.5249,200,76887.451166.41196.464818,200,76915.68980.821146.365605,200,76962.5734.7891156.268673,200,77006.1196.5921161.186983,200,77055.1086.2641186.645231,200,77080.824.84131196.315875,200,771471191.6211196.762596,200,77199915.43050586.916738,200,77221196.21601061.270711,200,772961196.38691146.275466,200,77321035.86778739.767273,200,77371.016582
1156.180024,200,77414.419096
1071.117249,200,77465.493642
1136.271316,200,77515.266349
1151.197432,200,77557.215529
1131.338723,200,77608.530265
1076.129498,200,77635.041574
1196.387887,200,77701.421077
1196.555199,200,77727.20538
1075.954845,200,77779.684587
1161.298579,200,77823.169743
1196.308829,200,77876.096077
697.939739,200,77925.152209
1061.067024,200,77950.065648
1176.153047,200,78016.351394
1096.236887,200,78044.523888
1050.772444,200,78090.538971
1136.212129,200,78134.998064
873.616581,158,78185.54331
1056.069608,200,78208.829444
1106.140757,200,78278.657237
1086.232546,200,78304.433111
1196.293558,200,78353.529768
1196.373804,200,78401.184174
1151.364576,200,78452.021068
1191.581094,200,78501.686234
1081.055803,200,78544.782104
849.324659,200,78596.21626
1030.787154,200,78623.613615
1071.149195,200,78686.943748
1131.045366,200,78714.141827
1141.285151,200,78763.757795
879.48323,159,78789.208601
1146.276449,200,78853.81155
458.617909,200,78883.238782
1096.090927,200,78931.088742
1196.142005,200,78980.002975
1021.098434,200,79030.530535
468.511071,200,79079.435157
1196.215421,200,79122.856443
1151.319899,200,79173.454828
1196.516771,200,79197.330952
1196.426587,200,79264.668289
905.592231,200,79291.229573
1196.298829,200,79340.478482
1151.219668,200,79409.073828
1196.221958,200,79435.293312
1141.341024,200,79484.910554
319.236799,105,79486.040752
1061.068986,200,79559.16982
970.827475,200,79607.21234
1196.215763,200,79633.274584
1136.27757,200,79700.408958
836.694901,172,79726.66746
1116.089817,200,79775.550773
1126.14447,200,79818.833489
1136.187979,200,79869.751276
1161.350329,200,79896.277936
1050.891998,200,79961.261715
855.094372,200,79988.620812
164.679233,79,80012.156349
1186.27565,200,80061.95584
1146.269093,200,80108.234075
1196.382529,200,80159.625701
900.592104,200,80185.884515
839.473132,200,80252.083757
468.471588,200,80278.530656
1041.127303,200,80331.26102
1121.296759,200,80397.79775
1066.253475,200,80423.513502
128.35071,41,80423.977523
1076.077725,200,80473.962369
398.426498,200,80541.827285
123.493924,57,8011136.1866431101.16646,200,8841191.1964841136.221432,200,109843.757994,1010.870363,2001191071.265961,1111.091378,200110924.526329,1343.226778,200,451101.156808,1061.191786,2001051141.0602621021.120452,20010511131.211505869.144887,200,1191071.0854451151.231254,200,10995.868948,21131.289793,200,81056.077965,21161.549956,200111076.200603,21126.269263,200101111.236011,21126.250067,200111171.332234,21056.245913,200111026.00559,21196.309559,200,1723.939522,201061.305901,2001176.389609,2001196.036162,200754.516898,171,1141.342492,201051.06121,200,1191.529258,201196.355886,200,930.584882,2001056.082594,200840.245581,160,1141.29052,201166.278552,200,890.573447,200697.055501,173,933.18503,194,1141.315799,201031.161418,200,1101.246337,20801.380884,182,8990.50975,2001196.421137,2001136.198007,2001111.146696,2001156.323601,200463.553347,200,1126.248103,201076.205309,200,1051.081332,201156.368635,200,1126.154513,201131.235611,2001151.308796,2001196.382579,2001166.299737,2001081.092098,2001121.223245,2001126.161705,2001111.150123,2001065.752,200,821196.686459,1020.948332,200,82910.406173,21121.294775,200,81111.037922,2990.884879,200,821196.165884,200,82272.97706
1131.118318,200,82324.023691
1096.101524,200,82395.009025
1151.297178,200,82423.388555
1146.186847,200,82469.935193
258.866866,94,82471.016404
880.563498,200,82540.599486
1121.217173,200,82592.286343
1191.35698,200,82615.30243
845.41953,200,82682.312035
1196.518362,200,82710.891584
1116.054895,200,82756.953418
875.041924,200,82803.101991
1126.240752,200,82851.319154
1045.569416,200,82878.258196
1015.61548,200,82948.480537
1196.173531,200,83000.970735
1196.409767,200,83024.287833
970.352454,200,83092.162642
1131.22356,200,83117.165908
868.380437,158,83167.824315
1126.13043,200,83210.258653
1151.328173,200,83263.31681
1101.139435,200,83290.859533
1176.307315,200,83337.518705
915.697303,200,83382.57314
473.54328,200,83431.556176
1121.385165,200,83459.122664
1171.039466,200,83526.322444
1176.283089,200,83578.123565
1086.139255,200,83601.959138
1151.223928,200,83668.535999
1115.965265,200,83694.923604
923.099949,184,83746.307002
1196.255475,200,83787.935368
1196.349357,200,83841.41545
1060.998243,200,83864.697861
1196.524413,200,83933.44693
1151.257176,200,83983.026074
1121.345237,200,84009.443658
1136.236143,200,84078.757005
440.336119,162,84107.105645
1181.495374,200,84134.859535
1121.223966,200,84181.708029
1196.408766,200,84247.964347
975.833035,200,84274.590672
580.589346,120,84301.759898
1160.937682,200,84365.289989
783.546644,175,84393.740619
1190.942159,200,84441.526499
1005.905622,200,84485.017213
1131.048709,200,84535.057283
1156.322406,200,84563.682227
1151.068097,200,84631.584296
1110.992216,200,84659.66509
1056.154891,200,84709.184962
680.78408,157,84735.846989
1186.153036,200,84802.840247
1141.258939,200,84829.400141
1051.254677,200,84881.15392
290.633431,85,84901.75031
1110.939086,200,84939.859336
1036.286611,200,84991.661909
1101.040261,200,85016.548871
934.829239,175,85082.088623
883.789501,195,85108.40686
1151.116265,200,85160.800989
1116.053315,200,85206.598358
1161.293353,200,85258.887782
1015.342324,200,85285.591518
1166.25878,200,85351.645331
940.569121,200,85376.258797
1081.153445,200,85430.358323
1126.29241,200,85493.178923
1196.289485,200,85522.72472
285.163434,85,85551.486716
1055.890638,200,85576.331615
1056.117159,200,85649.947022
1196.271463,200,85699.534198
1136.154193,200,85727.106106
1095.704908,200,85799.742395
1121.148129,200,85828.154986
1116.22362,200,85882.800514
1041.117292,200,85928.391176
1045.936391,200,85978.206716
1126.213801,200,86007.690086
818.659225,200,86079.455786
1080.92167,200,86134.089338
1196.390026,200,86153.732433
898.992575,200,86214.650394
977.634455,194,86241.966232
1121.053374,200,86296.507422
1055.935098,200,86317.717124
940.660305,200,86386.096495
1196.450675,200,86412.204689
985.951126,200,86456.547367
1105.756038,200,86523.174286
920.698886,200,86548.322166
1035.92688,200,86593.41823
1136.171606,200,86634.925277
1106.222195,200,86687.396367
1090.719051,200,86712.665951
1156.215719,200,86774.873659
1061.101496,200,86824.203933
438.659453,200,86850.792713
1096.089653,200,86915.512349
1080.982511,200,86941.598783
463.737243,200,86991.978604
1045.698576,200,87029.174749
1145.930472,200,87079.384706
1106.127978,200,87104.447921
1146.098277,200,87165.624856
1136.268244,200,87214.561055
1170.979562,200,87240.008809
800.781023,161,87266.036801
1196.33755,200,87326.796733
1171.306526,200,87376.613193
1156.288669,200,87402.640604
1101.084852,200,87468.412504
1191.345374,200,87494.276226
1061.036167,200,87543.179094
1041.03,200,87581.745162
148.847689,74,87606.069436
1186.289212,200,87633.356764
1100.565024,200,87679.322747
1181.429349,200,87742.690204
1111.149273,200,87768.476043
505.442029,104,87794.037211
443.689019,200,87854.302141
498.864197,185,87880.972629
603.851686,118,87907.167392
1030.585198,200,87933.15506211146.171796,200,87999.465531111181.315932,200,88049.338891121100.983333,200,88075.501141151151.232331,200,88136.2221196.1126.351673,200,88161.591106.01126.422558,200,88212.011166.21151.262038,200,88247.981071.31116.187285,200,88298.91196.271136.353296,200,88347.71076.061085.682742,200,88386.1116.2651196.234335,200,88434.1100.8091146.340824,200,88460.1051.0191141.134135,200,88525.1131.3181135.874379,200,88549.1106.3651061.24286,200,88600.11136.16833.114744,200,88638.411136.21066.20014,200,88685.51181.0544.518193,200,88734.9571035.1065.85319,200,88760.097211061176.247694,200,88820.67871186573.986151,200,88846.89614554980.811834,200,88896.079471101075.8491,200,88935.423778111006.129895,200,88985.693371111151.372447,200,89035.61858911834.718287,149,89078.05852911066.367711,200,89104.265064172.177771,81141.203486,200,89128.179835
.21355,200,890771096.36721071.090101,200,891041196.395808,200,89129.852176
284721161.376712,200,89129.991895
0.568652
2.49147811046.005047,200,89128.463604
496
.872693
1156.330901,200,88959.183386
1196.269282,200,88985.479409
453.378183,200,89035.389616
1080.900828,200,89078.366482
1136.286429,200,89128.313809
6.065724,200,89103.399711
1016.018848,200,89129.383083
58243
1051.011455,200,89012.06048
1116.292842,200,89054.99041
528.041701,112,89079.622631
1186.468866,200,89129.568923
