#{"t_start": 1666934789.3757255, "env_id": "CustomMyoChallengeBaodingP2-v1"}
r,l,t1970.886631,200,122.869721171061.134916,200,124.3787211136.266875,200,296.17996192188.968455,200,297.75986781024.92353,200,472.53674951061156.758876,200,474.24101835691170.834932,200,676.1080.181.616224,200,678.260211960.8428.749794,200,868.11036.081501,200,869.3128499811014.681067,200,1059.8769101825.009069,200,1060.6411911119921161.067246,200,1263.5783999.1170.60893,200,1264.9101135.56081,200,1442.78291.685711501.452173,200,1442.30311141.11151.779496,200,1648.1109110900.260058,200,1649.1045.4924.608666,200,1837.82089443109689.179648,200,1838.11141.1090.667488,200,2029.708.7794111070.17177,200,2031060591062182.720478,201050.21106119111141.110377,200,2236.51.1411.1191.3118,200,2421180.919501090.54297,200,960.1191.21191055.707743,200954.11105.63011036.117676,201045.3803.115704.025103,200,281186519.985.280066,200,2802929.310601141.538345,200,2991196.8183.1185.004208,200,2993.8281166.1080.102409,200,3198.549643723.0606,200,3200.0453081111171.500018,200,3385.157777995.291906,200,3386.1592291171.88925.015384,200,3582.81196.351614,200,3583.576513
10313.1192.092604,200,3934.610855.11871,200,3775.956115111060.6588.218345,200,3975.7961009.1065.67984,200,3977.211161.157845,200,4171.12432661951041196.847656,200,4172.861186.41151.055845,200,43577791024.651281,200,4359.08049111944.249316,200,4548.950106111086.100613,200,4550.288181191165.766266,200,4735.6174157.1156.616268,200,4736859.642.91166.876828,200,493114073.3791035.182.1186.08901178.13022311511091.574288,2578.836542,2779.562661458.949815,200,51211411166.205856,200,5310.4901196579.368388,200,5311.963841110.593117,200,55110889.5843783.872752,200,5515.696589
1055.911383,200,56871939.4908637891197.117194,200802.9070.411361196.72825,20884.643776,2819890.20524,200261.336353,2111166.60033,200813.952073,207183.540652,200,601050.597935687.842204,200,6268.83610473985.395196,200,6270.291136101095.892512,200,6472.787861106.627257,200,6473.0439791831125.929539,200,661136.29180.760341,200,664654.1055.964.401181.014865,200,68974.111131.370023,200,6995.01065.11758.251445,200,71160.9206112855.01004.777263,200,7054101231.28697.618216,2182.848670874.441196.547351181.41975.942066,21039.875597814.6543.995511,201151.357411065.1035.021072,21126.334155,200,1141.437882,200,7614321.96150683.16821004.473989,200,78181196.16511125.699574,21081.04194.4291241161.705072,628.331166.307603,200,8974.597885,21196.85318,200,8181.959471,21166.631766,200,1040.757658,2116744.61342,200,8401.02935641196.84824,2001010.670194,21065.079892,200,8588.417609
1186.556294,200,8590.8976661111.263231,200,8784.048286.6894.562748,200,8785.431715
1096.235864,200,8986.04247
180.538221,200,8987.371045.71065.71332,200,9164.189199
180.68737,200,9165.42212109749.94166,200,9366.19003391130.787792,200,9367.521449
778.860404,200,9552.1966311551.033572,57,9552.576361
368.335867,1020.27523.321196.813128,200,9747.726906
47.1030.337102,200,9749.7994.416052,200,9945.8575
608.390158,139,9947.32209109984.2082751186.437319,200,1011085.965062843.097287,200,1013482.701702995.119411,2001176.696.180774979.542458,200,11301004.97058704.304347,200,110001195.633067,200,10522.115619.4618.204491,200,10716.130449
132281.076407,200,10718.11116970.098347,200,10914.90765
55.81693.289401,200,10916.91196.491151.59416,200,11104744443.671136.390358,200,1110111030.687687,200,11295.06296193102.18771186.32826,200,11297.240468
1126.520247,200,1141065.9569541126.457289,200,794.804785,200496.835237,200,11686.076998
990.892973,200,11687.492587
1191.126183,200,1950.501426,20561.343053,197,1999.486726,201030.732173,200,1161.819806,20759.765092,200,11131.224999,280.16596,76,122621146.13531161.209514,200,12263454.30026182.928383,200,124531191.3626543.986651,200,12454.1060.2661130.850825,200,126571176.6021141.31382,200,12658.4744.80361.552593,200,12848.23517.761191.321121,200,128491161.57651197.12022,200,13041.612.81841096.158761,200,13042.829572
724.581967,200,13243.1014.7581101.408026,200,13245.167694
1060.794437,200,13426.188528
900.341008,200,13427.879348
1090.919678,200,13631.494625
1181.320984,200,13633.16873
1110.757397,200,138211135.8731960.02386,200,13823.0958.9081075.612735,200,14015909.25755865.041368,200,14016.390374
1180.838368,200,142221131.24631080.783141,200,14223925.589401050.650951,200,14404.051385
1080.988207,200,14405.617289
71.794158,78,14609863.824111181.107687,200,14611091.217629,200,14612.031060.61166.764796,200,14812.71889.62704.225739,200,14814.034982
1060.228468,201136.563359,200,56.799653.1937920.250874.7489.736811070.776589,201197.943.327864,1116.206466,20235.1065.659837,1075.31045.636465,754.928678,2939.046982,2930.41151.106599,200,15591.853804
985.75004,200,15593.21756
975.293952,200,15794.11146.24100.479583,106,1141.176782.784695,200,15795.21030.941195973.730762,200,1919924.402269773.283992,200,15971151.18571005.574545,200,16179944.7469.41828,200,16180.8986190.1040.1197.2567,200,16371.1086.215568,200,16373.143317
831.371.432068,200,16561.55951075993.681472,200,16562.900261.01015.989.218305,200,167186.392450.761197,200,16762.0809.452301,200,16944.772197
1100.725312,200,16946.144231
1140.817652.597211,200,17143.81091.220722,200,17145.787067
475.074433,200,17337.910518
91.191529,97,17338.569987
854.240442,200,17527.920747
959.524572,200,17529.246794
1086.432174,200,17730.102802
898.011623,200,17731.338719
181.068276,200,17920.420867111181.490015,200,17921.74129284717.690954,200,18110.524548
975.311788,200,18111.893326
182.125399,120,18301.5112771910.307544,200,18303.265958
181.671319,200,18491.511771
1050.080803,200,18492.875102
1111.052596,200,18698.3087931970.561064,200,18699.55416711312.47723,200,18885.323867
426.515863,152,18886.33694811181.471477,200,19077.053605
370.603708,200,19078.64957
1066.081117,200,19271.537946111141.063617,200,19273.445781
1151.030459,200,19475.207185111065.786571,200,19476.832045111161.218341,200,19671.614188861016.231041,200,19673.463892
1095.937539,200,19859.894613
883.506049,200,19861.4446791.1176.37114,200,20052.622985.91171.349221,200,20054.01860.6090.54511,59,20247.775621076.215779,200,20248.645852
825.392422,200,20250.0547041900270.286743,200,20450.30539181.860216,200,20451.361914975.327298,200,20645.236528
26923.814123,200,20646.93145291170.596612,200,20830.0569211971035.786611,200,20831.616697101172.445187,200,21028.31905.436218,200,21029.64878
1030.31100.995951,200,21209.211060.9188.79023,200,21210.790510251382.249734,200,21407.247234.192.379511,200,21408.81441070.917156,200,21599.218391
1176.459049,200,21600.552567
1076.691077,200,21782.672386
61187.397603,200,21783.8900894.767759,200,21981.707815
1045809.195331,200,21983.0127687.269.256138,200,22161.875910.5647.401554,200,22163.31821.696265,200,22359.841546
1040.93954.747925,200,22361.421025.743377,200,22561.428131
928.941156.42472,200,22562.77112.4834.957744,200,22749.522163.8111171.58719,200,22750.915024
6.663041,70,22750.624614

1055.923714,200,22563.019295
834.302634,200,22750.036501
110.861794,121,22750.715206
67,22563.091019
1070.419638,200,22750.272611
1125.75704,200,22751.398847
2,689.716441,200,22751.290661
63636,200,22750.524941
749.940447
126,93,22749.779725
4523
772.766353,200,22749.834042
40.798262.305275,200,22750.092899
12
61.668211
1140.193512,200,22562.89268
1186.187604,200,22749.909773
302.601525,162,22750.819597
5,200,4686.729749
1056.334831,200,4704.031017
1161.890319,200,4716.248302
186.078413,200,4738.637557
934.913864,200,4765.994339
1011.071749,200,4788.405641
472.336835,200,4800.315814
1126.157036,200,4816.880075
258.975808,146,4827.857954
1196.264171,200,4850.467443
1197.332822,200,4873.945999
1161.721528,200,4896.693272
1196.814625,200,4908.7777
181.462795,200,4928.106836
1015.937182,200,4949.659551
1196.650282,200,4961.502336
1085.032615,200,4983.624553
419.968257,200,5008.367234
1186.134398,200,5030.84
284.555041,200,5043.14634
1130.628332,200,5058.54127
1120.806751,200,5070.793501
919.325071,200,5093.093279
182.823934,200,5127.306834
1146.516383,200,5142.238032
950.678035,200,5164.414072
944.605785,200,5173.746694
710.495453,200,5193.099025
909.518061,200,5205.31858
1010.800321,200,5240.862485
1086.468988,200,5262.359216
346.893954,200,5274.470976
1070.661854,200,5295.276189
1196.273372,200,5303.556133
859.464331,200,5327.086793
748.978568,200,5351.762874
1075.819315,200,5373.813064
994.188753,200,5385.509106
47.641784,52,5396.488911
920.172374,200,5406.683044
1115.867427,200,5425.006254
803.588823,200,5446.866712
754.50511,200,5472.517449
622.414982,200,5494.918179
649.024035,200,5506.691852
336.574427,200,5529.846697
1091.000282,200,5538.411295
181.203418,200,5560.118938
1050.9043,200,5572.088546
829.468969,200,5606.877654
904.890516,200,5628.385823
65.425713,73,5628.922013
1125.707786,200,5651.237945
858.825914,200,5659.415813
1196.78926,200,5679.070048
281.350265,200,5707.112636
1186.862574,200,5729.282291
1101.395501,200,5751.495702
939.723758,200,5763.20441
1075.63407,200,5781.81865
980.73945,200,5792.090649
1116.664753,200,5814.412945
995.088951,200,5839.867181
963.967745,200,5862.216915
1101.493688,200,5874.113634
804.273366,200,5896.414362
974.521448,200,5916.350296
83.998146,42,5916.654346
774.370185,200,5928.519464
1026.195962,200,5963.512596
144.323572,63,5974.749468
1136.128712,200,5986.14942
985.307741,200,6008.707663
183.229304,200,6017.705554
182.278049,200,6036.487274
182.528039,200,6048.775137
1086.265778,200,6083.870064
1101.485428,200,6099.337745
1101.197944,200,6121.428524
303.012956,200,6140.362919
950.59304,200,6149.953761
1191.410848,200,6172.128188
1165.638247,200,6197.632768
1065.900727,200,6220.124297
1191.601284,200,6230.51985853518.081021,200,6242.734785221096.004104,200,6262.3446994.840.353445,200,6274.1884181.800.056582,200,6296.093811601075.589142,200,6320.8992771.1171.23541,200,6343.2201187.457.47654,200,6365.52151116864.234925,200,6377.500459.391842,200,6386.595886
167.014249,88,6394.79323.8980.443328,200,6417.374693.8933.468534,200,6442.2251101.1155.789106,200,6464.2329341090.583219,200,6478.9411065.574.65022,200,6499.133711011025.36786,200,6506.963831111015.626119,200,6529.19842101176.71457,200,6563.4536661181.103372,200,6575.6011451181.194681,200,6597.420648
1090.807812,200,6609.708244
1160.480615,200,6627.3988969834.597136,200,6637.8420411934.595834,200,6674.396282
58.519536,63,6674.872016
1091.053568,200,6696.840952
884.879945,200,6719.735195
742.249113,200,6731.373392
1101.075529,200,6749.075885
376.802418,200,6759.435172
1120.44993,200,6795.670654
974.612106,200,6808.023276
1015.730686,200,6831.317292
3111105.772159,200,6842.41960.40682.760128,200,6867.52193.43102.95382,73,6868.026211461111.192768,200,6886.4974184.939.431713,200,6922.044910211071.58971,200,6933.970921121081.071684,200,6956.32401001191.288039,200,6967.9558819.782.906731,200,6987.4706181.493788,200,6997.448392
1075.868024,200,7033.337919
905.161716,200,7044.716017
1086.041391,200,7070.682784
1110.79954,200,7093.162042
182.8893,200,7104.989811
107.784677,120,7112.848583
1095.612107,200,7133.126779
853.375572,200,7158.205598
828.074111,200,7180.819289
1197.743339,200,7193.200125
825.561088,200,7215.401328
428.625181,134,7227.325498
989.480546,200,7238.44126
954.401008,200,7259.742789
91.5541085.926346,200,7294.213113
1146.481657,200,7305.447872
627.771538,200,7328.347157
1075.938012,200,7339.664138
890.200876,200,7357.506223
894.414151,200,7368.423537
824.223017,200,7404.151521
1045.684987,200,7427.505437
1141.380901,200,7441.868437
284.476204,68,7453.577646
1125.464853,200,7464.735114
828.643849,200,7481.756988
729.794206,200,7492.96593
1075.88604,200,7529.870314
345.417422,200,7540.999776
939.306106,200,7563.461944
678.725718,200,7586.313294
757.610701,200,7594.586695
1096.110632,200,7615.102506
1130.9164,200,7642.046621
33.512296,38,7653.232889
83.77927,90,7654.050708
824.063422,200,7675.564273
1015.710499,200,7688.56541
1126.406283,200,7709.70894
651.495621,200,7718.732916
484.074037,200,7739.212299
106.803836,119,7763.621282
1060.513478,200,7785.754824
919.121144,200,7797.687422
849.979302,200,7819.954094
1085.655325,200,7834.901423
391.318866,200,7850.613608
506.623304,116,7861.93778
526.64887,195,7886.46847
1196.49987,200,7908.729282
764.151042,200,7921.05904
1071.146864,200,7943.439218
1135.831979,200,7953.357445
960.723215,200,7972.73108
180.428166,200,8008.638516
1161.10274,200,8022.636522
95.959159,104,8034.099035
1197.013276,200,8056.034246
1186.06601,200,8068.72675
38.831162,44,8069.09990.18759.434574,144,8085.081040.81196.636505,200,8097.91929.295178,200,8123.390115
168.81236.833771,200,8144.6849.6901145.639741,200,8156.1136.2881140.829477,200,8178.683.7375278.165838,200,8190.1024.884808.545059,200,8210.950.73621196.74768,200,8222.969.75721085.859935,200,8257.747515
819.080029,200,8270.064132
1055.82715,200,8292.625898
717.186117,185,8304.93152
1051.100323,200,8323.864356
1035.242761,200,8343.597852
65.42748,73,8356.898846
1146.436771,200,8379.759935
647.935247,200,8391.611633
964.443732,200,8416.689192
985.444359,200,8428.528656
123.383443,74,8440.04542
1130.802446,200,8455.28357
1061.008265,200,8481.502046
183.303359,196,8503.993915
614.198445,200,8517.344265
172.127025,113,8528.36745
1196.683744,200,8549.957515
262.291072,200,8561.4858
1035.110765,200,8579.828304
223.631199,141,8607.623689
1130.698333,200,8619.535768
1045.600155,200,8641.895272
949.438611,200,8664.222243
1030.032877,200,8675.515318
148.386679,73,8685.656128
1075.797343,200,8693.517955
345.1039.867415,200,8729.0141196.885.560241,200,8740.486252
1085.329241,200,8762.340927
1095.579695,200,8775.421956
1065.118093,200,8800.024757
1075.873553,200,8810.472015
989.506631,200,8829.042777
469.257188,200,8864.855261
413.004983,153,881065.715755752.364636,200,8881056.19961378.611855,200,8912684.4512242.377331,648.09842768.108850.447495,21095.4826366.6331111.158213,2924.40959.1817961101.659727,1076.21166.3358231146.615978,1161.51171.9455271090.806625,944.03483.111546,875.239872,184.130012,200,901135.887804,200,9046.462039
874.181115,200,9065.421061
180.150805,200,9090.589928
815.494262,200,9112.384218
1145.951703,200,9123.929297
1005.371035,200,9146.276346
244.35682,200,9166.889934
878.693916,200,9179.076061
864.333407,200,9214.075873
1196.845313,200,9226.454474
1180.995451,200,9248.395324
1165.363207,200,9260.993976
261.673142,200,9282.519247
1146.294236,200,9292.12966
873.619968,200,9310.947263
1095.737822,200,9346.142559
317.169457,200,9358.478714
1120.169644,200,9383.012005
835.183021,200,9395.263266
398.751044,200,9415.483996
1196.392368,200,9424.319813
233.015199,135,9448.045245
466.989652,200,9470.965476
1161.36291,200,9492.774848
1020.496936,200,9504.486733
531.66214,175,9515.853456
924.915994,200,9535.078746
225.574018,200,9555.482533
1171.388544,200,9583.18152
412.114578,200,9606.086709
1055.965086,200,9617.82081
1080.847899,200,9640.156456
183.837143,129,9650.06979
1197.249376,200,9659.297052
1187.169347,200,9693.238039
1197.231264,200,9715.810004
1015.423043,200,9727.082387
1051.065797,200,9750.302885
1061.505028,200,9764.825715
1141.324896,200,9783.140822
1181.35716,200,9806.228433
1055.982385,200,9828.254164
46.26383,51,9828.628494
853.90519,200,9850.934155
225.117717,143,9862.219999
855.495847,200,9884.999887
1181.631791,200,9896.843151
824.462463,200,9913.321766
889.301021,200,9937.487732
960.392613,200,9964.141199
1131.211747,200,9977.130099
82.405387,73,9987.60788
1044.92793,200,10010.57938
183.169378,200,10022.364003
945.104118,200,10039.229703
939.959783,200,10064.521789
839.403403,200,10087.181648
950.310966,200,10098.737688
1090.330593,200,10121.380704
1196.445978,200,10133.209636
1125.7153,200,10152.573373
318.067752,200,10189.104992
190.194425,200,10201.092466
762.705627,200,10223.942822
1131.70676,200,10235.973595
784.099138,200,10258.082696
1080.476171,200,10267.077542
1026.444721,200,10300.202998
979.756347,200,10322.807498
919.711243,200,10334.383873
1166.627663,200,10360.641116
1065.352061,200,10373.084222
959.468585,200,10392.771892
181.102794,200,10415.846177
436.208897,200,10438.214061
1005.31224,200,10450.209405
1020.053301,200,10473.112233
1146.353501,200,10495.558059
53.047348,60,10495.999593
1055.736354,200,10515.275471
235.566964,200,10540.760787
950.675344,200,10563.18875
879.191834,200,10575.758557
134.947614,149,10587.275834
1196.926967,200,10610.469811
970.349426,200,10629.434005
1151.725976,200,10639.089774
345.875067,200,10674.291155
985.346414,200,10685.468429
1151.269161,200,10707.645559
1181.72409,200,10719.457789
418.779506,200,10744.36681
181.8421,200,10760.183067
828.724549,200,10785.314016
1121.882243,200,10807.234192
869.832372,200,10819.339882
1061.110204,200,10841.414637
1196.822946,200,10853.790728
554.305344,200,10873.722863
948.819662,200,10895.799988
1081.357708,200,10918.239008
964.380356,200,10942.372345
980.486663,200,10954.982167
1075.281044,200,10976.674076
297.142901,200,10988.894431
476.148791,121,10997.870433
488.707264,200,11030.122437
1196.984612,200,11042.091546
1080.880365,200,11063.368593
973.537896,200,11075.105206
1045.574784,200,11097.305379
878.998912,200,11117.251461
920.338722,200,11143.51898
894.533487,200,11165.314099
854.517825,200,11177.489025
1110.684308,200,11199.730369
286.180647,200,11212.014932
1030.54482,200,11231.044753
975.353311,200,11262.870433
855.904985,200,11274.726879
204.807642,91,11286.239998
290.18162,200,11301.276871
65.709978,71,11312.199214
183.089777,200,11324.314787
1151.515898,200,11346.260831
1061.311827,200,11362.124734
1146.199336,200,11388.087053
1070.660042,200,11410.072413
1125.812942,200,11422.340453
697.545775,200,11444.383002
1060.380571,200,11456.229493
276.48093,200,11476.817824
749.360616,200,11510.920092
1045.335272,200,11523.370188
659.235728,200,11545.532728
1041.046314,200,11557.865571
1105.964296,200,11579.507045
106.262202,118,11589.496011111110.655006,200,11597.24646977111.992595,127,11621.91271980579.042455,200,11642.81372338.375929,200,11642.877163
579.165472,200,11665.567603
985.639706,200,11688.061691
1075.506608,200,11702.790793
1156.037008,200,11720.31936311025.825279,200,11744.8252521915.489513,200,11766.7366921436.023925,200,11779.32655
834.303225,200,11801.41963
900.259203,200,11823.663907
400.801944,200,11835.81265
1125.930905,200,11867.679023
708.395157,200,11879.930366
255.6514,199,11905.096511
194.227486,200,11916.767412
1075.368048,200,11939.168833
1030.320441,200,11950.774699
1146.598555,200,11968.715464
1166.504103,200,12004.259248
184.659896,200,12016.342228
1116.530552,200,12038.026938
1060.855264,200,12051.267807
1095.322697,200,12074.010607
1170.374592,200,12088.794423
930.259125,200,12118.944103
261.359454,200,12141.261599
872.733443,200,12153.938986
923.577985,200,12176.523839
1036.165551,200,12188.859286841071.032948,200,12208.35323813370.299026,200,12231.436281001060.136861,200,12253.17510111524.905601,200,12264.97184910769.825566,200,12289.82642471136.411585,200,12311.655656101181.634695,200,12323.914938101100.870497,200,12354.15515118965.573231,200,12366.0785861147.937592,55,12376.943604
805.376929,200,12388.827448
959.13931,200,12410.988418
1192.093407,200,12423.36446
180.443162,200,12444.737947
1024.983314,200,12478.994194
780.548423,200,12491.305097
193.065285,200,12513.40576
1071.392736,200,12525.390841
1176.217288,200,12548.192768
1081.328472,200,12560.297571
1065.244878,200,12580.034199
1141.074316,200,12603.73148
425.112338,132,12615.349234
1192.322598,200,12637.065298
954.094546,200,12659.174024
187.257627,200,12674.011031
879.774229,200,12694.436949
954.875835,200,12715.528302
959.575078,200,12737.835944
733.497369,200,12749.817437
523.795309,200,12772.022275
342.481656,200,12793.858074
1025.708074,200,12806.32232
1136.159233,200,12838.203601
1090.958319,200,12850.232819
944.945376,200,12875.563582
181.66674,200,12886.943875
1050.362893,200,12909.998533
569.166902,200,12921.513026
1050.99662,200,12942.538949
1111.318382,200,12975.797988
995.513486,200,12987.982981
940.826461,200,13009.727514
54.609897,59,13010.148446
788.180427,200,13031.602285
1110.979831,200,13046.619769
518.925008,200,13067.082802
1080.977219,200,13090.965127
940.104848,200,13113.013717
815.39743,200,13135.012968
1055.821368,200,13147.399101
604.310813,200,13169.960394
1115.911239,200,13179.977802
351.024916,85,13201.17408
949.954484,200,13212.497205
714.248493,200,13234.739726
915.267027,200,13260.19365
1095.662623,200,13271.647395
1065.838877,200,13294.282932
1151.293781,200,13303.878417
940.023495,200,13338.148042
1051.272533,200,13350.066361
134.410446,121,13360.964151
919.953896,200,13383.267435
1091.159193,200,13395.201025
708.488581,200,13417.087491
1096.322664,200,13453.78306
819.079802,200,13465.818706
1151.726415,200,13487.79649
1170.968848,200,13499.754749
170.149685,101,13511.0488
1156.303079,200,13533.592613
678.458737,199,13545.263406
644.121166,200,13577.163438
1181.207022,200,13588.914076
472.944498,200,13610.867367
641.788855,200,13622.715877
788.40024,200,13648.485743
1070.621037,200,13668.406582
1197.120182,200,13690.647139
1156.332359,200,13712.797177
1160.995546,200,13725.265618
914.667871,200,13747.364819
701.356524,200,13759.349034
769.588102,200,13781.686979
1196.146151,200,13799.043574
995.794179,200,13823.259826
734.012987,200,13848.254096
1185.914057,200,13860.435344
1035.780345,200,13882.550564
840.254779,200,13895.004363
1135.654905,200,13915.123915
1186.478543,200,13937.320484
990.871604,200,13959.848862
663.570326,200,13982.031007
1196.08985,200,13994.158568
1056.441617,200,14016.784231
889.412573,200,14031.967223
183.955777,200,14064.377532
1171.617779,200,14076.082856
1105.194199,200,14098.875607
803.70691,200,14120.789256
904.592913,200,14133.249466
116.363391,127,14144.761103
154.198384,112,14156.341804
939.900611,200,14190.178622
1091.004577,200,14201.957994
1150.847557,200,14223.896508
399.605526,200,14239.0468
1126.614514,200,14261.594956
184.262573,200,14273.842148
1141.411042,200,14302.811046
1110.667852,200,14314.936221
1050.562143,200,14337.36546
990.300624,200,14359.368887
965.637195,200,14371.75864
673.918097,200,14393.739314
713.703825,200,14405.927341
1196.644729,200,14443.33221
915.408895,200,14455.239129
1054.88142,200,14477.596327
804.34143,200,14500.189182
64.172648,73,14500.732823
1161.795111,200,14523.241258
406.371169,200,14543.504766
624.618738,200,14566.186447
313.263301,200,14579.093585
772.34598,200,14600.712775
1166.140272,200,14615.861421
940.406778,200,14637.549803
45.768348,50,14637.919377
55.016456,60,14649.053227
827.361791,200,14670.069281
568.000283,200,14692.514206
199.193362,105,14703.943546
1196.675964,200,14716.338805
993.820936,200,14738.344788
52.752365,60,14738.81812
611.023383,200,14761.018331
867.829386,200,14779.196687
1071.091485,200,14803.610975
989.897429,200,14828.332956
1106.088833,200,14840.763699
709.011327,200,14863.175585
1091.020723,200,14875.388119
1100.891009,200,14895.981659
634.512016,200,14919.06634
1116.511203,200,14941.696707
43.876446,51,14942.12294
1014.17535,200,14964.158301
1192.624714,200,14986.458763
1166.142182,200,14998.772401
181.422641,200,15022.789574
1065.826714,200,15045.970351
870.401021,200,15068.833154
953.606897,200,15080.450708
709.374663,200,15102.70837
1086.350763,200,15114.572766
1106.63598,200,15136.637039
684.479441,200,15169.405334
582.139651,200,15180.544032
1161.530598,200,15203.732393
28.659318,33,15206.870876
1150.876992,200,15229.214561
1065.988528,200,15241.244083
980.546306,200,15263.343262
1186.703355,200,15283.430275
1090.674122,200,15306.552397
337.005024,144,15317.841997
999.273315,200,15340.358458
1070.714331,200,15352.287294
1055.464511,200,15374.802148
1160.997989,200,15386.746451
1141.137606,200,15422.658724
340.590786,171,15434.809378
1075.947354,200,15457.837654
894.127263,200,15469.878158
263.023975,200,15491.905555
904.574111,200,15504.266789
970.379886,200,15536.367106
1191.128021,200,15549.009493
905.189498,200,15571.405638
184.061978,200,15593.418241
737.397954,200,15607.994962
504.117875,200,15630.513409
828.220607,200,15653.010651
591.762381,200,15674.442857
1000.463791,200,15687.100892
661.528948,200,15708.604643
271.49417,200,15731.392868
1106.070987,200,15743.117963
290.631489,200,15763.010455
1066.340764,200,15785.599655
975.862912,200,15810.641923
990.355005,200,15822.383547
1131.118829,200,15844.649275
844.773423,200,15856.353708
735.196499,200,15878.402802
129.962494,53,15878.778046
719.295734,200,15910.624326
230.584862,150,15921.258695
1120.769696,200,15943.983703
864.34014,200,15955.725163
1196.509266,200,15977.564508
207.244055,181,15992.068779
1191.176323,200,16024.214774
159.266608,1121000.399042,2001055.494242,2001061.034193,200276.023798,200,770.489703,2001121.364882,2001025.478294,2001177.089609,200759.348632,200,1100.675354,201197.650902,200,1187.02407,2001030.940221,2001065.566543,200,16168.298518
552.53524,200,16184.767142
1151.868853,200,16206.886301
1061.060135,200,16218.820269
905.094069,200,16241.053262
1076.072812,200,16264.136813
1070.770374,200,16283.318159
652.385987,200,16305.382574
1176.199927,200,16318.013391
1181.127311,200,16339.923198
326.357823,200,16352.566934
1111.455188,200,16386.643775
793.754821,200,16398.585624
1197.31242,200,16420.816283
182.067663,200,16443.359505
759.502707,200,16455.141048
1186.783216,200,16477.511092
1004.043537,200,16489.666913
960.106283,200,16518.566752
1015.91251,200,16530.838656
1025.129603,200,16552.505862
79.597579,89,16563.243347
905.332896,200,16577.686954
68.213555,980.359246,200,16924.703807,2403.082538,200,16789.903849,21196.346963,200,11191.385754,200,16642.364636
1136.158974,200,16664.620485
914.428554,200,16687.153029
1181.668516,200,16698.942393
908.952704,200,16721.633597
1070.635642,200,16745.038546
53.061198,58,16753.234632
924.999656,200,16766.139923
1045.65547,200,16788.268414
657.404009,200,16800.964612
182.379696,200,16822.834137
223.422275,11669.339002,200,1121.414673,2834.725208,200,1658.499335,641166.256858,200970.551122,200,772.488415,200,16901.237194
1050.8529,200,16912.619653
764.557555,200,16935.641922
260.265721,200,16960.684938
995.503783,200,16972.498753
42.168605,47,16992.799383
1045.785985,200,17001.678084
1186.606997,200,17024.124716
1111.153464,200,17035.958766
642.259268,200,17058.50607
1090.973173,200,17070.077918
1182.005228,200,17092.651809
712.500721,200,17115.207643
1186.313825,200,17134.456518
980.177804,200,17161.590452
1050.837836,200,17173.266691
116.743992,126,17185.057128
1166.326937,200,17207.792227
1181.888944,200,17233.434031
799.503146,200,17250.345068
1171.597007,200,17261.956281
1071.217958,200,17284.501572
92.130404,103,17295.864885
1015.941645,200,17307.51318
184.190096,200,17330.236769
1015.647971,200,17356.526575
1116.152404,200,17374.66278
803.14981,200,17396.778588
185.816439,113,17397.605608
182.947885,200,17420.004101
904.930814,200,17442.292068
833.677553,200,17454.197877
1046.04573,200,17485.587944
885.338473,200,17496.355801
1080.659229,200,17518.523475
824.955688,200,17533.290911
61.728771,69,17544.196497
764.521985,200,17555.970662
949.125277,200,17578.555677
1005.721866,200,17609.19879
274.411429,167,17620.459186
638.716991,200,17632.142671
678.987979,200,17654.559351
79.899828,88,17665.436354
729.581469,200,17677.47904
1080.751567,200,17699.814553
183.236206,200,17725.237649
1065.749748,200,17745.205912
1130.006042,200,17767.272269
1121.19339,200,17779.153545
1080.948386,200,17801.592336
824.99169,200,17814.056267
1086.259314,200,17848.308758
1125.869324,200,17856.810567
1187.225531,200,17878.240461
1116.149123,200,17889.851097
875.865336,200,17912.501233
83.815505,94,17925.921412
338.683718,200,17937.866385
1186.78557,200,17969.924395
698.546946,200,17980.327825
955.197677,200,18002.292966
1146.408608,200,18025.002196
807.566535,200,18036.76043
573.391715,200,18059.20105
764.397028,200,18084.166725
1186.224435,200,18101.33039
994.882514,200,18116.074506
1101.244795,200,18137.910659
736.011765,200,18160.018397
1121.21015,200,18171.610926
240.286568,200,18208.449284
188.555837,200,18216.959376
890.476423,200,18236.135202
949.380263,200,18247.96368
828.568299,200,18270.367487
939.9818,200,18282.449855
813.653774,200,18320.406065
1045.760658,200,18341.400105
183.210314,200,18350.587064
1096.19293,200,18372.043549
1001.134039,200,18384.314063
30.637008,34,18394.291615
918.649567,200,18406.563936
81.807747,82,18418.126611
233.595801,200,18443.281436
1096.736626,200,18461.245753
1121.240508,200,18471.637218
498.263581,200,18493.699785
1106.255043,200,18518.539394
1186.780513,200,18530.323578
950.019976,200,18566.37418
954.87733,200,18577.925968
1156.99645,200,18595.491839
1136.77236,200,18607.431172
192.121748,200,18629.368387
858.814596,200,18641.97067
909.506186,200,18664.160945
965.643784,200,18700.350186
1050.354201,200,18711.750166
915.926258,181,18732.581759
375.510039,200,18744.863421
526.442405,200,18766.642995
254.566542,200,18779.344104
1156.547229,200,18815.154504
873.25239,200,18825.996366
132.559807,133,18833.539623
1066.00241,200,18854.559353
960.856534,200,18876.72755
66.234703,73,18877.252781
1196.586582,200,18901.868071
1197.188967,200,18928.223705
1081.298487,200,18945.936455
1181.891516,200,18957.758901
1116.560116,200,18980.202372
1060.757486,200,19002.961241
915.685159,200,19015.173622
1081.049051,200,19047.926611
1040.762187,200,19060.648613
1091.190657,200,19078.714163
1030.540467,200,19093.887152
42.543413,48,19104.501751
1040.851888,200,19116.726164
538.174362,200,19139.103828
190.557957,200,19164.913691
995.914183,200,19185.911991
199.945555,74,19193.902144
773.41955,200,19204.248725
447.273741,200,19226.928268
939.545196,200,19239.396352
756.565715,200,19262.043249
909.073659,200,19291.761668
682.026735,200,19315.073087
655.94273,200,19323.768307
1005.374838,200,19344.152806
348.533332,200,19367.589313
1106.081145,200,19378.774738
463.517586,200,19401.373341
48.868574,42,19415.155267
52.45517,59,19425.991287
254.900502,200,19434.750904
56.441542,60,19443.441908
1192.105245,200,19454.972444
1034.598842,200,19480.916767
1050.427954,200,19492.198583
165.020059,180,19514.492644
62.69258,68,245.85531,200,84.34549,92,19825.34864,201116.266309,200,1059.919301,20981.091346,200,11177.154801,2830.407759,200,191070.683935,769.472841,200,1961116.2461121040.308055,200,196985.85269,2764.260828,200,19181.624964,2402.76113,200,1961015.794441,200,19685.428247
69.859748834.854507,200,196900.678203,840.273924,200,1971156.398071080.557248,200,1971096.727091659.610749,200,1975964.628503,200,19775.917364
797.982026,200,19798.561625
50.04476,55,19799.054872
183.165381,200,19815.487371
865.458544,200,19828.188328
1016.075645,200,19850.427613
1085.926884,200,19865.501946
1180.558806,200,19900.427651
1080.730325,200,19923.356093
985.955598,200,19933.305957
1020.002029,200,19953.144685
684.482937,200,19966.647291
1166.542317,200,19989.530701
1192.133142,200,20002.15087
1186.322137,200,20036.741665
378.293987,200,20046.80147
213.972297,200,20068.611545
93.400613,103,20079.653406
674.482067,200,20091.813943
904.610956,200,20114.309819
357.521782,200,20140.524118
1100.617795,200,20163.014829
658.93862,200,20180.287747
1020.629946,200,20192.788572
428.80213,200,20215.788124
1061.283046,200,20228.118889
1075.946168,200,20250.465796
1086.254944,200,20278.342746
818.714856,200,20299.046302
1131.255275,200,20318.051816
1070.726686,200,20330.06676
1140.879717,200,20353.105287
838.156896,200,20365.281124
1176.828021,200,20401.073266
1061.067446,200,20413.074211
1050.547122,200,20429.111331
1031.15045,200,20442.004523
1096.304404,200,20466.650753
1015.914813,200,20489.034922
1080.838036,200,20514.482362
1010.284512,200,20533.723217
697.276613,200,20542.520034
1020.368874,200,20564.842514
1070.33088,200,20576.599068
1182.036512,200,20599.580272
751.321411,200,20634.808336
1046.254219,200,20647.072765
126.352579,138,20658.35116
679.581968,200,20677.162572
1121.422302,200,20689.006576
797.701941,200,20711.498498
973.859161,200,20723.571494
1126.598614,200,20758.517585
1185.589171,200,20777.699217
180.38872,200,20786.087309
853.520055,200,20808.734665
1171.544551,200,20820.920017
730.011851,200,20845.424304
779.246171,200,20870.82225
934.150419,200,20893.010658
1081.460512,200,20909.05514
999.710215,200,20920.867419
221.150953,166,20932.447918
960.113006,200,20954.969841
1060.925839,200,20967.248307
1026.363261,200,21002.471902
1056.322487,200,21018.94164
949.194623,200,21033.662505
381.329438,200,21055.872755
929.544539,200,21068.161423
1025.78797,200,21090.245439
1171.033581,200,21114.709883
759.482442,200,21134.970628
741.44237,200,21153.771622
224.209021,200,21165.46666
1096.036829,200,21187.527655
182.758175,200,21199.926617
934.983097,200,21236.206281
1121.497979,200,21248.072403
834.322958,200,21265.257936
1065.991176,200,21276.959808
1085.761348,200,21299.653675
1192.281782,200,21321.82319
1121.021918,200,21347.611409
1100.976993,200,21369.240317
1126.420243,200,21378.731756
1180.754448,200,21397.622111
181.06494,200,21412.717731
769.503844,200,21433.974988
213.574982,151,21445.856293
1011.11224,200,21481.36604
1095.87936,200,21490.70234
1070.46739,200,21508.550798
194.91061,69,21509.047182
1050.991555,200,21530.849457
1100.83271,200,21553.088211
185.515798,59,21553.524311
384.936585,200,21588.882593
104.809074,114,21589.704647
1085.587015,200,21612.690701
1086.00079,200,21629.995381
1020.500806,200,21641.902535
86.936662,95,21652.719793
500.06375,130,21664.700258
184.305674,200,21676.196242
122.947085,134,21701.254388
1085.482709,200,21723.476386
854.971682,200,21740.287239
889.54061,200,21750.514121
777.132392,200,21772.673509
1116.641255,200,21787.72078
1060.948497,200,21810.197143
96.470329,108,21834.241447
949.866392,200,21845.889731
1081.051366,200,21863.564131
692.670617,200,21873.794278
787.532566,200,21895.847567
1196.754448,200,21918.717943
275.506671,200,21943.257571
945.435408,200,21965.442973
853.512062,200,21976.621984
1120.906269,200,21996.946715
1021.138455,200,22008.548927
144.384504,155,22030.676568
925.08307,200,22042.584017
1120.631359,200,22077.801776
1010.561173,200,22089.16397
40.622926,45,22096.784382
755.199295,200,22107.51045
160.401078,113,22118.790602
1015.920921,200,22141.168263
82.099237,91,22141.821078671035.443828,200,22163.800411
910.654929,200,22191.806529
890.250798,200,22212.337185
279.70141,200,22230.244884
363.894599,200,22242.399375
711.167278,200,22263.941947
783.380037,200,22275.703804
1005.777048,200,22311.316003
1050.284661,200,22322.61473
1000.280443,200,22340.096931
1086.052924,200,22351.491826
864.896334,200,22376.193429
1111.181355,200,22398.128199
905.562163,200,22422.680256
340.575219,200,22444.565768
893.459605,200,22455.498904
879.414077,200,22472.975141
823.943837,200,22484.521526
852.496075,200,22507.147872
570.543647,200,22528.756251
964.780724,200,22553.605829
940.906163,200,22573.933274
45.110345,49,22574.253428
1186.547184,200,22653.572118
1156.533941,200,22661.495911
955.910223,200,22675.812337
915.317051,200,22683.953458
829.507488,200,22708.181886
281.599616,200,22716.39899
895.241054,200,22729.932642
639.704863,200,22744.670109
368.78279,200,22751.962136
251.090391,200,22768.140987
832.939387,200,22785.168299
1096.139435,200,22799.134702
56.018473,61,22799.508824
85.499091,200,22785.621221
895.71814,200,22799.587109
074864,200,22769.240596
979.357269,200,22786.267444
1156.31476,200,22800.233944
76,200,22793.383078
1111.388793,200,22800.75651
766.48777,200,221109.657578,969.483204,200,227964.55581,2184.330044,200,2220.119377,20808.813369,200,22800.544033
2799.991944
498,200,22785.302818
1116.151219,200,22799.268865
4
975.919189,200,22801.250285
6,647.238908,200,22799.420891
0.92335,200,22784.63676114541.084802,200,22798.602907541.367373,121,22800.719898
.397704

929.944429,200,22785.449899
475.77391,200,22793.271895
