#{"t_start": 1667207756.945668, "env_id": "CustomMyoChallengeBaodingP2-v1"}
r,l,t12800.0,200,134.12473564380.0,200,137.0449816765.0,200,137.85132401420.0,200,140.910267380.0,200,142.7455059535.0,200,145.742572784400.0,200,148.280.0,20720.0,200,341.830.0,20255.0,200,3420.0,2485.335.0,200,3895.0,2670.220.0,200,35.0,200.0,200,348.6980.0,1675.0,200,350.930.0,20250.0,200,548.2760.0,810.0,200,550.490.0,20385.0,200,552.5.0,200,280.0,200,55735.0,200,840.0,200,556.727651
225.0,152,55530.0,200,30.0,138,559250.0,140130.0,200,784.9610.0355.0,200,786.82315.0,0.0,200,788.694385.0320.0,200,790.6285.0,2345.0,200,792.8320.0,20.0,88,793.9308670.180.0,145,795.74440.0,810.0,200,999.95340.00480.0,200,1002.043080.055.0,200,1004.0390.0,2235.0,145,1005.40.0,200110.0,200,1007505.0,2000.0,200,1009.5780625.0.0,61,1010.1800.0,20.0,162,1175.298895.0400.0,200,1177.60263
0.0,200,1179.821486
135.0,200,1182.049442
290.0,160,1183.846536
75.365.0,200,1181190.0.0,2160.0,200,11870.300.0,0.0,192,1189.3445825.0,200,1408.53978
325.340.0,2300.0,200,14725.0.0,200,1413.461711195.0,200,1415.5047
385125.0,200,265.0,200,265505.0,200,1420.189000.0115.0,200,1422.47214511180.0,200,1622.940.0225.0,200,1623.5110470.47890.0,200,1626.97361445.0,200,1627.504709
275.0,200,1629.530150.00.0,200,1631.941994
10.0,200,1634.51289
240.0,200,185150.0,200,170.0,179,185815.0,2000.0,36,1856.17985.2260.0,200,1858.4460.0,4290.0,200,1860.485.0,24220.0,192,1862.0.0,200850.5.0,2014160.0,200,189660.0,20690.0,200,2068.345.0,20390.0,200,2070.0,200,2475.0,200,2080.0,200,25535.0,200,2074890.0,203865.0,200,2076480.0,200195.0,176,250.0,200,207255.0,200,695430.0,200315.0,200,2299.614788
545.0,200,2301.657411
0.0,109,230235.0,200,125.0,137,230830.0,200,195.0,200,2300.0,75,234105.0,200,0.0,200,2306.150.0,19290.0,200,2309.0.0,70,250.0,200,240.0,200,248490.0,200,2482.701617
515.0,200,2484.875029
285.0,200,2487.07900.0,0.0,200,2489.336572
585.0,200,2491.683568
590.0,200,2494.082067
0.0,78,2693.8684311390.0,200,2696.0947487115.0,200,2698.315262360.0,200,2701.451800.185.0,200,2701.6237755180.0,200,2705475.0,559390.0,200,2707320.0,216275.0,200,2710.22914348840.0,200,293145.0,200.80.0,200,2934455.0,190450.0,200,2936.53494125400.0,200,2938.7618030.0,103,2938.031375.0870.0,200,2940.1610.0,1255.0,200,2942.20.0,200225.0,181,314315.0,200,205.0,200,3146.404246
335.0,200,3148.40503
65.0,200,3150.380972
370.0,200,3152.447603
560.0,200,3154.573933
0.0,90,3155.5224660.470.0,200,3373.7401565.0.0,200,3375.765256
920.0,200,3377.885242
210.0,200,3379.995641
205.0,200,3382.212255
0.0,200,3384.381739
610.0,200,3386.56468
175.0,200,3606.963637
665.0,200,3609.06251
225.0,96,3609.969238
595.0,200,3611.954524
835.0,200,3613.987906
970.0,200,3616.149899
810.0,200,3618.180197
0.0,45,3763.891215
525.0,200,3766.113574
275.0,200,3768.435939
45.0,200,3770.917363
0.0,200,3773.443645
0.0,43,3774.07451
135.0,163,3776.307904
0.0,937235.0.0,148,30.0,107,3325465.0,200250.0,200,3999380.0,200,4002.713817
155.0,1390.0,200,4004.6200.0,2215.0,200,4006.8440.0,20.0,200,4009.123215.0,200,4011.340.0,20190.0,200,4209.994807
860.0,200,4212.166871
355.0,475.0,200,4213.33345.0,200,4216.165328
240.0,200,4218.194696
0.0,200,4220.286609
140.0,200,4222.358718
15.0,100240.0595.0,200990.0,200340.0180.0,186260.0,200195.0310.0,200245.0,2000.0,2785.0,20165.0,20625.0,2160.0,1980.0,126445.0,2170.0,2685.0,200,4450.3880.0,2875.0,200,4668.60566
360.0,2800.0,200,0.0,20670.0,200,4672.618105
0.0,11625.0,200,4673.435.0,2040.0,200,4675.8340.0,200,4677.962887
205.0,200,4680.052282
0.050.0,200,4881.21674
955.0,200,4883.197893
300.0,102,4884.243228
295.0,200,4886.515909
605.0,200,4888.624413
285.0,200,4890.67648
0.0,42,4891.111477
115.0,116,4892.3300.0,1555.0,200,5059.921655
15.0,200,5062.3830.0,485.0,200,5064.828238
120.0,200,5067.331171
165.0,200,5069.843545
0.0,200,5072.445807
825.0,200,5074.7828
195.0,200,5273.811963
385.0,200,5275.694581
860.0,200,5277.598432
610.0,200,5279.469941
0.0,200,5281.65623
125.0,200,5283.738302
0.0,46,5284.271613
420.0,200,5502.471891
720.0,200,5504.566749
300.0,200,5506.619494
765.0,200,5508.724596
235.0,111,5509.927049
620.0,200,5512.076775
265.0,200,5514.270225
275.0,200,5733.663556
180.0,200,5735.669834
740.0,200,5737.690427
750.0,200,5739.669808
0.0,200,5741.736825
355.0,200,5743.851681
0.0,200,5746.098664
215.0,200,5947.888573
0.0,200,5949.741809
325.0,200,5951.833863
535.0,200,5953.786021
945.0,200,5955.762411
370.0,200,5957.904129
795.0,200,6177.390422
970.0,200,6179.404709
290.0,200,6181.511819
815.0,200,6183.592089
0.0,140,6184.947405
705.0,200,6186.954274
70.0,118,6188.170038
340.0,200,6339.14484
165.0,200,6341.268857
135.0,200,6343.387286
355.0,200,6345.694679
435.0,200,6348.178377
0.0,200,6350.839628
420.0,200,6353.416396
195.0,157,6570.400393
530.0,200,6572.278867
0.0,200,6574.168861
20.0,101,6575.230071
0.0,200,6577.435017
125.0,200,6579.69594
160.0,200,6582.03811
605.0,200,6804.517859
20.0,200,6806.597821
380.0,200,6808.709838
0.0,78,6809.557606
0.0,200,6811.684377
145.0,200,6813.865289
0.0,200,6816.17279
40.0,87,6817.205323
480.0,200,7017.57
965.0,200,7019.313229
255.0,200,7021.132051
850.0,200,7022.965284
465.0,200,7024.882527
0.0,200,7026.892708
0.0,190,7028.779443
855.0,200,7241.354388
105.0,200,7243.26614
900.0,200,7245.163585
440.0,200,7247.077424
0.0,200,7248.994776
130.0,200,7251.123436
0.0,69,7251.87248
850.0,200,7448.33037
95.0,200,7450.232367
525.0,200,7452.108375
375.0,200,7453.96967
275.0,173,7455.643878
600.0,200,7457.593153
0.0,200,7459.585425
0.0,105,7618.56549
335.0,200,7620.616623
605.0,200,7622.676302
30.0,200,7624.757988
280.0,200,7626.823477
165.0,200,7628.933624
230.0,200,7631.114178
445.0,200,7843.896426
0.0,200,7845.974935
80.0,200,7848.02893
305.0,200,7850.13494
640.0,200,7852.463279
0.0,144,7854.236721
0.0,94,7855.419909
410.0,200,8058.071232
0.0,200,8060.295372
290.0,200,8062.538746
0.0,200,8064.279911
670.0,200,8066.083513
790.0,200,8067.920405
0.0,59,8068.458815
0.0,93,8069.431261
505.0,200,8287.124572
645.0,200,8289.420517
185.0,170,8291.207748
595.0,200,8293.3673
485.0,200,8295.519569
170.0,197,8297.670364
55.0,152,8299.331013
720.0,200,8495.531691
655.0,200,8497.490188
520.0,200,8499.426577
0.0,200,8501.366802
0.0,200,8503.314014
515.0,200,8505.304892
230.0,99,8506.281139
55.0,200,8718.444325
460.0,200,8720.53362
855.0,200,8722.509207
120.0,200,8724.449374
620.0,200,8726.423411
275.0,200,8728.387467
575.0,200,8889.324679
40.0,200,8891.579586
320.0,200,8893.896668
910.0,200,8896.170642
435.0,200,8898.538708
170.0,83,8899.514522
165.0,127,8901.048104
0.0,56,8901.715378
0.0,86,8902.738197
575.0,200,9102.342709
865.0,200,9104.416038
0.0,200,9106.480455
670.0,200,9108.362299
955.0,200,9110.291392
410.0,200,9112.130962
0.0,200,9113.996389
120.0,95,9329.944985
0.0,168,9331.719444
210.0,70,9332.451647
0.0,200,9334.57936
470.0,200,9336.597455
525.0,200,9338.678999
0.0,58,9339.329132
0.0,62,9339.988506
0.0,200,9342.151475
900.0,200,9537.432604
940.0,200,9539.372065
875.0,200,9541.257593
0.0,36,9541.603073
90.0,200,9543.50533
40.0,148,9544.911658
105.0,106,9545.966116
335.0,200,9547.960245
350.0,200,9761.992835
445.0,200,9763.927272
790.0,200,9765.830265
0.0,41,9766.224954
420.0,200,9768.192984
450.0,200,9770.152898
0.0,200,9772.159621
230.0,129,9773.464171
0.0,36,9983.594891
315.0,200,9985.506684
800.0,200,9987.440559
335.0,115,9988.489326
305.0,200,9990.341268
285.0,163,9991.938086
85.0,197,9993.914698
220.0,200,9995.938349
120.0,87,9996.817345
195.0,134,10140.037226
710.0,200,10142.090893
140.0,200,10144.159558
50.0,200,10146.270947
560.0,200,10148.554612
570.0,200,10150.670756
970.0,200,10152.830649
60.0,57,10365.645221
100.0675.0,200,10368.50.0,47,0.0,32,10368.9190.0,0.0,200,10371.2707850.720.0,200,10373.5804400.285.0,200,10375.90300.0290.0,170,10377.951987
710.0,200,10380.355847
0.0,142,10577.51788
275.0,200,10579.435221
160.0,161,10580.978445
975.0,200,10582.843214
240.0,200,10584.766906
0.0,200,10586.72579
315.0,200,10588.873049
615.0,200,10807.359242
885.0,200,10809.335052
270.0,163,10811.120547
325.0,178,10813.041225
795.0,200,10815.17738
0.0,82,10816.062806
0.0,200,10818.207155
0.0,100,10819.322550.0920.0,200,11080.84305.0,445.0,200,11083.480.0,20255.0,200,11086.820.0,200,11087.345947
405.0,2845.0,200,11091.30.0,200,11092.37835
0.0,59,110405.0,200,1645.0,200,113335.0,200,1695.0,200,11329.432885
70.0,200,113775.0,200,1680.0,200,11380.0,200,11375.0,200,11240.0,200,11200.0,200,110.0,200,11340.0,68,113420.0,200,25.0,193,11539.863212
490.0,200,11542.313887
480.0,200,11544.724483
545.0,200,11547.13568
0.0,62,11547.872500.040.0,200,11550.3933255.250.0,200,11552.937826
510.0,200,11785.078748
600.0,200,11787.571630.510.0,200,11790.01570.0,0.0,200,11792.433695.0425.0,200,11794.953380.05.0,200,11797.63311460155.0,200,11800.4324389025.0,73,12045.0042182450.0,200,12047.519345
275.0,200,12050.034539
800.0,200,12052.508044
75.0,95,12053.674494
350.0,200,12056.338776
770.0,200,12059.152631
0.0,101,12060.51868500.0,104,12061.963932440.0,200,12308.075822
420.0,200,12310.486752
735.0,200,12312.960475
395.0,200,12315.6179060420.0,200,12318.227524550.0,200,12320.8783040285.0,148,12322.72199255230.0,200,12548.34967150.0,200,12549.47282
175.0,189,12551.716841
815.0,200,12554.139667
80.0,200,12556.73532
275.0,200,12559.294758
0.0,67,12560.219305
765.0,200,12802.011073
210.0,200,12804.520826
40200.0,200,12807.8621625200.0,200,12810.401731
485.0,200,12812.972646
0.0,118,12814.435185
320.0,200,12817.099457
235.0,200,12982.991152
605.0,200,12985.464197
575.0,200,12987.881798
520.0,200,12990.52362
945.0,200,12993.181033
185.0,200,12995.718928
875.0,200,12998.264507
430.0,200,13229.818158
430.0,200,13232.103998
660.0,200,13234.548281
780.0,200,13236.899199
0.0,200,13239.367563
625.0,200,13241.80359
965.0,200,13244.26949
0.0,35,13480.590482
510.0,200,13483.243552
485.0,200,13485.786756
0.0,200,13488.348601
35.0,151,13490.31105
340.0,200,13492.905262
525.0,200,13495.391865
55.0,200,13497.967457
870.0,200,13717.435114
125.0,200,13719.895323
275.0,200,13722.455644
0.0,33,13722.930283
665.0,200,13725.498648
360.0,200,13728.152163
695.0,200,13730.651251
980.0,200,13975.759972
880.0,200,13978.13773
140.0,67,13978.932301
175.0,129,13980.445.0,20935.0,200,13983.435.0,13590.0,200,13985.770.0,0.260.0,200,13988.665.855.75.0,200,13991.2270.4150.0,200,14213.0770063295.0,200,14215.270606
0.0,173,14217.12462280.0,136,14218.613293
850.0,200,14220.805595
220.0,200,14223.040591
175.0,200,14225.387254
640.0,200,14407.275134
545.0,200,14409.8345140960.0,200,14412.420506
0.0,200,14415.0275767840.0,200,14417.75.0,287490.0,200,14420.433653
200.0,197,14423855.0,200,14665.315741
745.0,200,14668.022265
960.0,2900.0,200,14672.0285.0,2590.0,200,14674290.0,200265.0,200,14677735.0,200905.0,200,146800.0,105,825.0,200,14682.908689
250.0,88,149350.0,200,1675.0,200,14908.400149
180.0,200,14911.067924
370.0,200,14913.660565
340.0,200,14916.068938
960.0,200,14918.553306
615.0,200,14921.047265
0.0,71,14500.0,194,15965.0,200,1595.0,200,151205.0,200,1300.0,184,151965.0,200,1405.0,200,1510.0,200,151410.0,200,170.0,183,1517820.0,200,15172.960697
85.0,77,15575.0,200,150.0,51,15395315.0,200330.0,185,15397305.0,200445.0,200,15400470.0,200580.0,200,154020.0,200,1605.0,200,154820.0,200,290.0,200,1540550.0,192,40.0,200,15409560.0,200660.0,200,15646280.0,200320.0,200,15648120.0,200120.0,131,156500.0,200,11000.0,200,15385.0,200,15775.0,200,15495.0,200,15720.0,200,15505.0,200,15285.0,200,1545.0,200,156275.0,200,1235.0,200,15855.0,200,15360.0,200,15845.0,200,15185.0,200,15460.0,200,15410.0,200,15645.0,200,15848.891839
845.0,200,15851.329733
25.0,109,15852.626271
900.0,200,16077.431407
590.0,200,16079.991539
920.0,200,16082.590654
895.0,200,16085.081821
200.0,200,16087.588019
545.0,200,16090.102073
705
805.0,200,16090.097882
460.0,200,16092.652677
37341
350.0,200,16091.688271
85.0,200,16091.278773
6086.966486
765.0,200,16089.473409
0.0,200,16091.986687
37
260.0,200,16085.27385
145.0,200,16087.781897
600.0,200,16090.29627
130.0,73,16091.229039
75.0,64,16092.052054
6091.120709
0.0,74,16092.070204
,200,16091.518206

,80.0,200,16084.076540.0370.0,200,16086.5660.0,2355.0,200,16089.0728310.345.0,200,16091.5855120.0,200,16090.96400.0,200,16091.199136
0.0,59,16091.957808
370.0,200,16092.342582
34.336250.0475.0,200,2951.4300.0,1820.0,200,2953.563701
100.0,200,2955.663344
665.0,200,2957.850513
715.0,200,2960.522109
210.0,78,296205.0,185,55.0,58,2962.670.0,15630.0,200,2965.395.0,20385.0,200,2968.285.0,10255.0,200,3025.5.0,200,410.0,200,3027.844816
145.0,193,3030.140169
360.0,200,3032.521461
80.0,200,3034.843989
0.0,200,3037.2745
530.0,200,3039.447983
855.0,200,3041.614497
235.0,200,3043.850842
505.0,200,3046.274026
0.0,58,3046.9275.0,235.0,136,3048.440.0,200.0,126,3049.9830.0,2550.0,200,3052.260.0,20215.0,200,3054.395.0,200.0,200,3057.05520.0,240.0,200,3059.34650.0,390.0,200,3061.77300.0,870.0,200,3064.290.0,15255.0,200,3066.823704
265.0,194,3069.259581
895.0,200,3071.771664
0.0,200,3129.310699
225.0,200,3131.639863
355.0,200,3133.965069
385.0,200,3136.341209
200.0,200,3138.744263
370.0,200,3141.199
550.0,200,3143.522969
0.0,200,3145.874982
245.0,64,3146.636841
110.0,160,310.0,200,3140.0,110,31500.0,200,3360.0,200,31365.0,200,3385.0,200,31465.0,200,3225.0,200,3255.0,200,31255.0,200,35.0,114,31890.0,36,310.0,200,3190.0,200,31505.0,200,3845.0,200,31195.0,200,3197.75575
0.0,200,3200.473481
145.0,200,3203.194312
450.0,200,3205.922088
740.0,200,3262.616212
255.0,200,3265.096771
135.0,0.0,200,3267.8989255175.0,200,3270.203451
340.0,200,3272.630633
0.0,96,3273.802097
250.0,200,3275.987424
255.0,200,3278.175302
570.0,200,3280.353643
740.0,200,3282.549815
170.0,200,3284.860992
290.0,200,3287.224803
360.0,200,3289.710134
340.0,200,3292.194218
325.0,200,3294.73571
305.0,200,3297.277962
0.0,70,3298.140689
265.0,200,3300.807205
360.0,200,3303.391908
0.0,200,3305.714333
0.0,46,3306.207125
290.0,200,3308.351006
165.0,200,3310.804193
820.0,200,3366.306965
530.0,200,3368.621719
540.0,200,3370.92257
370.0,200,3373.242551
265.0,200,3375.555213
260.0,200,3378.019
355.0,200,3395.419832
35.0,93,3396.541511
45.0,179,3398.677592
55.0,200,3401.067599
25.0,200,3403.6621
830.0,200,3406.277085
590.0,200,3408.848241
990.0,200,3411.341207
200.0,200,3413.974507
600.0,200,3416.476773
240.0,200,3418.94585
140.0,200,3421.451575
220.0,200,3423.966329
130.0,184,3426.431745
320.0,164,3428.60346
295.0,200,3485.344701
610.0,200,3487.687353
0.0,200,3490.056339
740.0,200,3492.479784
165.0,200,3494.796946
215.0,200,3497.118521
30.0,172,3499.165519
160.0,200,3501.453468
315.0,200,3503.737536
475.0,200,3506.079287
55.0,200,3508.513386
200.0,129,3525.960005
0.0,131,3527.590408
305.0,200,3530.115573
235.0,200,3532.687562
540.0,200,3535.155847
515.0,200,3537.794222
0.0,58,3538.588618
310.0,200,3541.293698
890.0,200,3544.031089
0.0,110,3545.541599
715.0,200,3548.221786
185.0,200,3551.055315
165.0,198,3607.572748
10.0,149,3609.49084
260.0,200,3625.445462
0.0,200,3627.731611
270.0,200,3630.393573
120.0,148,3632.24386
385.0,200,3634.815274
0.0,200,3637.443819
250.0,95,3638.599674
675.0,200,3641.105761
0.0,59,3641.848743
505.0,200,3644.396005
235.0,200,3646.95253
155.0,200,3649.568182
460.0,200,3652.407126
135.0,200,3655.131537
440.0,200,3657.737042
390.0,200,3660.424679
435.0,200,3663.178505
80.0,90,3664.385356
845.0,200,3667.118546
635.0,200,3669.780241
540.0,200,3725.700212
965.0,200,3728.00667
980.0,200,3730.443964
190.0,200,3732.759819
445.0,200,3735.125542
470.0,200,3737.427955
135.0,80,3738.33444
25.0,118,3739.698073
435.0,200,3742.02853
210.0,200,3744.316758
65.0,186,3746.493228
500.0,200,3748.753462
100.0,137,3750.239295
590.0,200,3752.46198
395.0,200,3754.800348
0.0,140,3756.334314
170.0,200,3758.551298
275.0,200,3760.733499
0.0,200,3762.892937
510.0,200,3765.119728
375.0,200,3767.547054
485.0,200,3770.024169
415.0,200,3789.940951
0.0,200,3846.438155
960.0,200,3848.772844
170.0,200,3851.191965
750.0,200,3853.605797
0.0,200,3855.941796
0.0,41,3856.406733
40.0,64,3857.132621
525.0,200,3859.423099
115.0,200,3861.776815
875.0,200,3864.114179
615.0,200,3866.478872
160.0,200,3868.942028
700.0,200,3871.309261
875.0,200,3890.716503
330.0,200,3893.259452
235.0,200,3895.674227
275.0,167,3897.879751
965.0,200,3900.572515
880.0,200,3903.209354
430.0,200,3905.87168
795.0,195,3908.614775
0.0,78,3909.659931
170.0,200,3965.961033
850.0,200,3968.479948
275.0,200,3970.982267
880.0,200,3973.5863
170.0,198,3975.915751
125.0,200,3978.204959
0.0,75,3979.096597
60.0,200,3981.432833
400.0,200,3983.745097
0.0,200,3986.043061
940.0,200,3988.414207
510.0,200,3990.847227
890.0,200,3993.35784
0.0,200,3995.893739
0.0,200,3998.510343
475.0,134,4000.166025
345.0,200,4002.622392
45.0,200,4018.804623
845.0,200,4021.186246
75.0,200,4023.590414
385.0,200,4026.035243
450.0,200,4028.412086
5.0,45,4028.995585
310.0,200,4084.054705
95.0,200,4086.388658
20.0,188,4088.53397
860.0,200,4090.85595
0.0,82,4091.796616
0.0,200,4094.135414
350.0,200,4096.434927
365.0,200,4098.750762
910.0,200,4101.110534
10.0,148,4102.792229
370.0,200,4105.316943
75.0,123,4106.758743
10.0,66,4107.544062
795.0,200,4109.851461
305.0,200,4112.306309
0.0,200,4114.824166
315.0,200,4117.309102
0.0,100,4118.529756
220.0,200,4121.034163
360.0,200,4123.540265
570.0,200,4126.039354
395.0,200,4128.814574
240.0,200,4185.140592
310.0,200,4187.329699
365.0,200,4189.526066
0.0,200,4191.853285
290.0,200,4194.159597
275.0,200,4196.539751
0.0,200,4198.912133
0.0,200,4201.408113
560.0,200,4203.751756
0.0,200,4206.040785
210.0,169,4208.021891
260.0,200,4210.351897
335.0,200,4212.668646
440.0,200,4246.67537
260.0,200,4249.139163
370.0,200,4251.640961
245.0,200,4254.16517
280.0,200,4256.6839
310.0,200,4259.472651
210.0,165,4261.552664
0.0,148,4263.712565
465.0,200,4266.531557
300.0,200,4322.346325
555.0,200,4324.666888
130.0,200,4326.946422
390.0,200,4329.257056
0.0,200,4331.656816
275.0,200,4334.239475
465.0,200,4336.574098
660.0,200,4338.885
780.0,200,4341.198402
170.0,200,4343.496721
910.0,200,4345.809724
125.0,148,4347.575104
755.0,200,4350.035219
130.0,200,4352.467925
0.0,200,4354.963764
35.0,98,4356.425079
0.0,110,4357.891019
290.0,200,4360.404061
50.0,200,4362.936147
15.0,120,4364.434679
290.0,200,4366.91712
115.0,200,4369.412481
140.0,200,4425.08507
440.0,200,4427.45133
0.0,200,4429.800201
0.0,200,4432.182581
465.0,200,4434.575754
0.0,200,4436.934323
140.0,200,4439.26275
140.0,197,4441.421603
785.0,200,4443.688589
35.0,80,4444.634182
45.0,68,4459.455903
925.0,200,4461.75921
925.0,200,4464.088414
210.0,200,4466.456185
55.0,139,4468.109462
160.0,200,4470.804801
315.0,200,4473.27541
650.0,200,4475.769685
750.0,200,4478.228087
85.0,90,4479.342651
0.0,200,4481.856186
260.0,200,4484.351666
775.0,200,4541.572614
155.0,200,4543.956385
145.0,200,4546.27236
865.0,200,4548.563651
440.0,200,4550.88681
985.0,200,4553.280533
70.0,200,4555.581225
0.0,54,4556.233623
60.0,139,4557.966104
0.0,200,4560.333302
115.0,200,4562.65096
185.0,123,4564.092584
980.0,200,4566.714363
0.0,200,4569.385235
695.0,200,4572.020803
155.0,200,4588.444733
810.0,200,4591.140648
0.0,200,4593.859796
740.0,200,4596.374628
545.0,200,4598.900349
0.0,200,4601.421132
0.0,96,4602.629113
250.0,167,4604.71234
275.0,200,4660.736085
15.0,113,4662.045156
45.0,200,4664.436801
0.0,200,4666.982365
930.0,200,4669.380011
200.0,200,4671.694188
230.0,200,4688.676912
390.0,200,4691.143235
350.0,200,4693.566869
490.0,200,4696.105841
0.0,200,4698.63127
0.0,63,4699.443519
265.0,200,4702.181834
65.0,200,4704.843391
0.0,200,4707.576313
60.0,120,4709.191475
400.0,200,4711.955689
375.0,200,4714.673362
385.0,200,4717.573768
45.0,200,4720.215554
185.0,146,4722.061635
0.0,200,4724.473299
340.0,200,4778.897764
85.0,200,4781.310516
455.0,200,4783.618399
500.0,200,4785.939009
10.0,200,4788.268977
0.0,200,4790.558845
260.0,180,4792.619569
170.0,200,4794.924745
0.0,200,4797.205336
295.0,181,4799.309214
0.0,73,4800.142766
515.0,200,4802.630002
930.0,200,4805.274875
0.0,200,4807.609513
655.0,200,4810.050984
985.0,200,4812.428279
625.0,200,4814.930272
300.0,200,4817.356765
80.0,200,4819.671422
30.0,97,4820.813697
450.0,200,4823.143303
550.0,200,4825.541375
620.0,200,4882.633567
275.0,200,4884.971566
780.0,200,4901.893362
230.0,200,4904.193256
0.0,66,4904.942291
950.0,200,4907.275413
230.0,200,4909.634709
0.0,200,4912.064555
915.0,200,4914.597164
585.0,200,4916.980631
35.0,200,4919.68521
875.0,200,4922.127502
15.0,200,4924.601233
330.0,200,4927.05128
335.0,200,4929.417797
155.0,200,4949.055618
0.0,200,4951.798329
295.0,200,4954.529317
60.0,128,4956.222319
560.0,146,4958.18128
210.0,200,4960.823873
595.0,200,4963.421761
150.0,200,5019.593749
640.0,200,5021.924959
245.0,200,5024.220049
200.0,200,5026.588475
670.0,200,5028.88647
150.0,200,5031.23153
105.0,101,5032.391886
130.0,200,5034.821974
270.0,200,5037.177076
815.0,200,5039.533049
0.0,200,5041.842331
420.0,200,5044.176335
570.0,200,5046.474686
355.0,200,5048.919814
840.0,200,5051.599599
150.0,200,5054.137032
980.0,200,5056.610451
480.0,200,5059.227893
865.0,200,5061.997799
165.0,133,5063.896656
0.0,200,5083.864948
620.0,200,5139.644039
15.0,50,5140.193449
0.0,200,5142.383578
470.0,200,5144.576578
50.0,200,5146.774866
510.0,200,5148.954904
50.0,200,5151.149539
915.0,200,5153.636497
150.0,200,5156.014176
0.0,200,5158.338609
480.0,200,5160.642614
485.0,200,5162.929554
430.0,200,5165.227003
240.0,200,5167.563927
30.0,65,5168.268306
0.0,200,5170.576039
695.0,200,5172.904154
175.0,200,5175.412735
690.0,200,5178.100725
660.0,200,5180.822714
160.0,200,5183.552955
625.0,200,5186.448059
280.0,200,5243.732053
185.0,200,5246.144163
485.0,200,5248.570445
340.0,200,5251.066703
810.0,200,5253.47256
355.0,200,5255.791732
25.0,86,5256.792334
0.0,53,5257.401199
720.0,200,5259.866292
365.0,200,5262.15744
805.0,200,5264.432743
370.0,200,5266.749027
30.0,200,5269.173889
50.0,200,5271.505428
200.0,200,5273.740352
335.0,200,5275.939937
0.0,200,5278.138421
250.0,200,5310.53583
145.0,155,5312.477338
370.0,200,5314.95871
635.0,200,5317.442235
165.0,200,5319.903542
910.0,200,5376.250684
790.0,200,5378.622765
0.0,200,5380.925087
790.0,200,5383.229523
375.0,200,5385.557267
560.0,200,5387.867097
80.0,90,5388.923216
0.0,59,5389.628854
85.0,200,5392.159935
20.0,80,5393.065299
590.0,200,5395.230241
300.0,200,5397.545405
285.0,200,5399.946357
100.0,200,5402.420268
0.0,129,5403.994164
155.0,200,5406.446337
105.0,200,5408.881369
560.0,200,5411.432092
255.0,200,5414.144646
505.0,200,5416.845416
0.0,146,5418.861155
40.0,73,5419.897267
810.0,200,5422.578999
70.0,200,5425.280553
340.0,191,5481.055398
0.0,200,5483.248916
75.0,154,5484.942596
105.0,61,5485.604225
400.0,200,5487.735932
75.0,200,5489.870358
230.0,200,5492.238954
60.0,200,5494.494707
525.0,200,5496.934492
445.0,200,5499.459042
165.0,200,5502.036214
555.0,200,5504.552964
265.0,200,5506.988565
265.0,200,5524.258315
55.0,78,5525.176428
0.0,57,5525.832813
555.0,200,5528.215306
570.0,200,5530.43243
150.0,200,5532.652627
0.0,97,5533.759491
0.0,200,5536.052023
55.0,138,5537.739678
450.0,200,5540.17518
855.0,200,5598.156173
200.0,123,5599.70981
50.0,200,5602.050514
15.0,75,5603.031728
345.0,200,5605.359372
500.0,200,5607.644803
630.0,200,5610.10194
255.0,94,5611.210254
335.0,200,5613.531145
510.0,200,5615.903314
250.0,200,5618.258099
90.0,78,5619.166621
0.0,61,5619.862443
60.0,165,5621.774566
550.0,200,5624.116698
580.0,200,5626.454715
0.0,200,5628.780718
830.0,200,5631.078768
435.0,200,5633.375429
875.0,200,5635.8186
205.0,138,5653.896967
140.0,200,5656.390685
0.0,200,5658.969826
395.0,200,5661.717474
0.0,200,5719.30345
205.0,200,5721.633891
310.0,200,5723.994132
545.0,200,5726.345845
330.0,200,5728.687153
345.0,200,5731.109436
180.0,90,5732.155691
220.0,133,5733.726885
95.0,65,5734.492413
700.0,200,5736.818624
560.0,200,5753.745673
30.0,200,5756.434426
150.0,200,5759.228852
0.0,97,5760.593134
200.0,200,5763.519559
255.0,200,5766.286041
610.0,200,5769.014849
165.0,200,5771.760035
130.0,200,5774.371241
375.0,200,5776.868952
355.0,200,5779.369178
180.0,200,5781.86196
295.0,200,5784.390115
405.0,200,5839.135074
175.0,200,5841.481346
355.0,200,5843.895875
840.0,200,5846.255199
30.0,200,5848.709445
445.0,200,5851.054142
75.0,69,5851.862557
170.0,199,5854.187492
0.0,105,5855.420217
210.0,95,5856.549066
595.0,200,5858.907438
0.0,200,5861.217069
370.0,200,5863.524314
255.0,200,5865.861521
0.0,200,5868.377008
900.0,200,5870.871431
300.0,200,5873.521628
15.0,49,5874.156509
250.0,200,5876.67131
405.0,200,5879.230295
280.0,200,5881.758192
960.0,200,5884.159857
390.0,200,5941.175211
200.0,200,5943.574618
835.0,200,5945.894862
0.0,52,5946.500058
565.0,200,5948.799743
0.0,36,5949.212823
160.0,145,5950.814675
600.0,200,5953.061526
345.0,200,5967.672814
805.0,200,5969.960278
0.0,50,5970.55103
105.0,200,5972.874848
580.0,200,5975.18399
880.0,200,5977.513666
395.0,200,5979.865746
770.0,199,5982.243566
0.0,102,5983.532186
365.0,200,5986.059092
820.0,200,5988.757977
130.0,76,5989.726581
0.0,154,5991.652643
85.0,152,5993.559937
280.0,200,5996.064158
505.0,200,6015.075409
0.0,200,6017.598911
470.0,200,6074.959206
250.0,200,6077.318218
835.0,200,6079.614143
0.0,200,6081.943126
65.0,200,6084.264499
405.0,156,6085.972327
260.0,200,6088.266864
480.0,200,6090.607434
125.0,200,6092.953967
5.0,200,6095.249607
205.0,200,6097.464004
155.0,200,6099.842349
0.0,29,6100.206437
160.0,139,6101.862687
515.0,200,6104.450848
105.0,99,6105.740358
175.0,200,6108.228407
35.0,84,6109.315353
0.0,200,6111.998917
285.0,200,6114.953379
0.0,59,6115.738908
15.0,200,6118.445775
865.0,200,6120.944263
355.0,200,6123.431317
0.0,200,6180.049571
375.0,200,6182.377538
0.0,60,6196.647139
60.0,200,6199.03564
840.0,200,6201.253846
0.0,131,6202.715949
350.0,200,6204.945668
320.0,200,6207.27768
340.0,200,6209.705082
45.0,49,6210.255896
55.0,200,6212.624143
100.0,200,6214.966811
40.0,57,6215.628955
880.0,200,6218.028149
685.0,200,6220.503314
260.0,200,6222.988955
470.0,200,6225.596298
0.0,87,6226.675051
70.0,200,6228.987069
850.0,200,6231.279006
795.0,200,6233.86216
275.0,200,6236.564606
0.0,200,6239.463286
385.0,200,6299.049068
0.0,123,6300.649164
0.0,200,6303.020814
60.0,200,6305.396801
275.0,159,6307.225992
190.0,200,6309.564213
0.0,153,6311.37919
0.0,32,6311.758415
465.0,200,6314.119659
0.0,200,6316.558584
195.0,200,6319.087791
365.0,164,6321.210922
250.0,200,6323.693056
35.0,200,6326.140845
0.0,141,6327.885452
0.0,97,6329.060509
405.0,200,6331.470304
40.0,195,6333.891482
340.0,200,6336.27339
30.0,200,6338.574843
255.0,200,6340.936779
900.0,200,6343.345109
40.0,184,6377.897477
105.0,81,6378.97205
0.0,200,6436.714267
130.0,200,6439.19778
160.0,200,6441.576186
50.0,96,6442.676402
300.0,200,6445.261626
70.0,200,6447.77197
875.0,200,6450.386863
50.0,200,6452.756297
150.0,88,6453.768719
415.0,200,6456.103968
365.0,200,6458.438029
145.0,162,6460.324199
0.0,73,6461.181646
280.0,200,6463.655691
205.0,200,6466.166274
0.0,200,6468.827992
405.0,200,6471.369242
735.0,200,6474.05557
430.0,200,6476.854037
0.0,200,6479.643138
450.0,200,6482.41338
320.0,200,6485.183037
635.0,200,6541.096808
50.0,200,6543.412424
15.0,71,6544.236054
135.0,200,6546.41517
0.0,71,6547.173712
0.0,33,6547.53282
0.0,100,6548.612575
895.0,200,6550.911193
155.0,200,6553.168013
410.0,161,6554.993047
945.0,200,6557.317285
0.0,200,6559.672045
260.0,200,6562.132982
0.0,75,6562.987131
500.0,200,6565.229423
615.0,200,6567.561789
810.0,200,6569.793011
505.0,200,6572.120238
0.0,57,6572.76856
620.0,200,6574.900131
680.0,200,6591.970201
130.0,157,6593.7867
380.0,200,6596.18703
350.0,200,6598.445569
0.0,200,6600.764723
495.0,200,6655.255345
35.0,200,6657.446353
205.0,200,6659.634492
935.0,200,6661.910939
305.0,200,6664.115809
295.0,150,6665.865058
555.0,200,6668.040852
250.0,200,6670.207542
240.0,200,6672.426899
75.0,162,6674.222499
0.0,200,6677.253816
490.0,200,6680.612265
120.0,200,6684.182975
700.0,200,6687.379977
960.0,200,6689.930252
355.0,200,6692.758931
315.0,200,6695.742446
525.0,200,6698.514251
0.0,37,6699.060265
880.0,200,6702.141932
400.0,200,6705.256412
265.0,181,6708.075389
25.0,200,6782.046448
345.0,200,6784.3818
40.0,108,6785.614278
0.0,200,6788.187176
420.0,200,6790.763479
0.0,200,6793.208886
330.0,200,6795.411604
60.0,200,6797.748516
405.0,200,6800.092549
245.0,200,6802.401176
315.0,200,6804.720221
0.0,200,6807.071693
265.0,200,6809.408118
770.0,200,6826.865238
825.0,200,6829.457506
5.0,161,6831.594855
25.0,111,6833.174209
520.0,179,6835.591242
35.0,52,6836.305568
275.0,200,6839.012544
900.0,200,6841.750716
685.0,200,6844.398251
455.0,200,6847.010417
315.0,200,6901.856114
0.0,200,6904.135995
75.0,200,6906.575603
440.0,192,6908.882265
180.0,200,6911.400663
95.0,83,6912.423102
150.0,95,6913.564642
120.0,158,6915.556061
95.0,93,6916.61724
175.0,170,6918.61475
490.0,200,6921.102105
530.0,200,6923.445321
825.0,200,6925.867542
870.0,200,6928.335287
0.0,64,6929.094886
95.0,200,6931.457054
0.0,108,6932.735726
550.0,200,6935.029318
560.0,200,6937.483327
340.0,200,6939.928563
225.0,126,6941.550445
470.0,200,6943.909684
530.0,200,6946.215961
0.0,200,6948.581153
790.0,200,7003.998356
0.0,200,7006.42749
785.0,200,7008.958747
75.0,200,7011.439764
560.0,200,7013.899116
385.0,200,7016.426185
710.0,200,7018.811499
210.0,200,7021.179908
135.0,200,7036.924095
160.0,200,7039.132036
795.0,200,7041.249183
0.0,100,7042.448322
705.0,200,7044.8944
480.0,200,7047.385142
355.0,200,7049.831963
390.0,200,7052.340351
0.0,70,7053.245482
120.0,139,7054.961196
0.0,126,7056.497052
185.0,200,7058.87111
730.0,200,7061.353874
185.0,126,7062.960862
345.0,200,7119.276743
0.0,200,7138.055947
915.0,200,7140.269333
435.0,200,7142.707128
20.0,200,7145.283611
0.0,96,7146.366303
145.0,200,7148.828107
240.0,200,7151.038178
465.0,200,7153.324302
455.0,174,7155.314042
970.0,200,7157.711252
0.0,200,7160.046628
80.0,200,7162.388897
25.0,200,7164.718102
325.0,200,7167.020048
550.0,200,7169.347083
770.0,200,7171.660669
245.0,200,7173.993397
560.0,200,7176.305216
455.0,200,7178.837674
0.0,200,7181.370785
170.0,168,7183.495755
245.0,200,7236.715441
205.0,200,7238.953229
410.0,200,7241.326928
55.0,200,7243.708531
555.0,200,7246.045794
85.0,122,7261.560647
550.0,200,7263.915603
135.0,46,7264.45791
330.0,197,7266.833362
0.0,200,7269.348102
565.0,200,7271.815483
280.0,200,7274.321247
130.0,200,7276.785352
560.0,200,7279.266781
980.0,200,7281.681534
450.0,200,7284.149896
375.0,200,7286.542811
0.0,55,7287.243987
0.0,200,7289.692076
580.0,200,7292.158986
295.0,200,7294.548268
0.0,200,7297.073816
100.0,200,7352.170448
350.0,200,7354.500253
275.0,200,7356.823885
670.0,200,7359.026834
825.0,200,7361.340649
250.0,145,7363.029291
0.0,200,7365.337924
330.0,200,7367.631752
750.0,200,7369.888633
130.0,145,7371.597085
20.0,116,7372.967432
520.0,200,7375.317623
405.0,200,7377.621626
0.0,200,7379.709289
395.0,200,7381.70492
335.0,200,7383.733456
520.0,200,7385.745404
135.0,68,7386.435745
130.0,200,7388.49849
0.0,200,7390.50256
185.0,198,7392.731873
720.0,200,7395.082814
135.0,200,7450.702171
35.0,75,7451.590176
95.0,200,7482.155829
200.0,200,7484.447286
975.0,200,7486.737333
445.0,200,7489.074103
635.0,200,7491.368905
0.0,105,7492.606712
200.0,200,7494.959716
575.0,200,7497.283428
740.0,200,7499.586423
430.0,200,7501.939621
250.0,200,7504.284112
20.0,56,7504.945884
200.0,71,7505.770871
155.0,200,7508.346605
820.0,200,7510.906777
130.0,200,7513.460546
65.0,111,7514.931302
860.0,200,7517.482524
0.0,75,7518.456842
435.0,200,7521.022118
515.0,200,7523.587969
0.0,200,7526.146201
415.0,200,7581.501471
190.0,200,7583.742929
350.0,200,7586.020995
200.0,80,7586.950763
855.0,200,7589.184663
570.0,200,7591.464233
325.0,164,7593.547757
0.0,66,7594.432687
195.0,200,7597.059576
65.0,200,7599.667835
245.0,200,7601.919784
825.0,200,7604.247244
180.0,142,7605.924558
300.0,200,7608.336536
670.0,200,7610.787335
0.0,86,7611.770485
0.0,200,7614.096977
145.0,90,7615.114351
180.0,165,7617.011765
145.0,87,7618.027211
0.0,200,7620.33107
335.0,200,7622.658158
865.0,200,7625.101559
160.0,200,7642.001475
95.0,159,7696.527676
545.0,200,7698.866024
40.0,123,7700.328214
265.0,200,7702.542936
365.0,181,7704.486785
410.0,200,7706.820113
0.0,69,7707.609061
715.0,200,7709.96033
0.0,135,7711.522479
800.0,200,7713.982899
465.0,200,7716.523764
0.0,43,7717.043396
235.0,102,7718.32274
0.0,200,7720.696942
470.0,200,7723.2342
80.0,50,7723.854416
400.0,200,7726.233526
55.0,119,7727.617111
0.0,47,7728.15844
325.0,200,7730.260375
165.0,191,7732.332755
25.0,117,7733.623494
90.0,121,7734.929451
285.0,186,7736.900485
0.0,183,7738.742014
0.0,200,7740.84386
900.0,200,7742.963875
660.0,200,7799.987842
385.0,200,7802.32886
840.0,200,7819.642725
365.0,200,7821.98603
280.0,200,7824.501055
265.0,200,7826.983909
0.0,200,7829.502548
610.0,200,7831.947484
110.0,200,7834.233572
630.0,200,7836.651169
535.0,200,7839.141162
0.0,79,7840.106095
230.0,200,7842.472387
0.0,85,7843.502212
25.0,200,7845.815431
0.0,37,7840.0,200,78425.0,200,7848.563593
570.0,20050.0,200,78875405.0,20110.0,200,78710.0,151,7415.0,200,7870.0,200,78410.0,200,7445.0,200,78405.0,200,78660.0,200,7876.81544525900.0,200,7934.267280.0.0,200,7936.44355130765.0,200,7938.69268457320.0,200,7941.102233
765.0,200,7943.606683
850.0,200,7946.125989
860.0,200,7948.695336
260.0,200,7950.971751
250.0,200,7953.233781
890.0,200,7955.494515
280.0,200,7957.725901
780.0,200,7960.047348
275.0,200,7962.379109
915.0,200,7964.7563
0.0,200,7967.273836
325.0,200,7969.850973
260.0,200,7972.404307
10.0,200,7974.941184
250.0,200,7977.503774
200.0,121,7979.021257
680.0,200,7981.587136
590.0,200,8035.970441
0.0,142,8037.786132
0.0,200,8040.141273
555.0,200,8042.529963
935.0,200,8044.937907
250.0,200,8047.398043
10.0,74,8048.314741
85.0,181,8050.559167
585.0,200,8053.04601
0.0,113,8054.44567
0.0,200,8056.966405
0.0,200,8059.557736
40.0,68,8060.434915
550.0,200,8062.951144
405.0,200,8079.162072
100.0,193,8081.273103
5.0,144,8082.708007
345.0,200,8085.169375
120.0,200,8087.578039
570.0,200,8089.963635
555.0,200,8092.410003
980.0,200,8094.845522
45.0,85,8095.879911
70.0,114,8097.454769
805.0,200,8154.603804
10.0,200,8156.910056
675.0,200,8159.346707
705.0,200,8161.737339
190.0,89,8179.241167
770.0,200,8181.468109
280.0,200,8183.73447
295.0,200,8186.084692
220.0,200,8188.395223
125.0,200,8190.973975
785.0,200,8193.335962
915.0,200,8195.675718
915.0,200,8198.040636
775.0,200,8200.514464
575.0,200,8202.941993
970.0,200,8205.360451
215.0,200,8207.693469
540.0,200,8210.010673
405.0,160,8211.947373
245.0,185,8214.379646
430.0,200,8216.993407
0.0,102,8272.264852
0.0,200,8274.893565
215.0,132,8276.560677
485.0,200,8279.056394
265.0,200,8281.592518
330.0,200,8284.144238
80.0,100,8285.389367
95.0,200,8287.710514
225.0,200,8289.94909
290.0,200,8292.183412
430.0,200,8308.906978
400.0,194,8311.178023
430.0,200,8313.516039
290.0,200,8315.964566
820.0,200,8318.458861
0.0,200,8321.019886
935.0,200,8323.402665
965.0,200,8325.704038
285.0,200,8328.031432
0.0,142,8329.668933
190.0,200,8331.997905
120.0,140,8333.604065
670.0,200,8389.740285
490.0,200,8392.129324
725.0,200,8394.445019
420.0,200,8396.791089
110.0,69,8397.700459
0.0,200,8400.266328
555.0,200,8402.667816
660.0,200,8405.061205
520.0,200,8407.578153
765.0,200,8409.962648
435.0,200,8412.330688
25.0,200,8414.706247
415.0,200,8417.069308
35.0,43,8417.600391
360.0,200,8419.952174
385.0,200,8422.247444
385.0,200,8424.511635
100.0,44,8424.976289
230.0,200,8426.964502
280.0,173,8428.696036
335.0,200,8430.732236
245.0,200,8432.744309
560.0,200,8434.835863
145.0,200,8490.34795
160.0,87,8491.355817
25.0,56,8491.986204
365.0,200,8494.277536
0.0,200,8496.625967
90.0,146,8498.359735
0.0,200,8500.654843
175.0,200,8531.267745
480.0,200,8533.578159
835.0,200,8535.907681
860.0,200,8538.243125
320.0,200,8540.553852
0.0,200,8542.929678
0.0,53,8543.5358985525.0,200,8545.94348919975.0,200,8548.41888512385.0,200,8550.93991718230.0,200,8553.50250400.0,200,8554.740389
225.0,200,8556.80392
0.0,200,8559.421171
125.0,145,8561.30624617445.0,200,8563.854855790.0,200,8566.45280980.0,200,8622.934104
85.0,162,8624.759736
715.0,200,8626.949874
0.0,200,8629.095864
230.0,173,8631.168427
130.0,200,8633.349071
575.0,200,8635.551667
0.0,200,8637.782082
335.0,200,8640.070075
95.0,171,8641.988405
145.0,190,8644.223832
110.0,110,8645.550183
220.0,200,8647.980251
150.0,200,8650.307443
260.0,143,8651.948965
635.0,200,8654.241156
985.0,200,8656.604267
80.0,80,8657.563156
935.0,200,8659.86914
0.0,200,8662.227879
270.0,113,8663.513903
325.0,200,8665.835208
0.0,52,8666.481771
875.0,200,8669.017835
10.0,109,8721.652872
555.0,200,8737.197534
235.0,200,8739.331263
730.0,200,8741.557328
860.0,200,8743.966598
720.0,200,8746.362408
805.0,200,8748.757564
125.0,200,8751.249206
520.0,200,8753.638849
0.0,70,8754.478487
180.0,200,8756.854897
460.0,200,8759.363334
0.0,200,8761.695143
695.0,200,8764.031799
315.0,200,8766.440172
495.0,200,8768.827074
0.0,200,8771.210951
405.0,200,8773.544239
345.0,200,8775.87742
0.0,200,8777.93031
0.0,98,8778.939791
400.0,200,8780.973958
255.0,200,8836.724473
995.0,200,8839.107377
190.0,151,8840.863645
450.0,200,8843.247959
0.0,200,8845.692329
370.0,200,8848.137891
460.0,200,8867.087945
420.0,200,8869.398193
160.0,85,8870.45118
475.0,200,8872.768071
135.0,73,8873.612138
50.0,200,8875.908583
55.0,200,8878.191446
0.0,200,8880.499063
0.0,200,8882.826381
385.0,200,8885.160703
455.0,200,8887.48778
530.0,200,8889.797446
830.0,200,8892.087039
375.0,185,8894.242954
0.0,200,8913.062357
660.0,200,8915.616392
405.0,200,8971.840588
605.0,200,8974.148049
700.0,200,8976.430093
180.0,88,8977.408237
835.0,200,8979.643217
840.0,200,8981.941346
0.0,64,8982.693174
550.0,200,8985.032924
330.0,200,8987.388258
445.0,200,8989.67522
290.0,200,8992.005501
575.0,200,8994.335572
20.0,113,8995.641344
380.0,200,8997.990859
560.0,200,9000.567093
65.0,200,9003.081779
0.0,200,9005.740098
605.0,200,9008.484802
945.0,200,9011.238454
495.0,200,9013.98746
0.0,200,9016.556695
425.0,200,9019.108141
325.0,200,9073.425774
440.0,200,9075.750275
400.0,200,9078.084282
220.0,200,9080.448244
885.0,200,9082.636121
510.0,200,9085.012619
25.0,173,9087.179072
590.0,200,9089.487976
45.0,58,9090.165317
880.0,200,9092.715188
480.0,200,9095.26416
295.0,200,9097.736394
130.0,200,9100.189805
0.0,200,9102.640332
400.0,200,9104.962881
375.0,200,9107.279363
445.0,200,9123.252494
0.0,200,9125.271735
70.0,166,9127.020659
0.0,40,9127.441096
955.0,200,9129.768316
885.0,200,9132.347355
0.0,200,9190.021783
870.0,200,9192.42825
0.0,200,9194.817069
915.0,200,9197.433798
0.0,200,9200.020697
795.0,200,9202.379205
915.0,200,9204.67098
440.0,200,9223.199107
875.0,200,9225.542231
630.0,200,9227.894152
505.0,200,9230.221508
0.0,135,9231.878386
985.0,200,9234.48427
310.0,200,9236.971915
970.0,200,9239.77379
155.0,200,9242.526311
535.0,200,9245.221091
355.0,200,9247.964433
615.0,200,9250.579739
920.0,200,9253.145353
0.0,70,9254.048024
480.0,200,9256.567945
485.0,200,9312.307078
575.0,200,9314.470736
815.0,200,9316.731766
850.0,200,9319.126093
0.0,106,9320.342902
370.0,200,9322.613251
0.0,200,9324.880362
40.0,200,9327.065722
895.0,200,9329.317777
530.0,200,9331.629331
465.0,200,9333.959703
0.0,126,9335.427688
335.0,200,9351.719384
100.0,200,9354.257033
55.0,200,9356.804172
0.0,200,9359.359236
900.0,200,9361.912047
105.0,200,9364.475804
0.0,94,9365.553982
50.0,144,9367.193243
830.0,200,9369.457821
290.0,200,9371.80002
225.0,172,9425.439204
445.0,133,9426.99724
705.0,200,9429.241046
210.0,200,9431.451764
650.0,200,9433.684087
985.0,200,9435.975829
550.0,200,9438.288258
100.0,200,9440.547177
710.0,200,9443.067073
430.0,200,9445.506258
175.0,120,9446.922936
105.0,89,9447.973423
1000.0,200,9450.30074
75.0,200,9452.628807
380.0,200,9455.075656
0.0,200,9457.477597
390.0,200,9459.909302
40.0,55,9460.555247
370.0,200,9462.923384
540.0,200,9465.283411
635.0,200,9467.675468
965.0,200,9469.751275
255.0,200,9524.686279
885.0,200,9527.000091
0.0,200,9529.353211
0.0,200,9531.774264
525.0,200,9534.103788
0.0,87,9535.1197575.190.0,200,9537.4296545.835.0,200,9539.6257425.145.0,200,9541.8664475.450.0,200,9572.2440850.415.0,200,9574.6221705.580.0,200,9576.92175.0,0.0,200,9579.3997600.210.0,104,9580.7299935.760.0,200,9583.2647335.145.0,200,9585.8366575.160.0,200,9588.37920.0,200,9589.729208
240.0,200,9592.255283
680.0,200,9594.845269
280.0,200,9597.417943
275.0,200,9600.160953
190.0,200,9656.846266
340.0,200,9658.996096
0.0,90,9659.968238
190.0,200,9662.289304
415.0,200,9664.846881
555.0,200,9667.199381
410.0,200,9669.708338
880.0,200,9672.194143
255.0,200,9674.6940935530.0,200,9677.12279270.0,200,9679.48063
870.0,200,9681.990045
525.0,182,9684.154209
0.0,61,9684.8487838105.0,200,9687.235094
125.0,200,9689.52657
305.0,200,9691.859872
220.0,200,9694.169921
480.0,200,9696.609047
235.0,200,9699.127815
155.0,154,9701.11407
140.0,200,9703.647084
265.0,200,9757.3193
410.0,200,9759.523659
0.0,178,9761.596753
450.0,200,9763.802156
365.0,152,9765.529343
990.0,200,9781.631445
835.0,200,9783.960486
335.0,200,9786.271421
855.0,200,9788.554166
255.0,200,9790.89937
975.0,200,9793.193703
105.0,90,9794.25818
0.0,81,9795.226261
0.0,103,9796.414955
0.0,114,9797.731361
935.0,200,9800.028397
460.0,200,9802.327945
0.0,103,9803.5203
35.0,200,9805.878633
830.0,200,9808.242096
470.0,200,9810.708098
365.0,200,9813.277299
0.0,104,9814.611917
250.0,200,9817.176296
520.0,200,9871.601799
860.0,200,9873.906242
205.0,200,9876.143864
445.0,200,9878.330743
0.0,200,9880.561473
130.0,51,9881.137654
0.0,200,9883.337196
0.0,59,9884.035260.0155.0,200,9886.182510.0345.0,200,9888.435210.0250.0,125,9889.793780.0420.0,200,9907.700.0,200,9910.010536
480.0,200,9912.344875
865.0,200,9914.705695
280.0,200,9917.01264
0.0,143,9918.669923
0.0,142,9920.393404
555.0,200,9922.948568
895.0,200,9925.49104
45.0,62,9926.265982
60.0,200,9928.80526
0.0,57,9670.0,200,99950.0,200,9415.0,200,99255.0,200,9395.0,200,99565.0,200,9855.0,200,990.0,200,100380.0,200,1965.0,200,100505.0,200,110.0,200,1001890.0,200,0.0,200,10013.535.0,20365.0,200,10015.265.0,200.0,90,10016.6060.0,2265.0,200,10018.9105.0,200,10019.747909
260.0,200,10022.30029
0.0,200,10024.850582
185.0,200,10027.409
895.0,200,10029.949051
365.0,200,10032.508474
0.0,200,10035.075511
315.0,200,10037.611659
545.0,200,10040.129974
110.0,132,10041.823318
285.0,200,10044.391976
160.0,120,10045.960735
830.0,200,10048.488178
35.0,99,10049.766215
180.0,200,10104.019737
5.0,9525.0,200,10106.750.0,20115.0,153,10108.570.0,20275.0,200,10110340.0,200,10111.700664
700.0,200,10113.963326
0.0,80.0,200,10116.73110.0,235.0,200,10119.077549
290.0,200,10121.442869
925.0,200,10123.63488
690.0,200,10125.773451
290.0,200,10128.040521
45.0,59,10128.774298
60.0,112,101335.0,173,1485.0,200,101245.0,200,1580.0,200,10135.072542
0.0,200,10137.530447
0.0,133,10139.157856
305.0,200,10141.555625
45.0,184,10143.810234
460.0,200,10146.17263
175.0,102,10162.294621
410.0,200,10164.595363
575.0,200,10220.633224
645.0,200,10222.829308
910.0,200,10224.990392
0.0,200,10227.209184
360.0,200,10229.50664
360.0,200,10231.839892
0.0,200,10234.299169
695.0,200,10236.690779
25.0,68,10237.494637
170.0,200,10239.713669
420.0,200,10241.916163
250.0,141,10259.13725
835.0,200,10261.710271
150.0,200,10264.302553
815.0,200,10266.85938
255.0,200,10269.414036
120.0,200,10272.002515
665.0,200,10274.497817
220.0,200,10277.05037
310.0,200,10279.559467
285.0,200,10282.065326
220.0,200,10284.673756
380.0,200,10340.814918
60.0,200,10343.107117
435.0,200,10345.274341
100.0,200,10347.437335
260.0,200,10349.725847
345.0,200,10351.945885
860.0,200,10354.25897
35.0,200,10356.464444
0.0,47,10356.958452
435.0,200,10359.118474
575.0,200,10361.301612
85.0,170,10363.25061
665.0,200,10365.600355
405.0,200,10367.979171
90.0,138,10369.566352
225.0,96,10370.749959
505.0,200,10388.406826
0.0,105,10389.776789
220.0,200,10392.336041
120.0,94,10393.516977
655.0,200,10395.816008
975.0,200,10398.115938
0.0,63,10398.834375
0.0,200,10401.072916
0.0,110,10455.370678
760.0,200,10457.585204
50.0,200,10459.871543
770.0,200,10462.176782
245.0,200,10464.430523
180.0,200,10466.723843
0.0,50,10467.295094
40.0,59,10468.042471
265.0,200,10470.50427
225.0,200,10472.919391
460.0,200,10475.17459
295.0,200,10477.541631
30.0,42,10478.029181
360.0,200,10480.489976
565.0,200,10482.875215
250.0,200,10485.202977
220.0,139,10486.817251
410.0,200,10489.172481
0.0,200,10491.688878
445.0,200,10494.217611
410.0,200,10496.756243
300.0,200,10499.316812
515.0,200,10501.854472
430.0,200,10557.845109
265.0,200,10560.167945
915.0,200,10562.51102
480.0,200,10564.780019
390.0,200,10567.06701
370.0,200,10569.332708
500.0,200,10571.666568
45.0,200,10573.828643
675.0,200,10575.989956
255.0,200,10578.254912
0.0,115,10579.520036
330.0,200,10581.722282
500.0,200,10614.083992
110.0,200,10616.796163
315.0,200,10619.405075
245.0,200,10621.950914
215.0,200,10624.542754
0.0,186,10626.962765
165.0,200,10629.629162
500.0,200,10632.280672
135.0,170,10634.512299
795.0,200,10692.901845
460.0,200,10695.18601
230.0,200,10697.474766
0.0,57,10698.166002
395.0,200,10700.565075
205.0,200,10702.747687
5.0,63,10703.444896
850.0,200,10705.77728
570.0,200,10708.055049
385.0,200,10710.390323
0.0,110,10711.700675
210.0,200,10714.03053
935.0,200,10716.380827
290.0,200,10718.702613
435.0,200,10721.046421
700.0,200,10723.518507
80.0,200,10726.065215
520.0,200,10728.593963
250.0,170,10730.761267
0.0,158,10732.777205
135.0,200,10735.300378
30.0,49,10735.921157
715.0,200,10738.443811
810.0,200,10741.022243
0.0,200,10794.966691
90.0,200,10797.275505
255.0,200,10799.587443
260.0,200,10801.894133
285.0,200,10804.158147
550.0,200,10806.691898
120.0,200,10809.239418
820.0,200,10811.692035
345.0,200,10828.60072
405.0,200,10831.004544
590.0,200,10833.471165
170.0,200,10835.832723
415.0,200,10838.216595
45.0,49,10838.836481
120.0,200,10841.373352
0.0,200,10845.321806
640.0,200,10849.451648
585.0,200,10854.084767
145.0,200,10857.657348
0.0,200,10860.602303
45.0,116,10862.349177
335.0,200,10923.865971
215.0,200,10927.408966
0.0,200,10931.015671
0.0,90,10932.519794
500.0,200,10935.919766
0.0,200,10939.190977
215.0,146,10941.720449
825.0,200,10945.017203
0.0,127,10947.048312
275.0,200,10950.753449
85.0,200,10954.220562
605.0,200,10957.424742
395.0,200,10960.597031
520.0,200,10963.716905
345.0,200,10987.565867
45.0,186,10990.269276
645.0,200,10993.263266
0.0,145,10995.417609
685.0,200,10998.383124
335.0,200,11001.288573
25.0,123,11003.103908
770.0,200,11006.147607
5.0,110,11007.771034
330.0,200,11071.598978
550.0,200,11074.817279
50.0,200,11077.851292
760.0,200,11081.041739
0.0,140,11083.297167
850.0,200,11104.293201
115.0,200,11106.986754
635.0,200,11109.724307
195.0,200,11112.473421
385.0,200,11115.19095
100.0,61,11116.003804
940.0,200,11118.70795
0.0,200,11121.657861
875.0,200,11124.920995
785.0,200,11128.174266
445.0,200,11131.480287
180.0,200,11134.727938
755.0,200,11137.858963
110.0,200,11141.072828
0.0,22,11141.437884
0.0,35,11141.988207
370.0,200,11145.122247
0.0,106,11146.717612
850.0,200,11149.733234
360.0,200,11212.789155
900.0,200,11216.09472
400.0,200,11219.687484
15.0,41,11220.397055
280.0,154,11222.821194
235.0,200,11225.918818
190.0,170,11228.610419
265.0,200,11231.909619
210.0,179,11234.815403
440.0,200,11238.129533
70.0,200,11241.322016
0.0,200,11244.024192
285.0,200,11246.927741
0.0,170,11249.126714
410.0,200,11251.678713
645.0,200,11254.231172
120.0,112,11255.617712
80.0,200,11258.284406
520.0,200,11261.056076
25.0,200,11263.940516
0.0,117,11265.824267
765.0,200,11268.827988
625.0,200,11272.004126
410.0,200,11332.341512
365.0,200,11354.593078
140.0,200,11357.86457
435.0,200,11361.272149
0.0,200,11364.511969
515.0,200,11367.75438
0.0,97,11369.354375
795.0,200,11372.741906
865.0,200,11375.642175
195.0,200,11378.372292
420.0,200,11381.134827
345.0,200,11383.781364
0.0,63,11384.659184
455.0,200,11387.436721
655.0,200,11408.317047
0.0,200,11411.321469
405.0,200,11414.280168
0.0,100,11415.723073
960.0,200,11418.690043
320.0,200,11421.711066
0.0,200,11424.634921
295.0,200,11427.633347
800.0,200,11493.757283
620.0,200,11496.867243
0.0,200,11500.132604
235.0,81,11501.398863
585.0,200,11504.430298
825.0,200,11507.655616
165.0,108,11509.379135
920.0,200,11512.37266
560.0,200,11515.033789
150.0,200,11517.709077
240.0,172,11520.009316
835.0,200,11522.808276
0.0,200,11525.789519
485.0,200,11528.769546
440.0,200,11531.715209
0.0,200,11534.70408
0.0,200,11537.66478
0.0,120,11539.446652
280.0,200,11542.483533
255.0,200,11561.846413
110.0,200,11564.502866
75.0,200,11567.465565
645.0,200,11632.980485
340.0,200,11635.957026
425.0,200,11638.632826
335.0,200,11641.30859
450.0,200,11643.969939
0.0,200,11646.601517
380.0,198,11649.18127
610.0,200,11651.887953
720.0,200,11654.600068
635.0,200,11657.346081
595.0,200,11660.011848
375.0,200,11662.731966
470.0,200,11665.53709
815.0,200,11668.485413
975.0,200,11671.425496
215.0,200,11674.120593
485.0,200,11676.790061
75.0,55,11677.520618
0.0,52,11678.220921
920.0,200,11680.865964
270.0,200,11683.654251
375.0,200,11686.33096
555.0,200,11747.487881
180.0,192,11750.561256
215.0,200,11753.685572
70.0,200,11757.148691
135.0,200,11760.486551
125.0,97,11762.075464
585.0,200,11765.207686
0.0,200,11768.430014
375.0,170,11771.220828
530.0,200,11774.397093
875.0,200,11777.497225
45.0,54,11778.428461
665.0,200,11781.486605
345.0,200,11784.182324
310.0,175,11786.588278
710.0,200,11789.305732
825.0,200,11828.230772
0.0,200,11831.262614
120.0,200,11834.283644
725.0,200,11837.334855
270.0,200,11840.062829
0.0,200,11842.749095
935.0,200,11905.357112
105.0,200,11907.952568
330.0,200,11910.651278
465.0,200,11913.334275
530.0,200,11916.018852
915.0,200,11918.728926
520.0,200,11921.404256
320.0,200,11924.110953
575.0,200,11926.793492
535.0,200,11929.498736
415.0,200,11932.119371
210.0,166,11934.366228
75.0,200,11937.068414
360.0,200,11939.741984
400.0,200,11942.441177
145.0,200,11945.390562
980.0,200,11948.428189
920.0,200,11951.421327
250.0,200,11954.190472
65.0,72,11955.17015
0.0,105,11956.561093
310.0,200,11959.207288
0.0,200,12022.082847
205.0,124,12024.032601
460.0,200,12027.204528
805.0,200,12030.473006
475.0,200,12033.782783
815.0,200,12036.845397
185.0,200,12039.696594
725.0,200,12042.322707
315.0,200,12044.979819
575.0,200,12047.634632
185.0,200,12050.381354
425.0,200,12071.421405
15.0,84,12072.675269
0.0,200,12075.664245
0.0,53,12076.47589
855.0,200,12079.500773
595.0,200,12082.522993
255.0,200,12085.614736
400.0,200,12088.670907
20.0,200,12091.675962
420.0,200,12094.400812
50.0,159,12096.508502
0.0,107,12154.879457
0.0,131,12156.654656
255.0,200,12159.521029
630.0,200,12162.836819
595.0,200,12165.977839
145.0,55,12166.946172
30.0,54,12167.860372
190.0,200,12171.176776
120.0,200,12174.379485
255.0,200,12177.598706
240.0,200,12180.710071
410.0,167,12182.98026
390.0,200,12185.704172
440.0,200,12188.446106
135.0,200,12191.139905
340.0,200,12193.891346
0.0,200,12196.625769
940.0,200,12199.342502
245.0,200,12219.153498
215.0,200,12222.092616
430.0,200,12225.042746
690.0,200,12228.034862
705.0,200,12231.266695
980.0,200,12293.236006
175.0,200,12295.91128
450.0,200,12298.612036
310.0,200,12301.272032
280.0,200,12303.987981
685.0,200,12306.711988
805.0,200,12309.390023
760.0,200,12329.815193
490.0,200,12332.584951
0.0,59,12333.393302
175.0,200,12336.122517
120.0,200,12339.034272
770.0,200,12342.008105
745.0,200,12344.922714
210.0,200,12347.788612
300.0,200,12350.49538
395.0,200,12353.414003
620.0,200,12355.991978
20.0,64,12356.803343
0.0,200,12359.25292
440.0,200,12362.080813
295.0,200,12364.789246
20.0,200,12426.863307
260.0,200,12429.828997
640.0,200,12433.124309
470.0,200,12436.183795
0.0,200,12439.334979
320.0,200,12442.188622
0.0,200,12444.97542
625.0,200,12447.669096
60.0,200,12450.530631
655.0,200,12453.355612
275.0,154,12455.565705
230.0,200,12458.300268
150.0,200,12461.029029
120.0,180,12463.649194
115.0,200,12466.435575
410.0,200,12469.113497
95.0,200,12471.793992
740.0,200,12474.6568
15.0,200,12477.406783
645.0,200,12480.196793
165.0,200,12483.175017
115.0,139,12542.182394
160.0,200,12544.970767
205.0,168,12547.243748
515.0,200,12550.201355
0.0,60,12551.127502
425.0,200,12569.942423
570.0,200,12572.789948
725.0,200,12575.813246
780.0,200,12579.092675
445.0,117,12580.915217
0.0,120,12582.573798
215.0,138,12584.50642
755.0,200,12587.302002
40.0,153,12589.483883
305.0,200,12592.181749
870.0,200,12594.898722
200.0,200,12597.61058
325.0,200,12600.282381
130.0,70,12601.26262
730.0,200,12622.76119
390.0,200,12625.542063
0.0,200,12628.279959
150.0,164,12630.461536
0.0,200,12691.851675
865.0,200,12694.653823
715.0,200,12697.539564
470.0,200,12700.473868
130.0,200,12703.247954
355.0,200,12705.861594
360.0,200,12708.655434
770.0,200,12711.406129
0.0,200,12714.098438
640.0,200,12716.793774
350.0,110,12718.295213
0.0,200,12721.147504
630.0,200,12724.083158
940.0,200,12727.009875
220.0,200,12729.825346
0.0,200,12732.667083
175.0,198,12735.413769
740.0,200,12737.927117
365.0,192,12740.274853
585.0,200,12742.647155
70.0,128,12744.187321
120.0,50,12744.770323
0.0,200,12805.557606
230.0,200,12824.885655
985.0,200,12827.693862
30.0,49,12828.439583
985.0,200,12831.452323
0.0,200,12834.504458
370.0,200,12837.741788
705.0,200,12840.758078
350.0,200,12843.982642
0.0,200,12846.996742
230.0,200,12849.798806
30.0,200,12852.527851
155.0,200,12855.218173
90.0,200,12857.93277
40.0,56,12858.69743
100.0,200,12861.432401
445.0,200,12864.159235
45.0,65,12865.061855
925.0,200,12867.962295
130.0,200,12870.876061
815.0,200,12873.690744
735.0,200,12876.437963
210.0,200,12879.188187
65.0,46,12879.823611
15.0,200,12938.149773
25.0,200,12941.028668
55.0,56,12941.827953
0.0,200,12944.564964
420.0,200,12947.272919
275.0,200,12949.932096
250.0,200,12952.697007
210.0,91,12954.064957
690.0,200,12956.918944
485.0,200,12959.681008
0.0,102,12961.098038
530.0,200,12963.878458
100.0,200,12966.777556
825.0,200,12969.74509
405.0,200,12972.718168
0.0,200,12975.580237
335.0,200,12978.565659
695.0,200,12981.780864
250.0,157,12984.034658
0.0,120,12985.650257
120.0,200,13024.703403
220.0,200,13027.327169
380.0,186,13029.806499
115.0,124,13091.653808
705.0,200,13094.62062
0.0,85,13095.803576
0.0,122,13097.474713
50.0,200,13100.187113
0.0,200,13102.903058
175.0,200,13105.572997
215.0,200,13108.266925
0.0,77,13109.383377
245.0,200,13112.057464
375.0,200,13114.692515
345.0,200,13117.319197
925.0,200,13119.950276
985.0,200,13122.679265
765.0,200,13125.428597
875.0,200,13128.161602
190.0,193,13130.792753
0.0,102,13132.151804
790.0,200,13134.800788
450.0,200,13137.309202
100.0,80,13138.204652
300.0,196,13140.479166
695.0,200,13142.839824
505.0,200,13199.382412
480.0,200,13201.671734
190.0,185,13203.902979
280.0,200,13206.170185
545.0,200,13208.518498
10.0,200,13210.853902
665.0,200,13213.116594
155.0,200,13215.376969
265.0,198,13217.824892
0.0,107,13219.231728
70.0,72,13220.108748
450.0,200,13222.709735
0.0,200,13225.301299
70.0,68,13226.198647
390.0,200,13228.73669
290.0,200,13231.350165
340.0,200,13250.700997
465.0,200,13253.292423
0.0,200,13255.847816
370.0,200,13258.549086
450.0,200,13261.306354
585.0,200,13264.065645
385.0,200,13266.87814
0.0,200,13324.40364
0.0,200,13327.346251
240.0,200,13330.090624
30.0,153,13332.130143
360.0,182,13334.587473
400.0,200,13337.393982
225.0,200,13340.205684
365.0,200,13343.13425
300.0,200,13345.981162
605.0,200,13348.849622
255.0,88,13350.100559
140.0,200,13353.02152
520.0,200,13355.753195
570.0,200,13358.575361
705.0,200,13361.40922
645.0,200,13364.453187
680.0,200,13367.610088
375.0,200,13370.687786
330.0,200,13373.864107
430.0,200,13392.723994
605.0,200,13395.365348
50.0,200,13457.410456
295.0,186,13460.103984
235.0,200,13462.800542
160.0,157,13465.056441
75.0,200,13467.922291
415.0,200,13470.739094
480.0,200,13473.455107
570.0,200,13476.234302
530.0,171,13478.602217
835.0,200,13481.472925
440.0,200,13484.265163
420.0,200,13505.084839
630.0,200,13507.81512
55.0,200,13510.468323
145.0,200,13513.160594
35.0,200,13515.843368
435.0,200,13518.582159
180.0,200,13521.326088
50.0,143,13523.204821
380.0,200,13525.614698
30.0,200,13528.068803
675.0,200,13589.351119
885.0,200,13592.162307
565.0,200,13594.844728
790.0,200,13597.590128
395.0,200,13600.430012
190.0,200,13603.057854
545.0,200,13605.771963
430.0,200,13608.373074
945.0,200,13611.055849
985.0,200,13613.884155
380.0,125,13615.592958
0.0,128,13617.306505
315.0,200,13619.983035
15.0,45,13620.591996
155.0,175,13622.929697
500.0,200,13625.678024
405.0,200,13628.533633
810.0,200,13631.359663
165.0,59,13632.193741
65.0,90,13633.413252
155.0,200,13636.290593
620.0,200,13639.007527
325.0,200,13641.848201
0.0,200,13644.540897
0.0,200,13703.326706
500.0,200,13706.1371
0.0,154,13708.246013
0.0,200,13710.95198
125.0,200,13713.593574
315.0,199,13716.244004
495.0,200,13719.110034
30.0,200,13739.883891
530.0,200,13742.717509
940.0,200,13745.686184
0.0,87,13746.948131
800.0,200,13749.730603
370.0,200,13752.491241
525.0,200,13755.278194
340.0,200,13757.999485
325.0,200,13760.72534
780.0,200,13763.444548
5.0,200,13766.124157
585.0,200,13768.859005
270.0,200,13771.573514
45.0,77,13772.613136
835.0,200,13793.929936
740.0,200,13853.507283
555.0,200,13856.193914
30.0,76,13857.213955
730.0,200,13859.879723
280.0,200,13862.572417
395.0,200,13865.33401
235.0,200,13868.346131
695.0,200,13871.168673
435.0,187,13873.806551
280.0,200,13876.600709
320.0,200,13879.721132
530.0,200,13882.728366
0.0,107,13884.329602
405.0,154,13886.640427
690.0,200,13889.781722
395.0,200,13892.522218
485.0,200,13895.373448
545.0,200,13898.25074
280.0,200,13900.976819
85.0,200,13903.854875
75.0,200,13906.480451
240.0,200,13969.702675
0.0,102,13971.018048
0.0,200,13973.807773
0.0,115,13975.450447
0.0,200,13978.074511
30.0,200,13998.80611
490.0,200,14001.966668
350.0,200,14005.05022
50.0,89,14006.386198
855.0,200,14009.4699
65.0,43,14010.231505
265.0,178,14012.801105
110.0,200,14015.665314
260.0,200,14018.497762
220.0,180,14021.286378
255.0,145,14023.354082
85.0,171,14025.916332
920.0,200,14028.840779
65.0,200,14031.71704
460.0,200,14034.433656
0.0,148,14036.477785
35.0,103,14038.079866
450.0,200,14040.936979
240.0,200,14043.738648
0.0,200,14046.408802
210.0,200,14106.453543
865.0,200,14109.045524
310.0,200,14111.689744
250.0,200,14114.333533
180.0,87,14115.50759
770.0,200,14118.18181
925.0,200,14120.905909
140.0,140,14122.849366
390.0,200,14125.501495
425.0,200,14128.237319
515.0,200,14130.909243
210.0,108,14132.381284
180.0,188,14135.093605
0.0,200,14137.789344
0.0,90,14138.984834
875.0,200,14141.636295
385.0,200,14144.322687
370.0,200,14146.916659
380.0,200,14149.409619
0.0,52,14150.055925
895.0,200,14152.69872
945.0,200,14155.382316
445.0,200,14158.094603
190.0,154,14249.28595
415.0,200,14252.049626
130.0,200,14254.78763
860.0,200,14257.710293
420.0,200,14260.710045
745.0,200,14263.534825
140.0,200,14266.308177
0.0,152,14268.586497
0.0,200,14271.577634
255.0,200,14274.60584
0.0,200,14277.622629
35.0,200,14280.454306
0.0,200,14283.152631
15.0,48,14283.830314
0.0,200,14286.542015
510.0,200,14289.274924
60.0,200,14291.980809
485.0,200,14294.695804
660.0,200,14297.409421
0.0,99,14298.760928
250.0,200,14301.465619
805.0,200,14304.205857
430.0,200,14364.142564
255.0,196,14366.814763
210.0,196,14369.643055
0.0,200,14372.355912
100.0,165,14374.73143
300.0,200,14377.389851
135.0,200,14380.078866
430.0,200,14382.752769
395.0,125,14384.389724
275.0,200,14387.111644
390.0,200,14389.828518
745.0,200,14392.534156
255.0,200,14395.201027
300.0,200,14397.889402
925.0,200,14400.876809
395.0,200,14403.886764
130.0,143,14406.032243
685.0,200,14408.961269
0.0,200,14430.344381
45.0,103,14431.756398
0.0,200,14434.509513
470.0,200,14437.250564
260.0,200,14500.908708
130.0,93,14502.148567
335.0,174,14504.484754
390.0,200,14507.205662
275.0,200,14510.063012
0.0,69,14511.126528
0.0,40,14511.662451
500.0,200,14514.565878
25.0,128,14516.409728
860.0,200,14519.32127
105.0,200,14522.300336
535.0,200,14525.368406
595.0,200,14528.402329
765.0,200,14531.414038
0.0,107,14533.037678
865.0,200,14536.033673
455.0,200,14538.877817
140.0,200,14541.630088
270.0,200,14544.352285
480.0,200,14546.872702
330.0,163,14548.859777
505.0,200,14551.348688
595.0,200,14553.881279
525.0,200,14613.695291
455.0,200,14616.50193
110.0,200,14637.063855
125.0,200,14639.829717
0.0,200,14642.593962
25.0,200,14645.287304
725.0,200,14648.289148
975.0,200,14651.159481
185.0,200,14654.052999
20.0,200,14656.957061
515.0,200,14659.840758
0.0,200,14662.703621
0.0,65,14663.626173
0.0,81,14664.77171
0.0,200,14667.506476
440.0,200,14670.273952
180.0,200,14691.813556
10.0,139,14693.718419
0.0,200,14696.352499
900.0,200,14698.975932
40.0,200,14701.513595
365.0,200,14704.238404
675.0,200,14766.175621
15.0,166,14768.439846
35.0,76,14769.441602
875.0,200,14771.979028
280.0,200,14774.399151
640.0,200,14776.909439
370.0,200,14779.328286
35.0,146,14781.097661
255.0,200,14783.712821
0.0,200,14786.255996
420.0,200,14788.936956
190.0,200,14791.594138
255.0,200,14794.306183
340.0,200,14797.021098
390.0,200,14799.696857
535.0,200,14802.427738
525.0,200,14805.088758
605.0,170,14807.415763
200.0,200,14810.322511
30.0,103,14811.922757
140.0,98,14813.306555
435.0,200,14816.340299
0.0,200,14819.338274
295.0,200,14883.537309
30.0,200,14886.201612
310.0,200,14888.80416
310.0,200,14891.504483
30.0,95,14892.757834
825.0,200,14895.485335
595.0,200,14898.13066
410.0,200,14900.807447
850.0,200,14903.648761
220.0,200,14906.540719
75.0,200,14909.358836
0.0,104,14910.783996
450.0,200,14931.35943
195.0,200,14934.361351
255.0,200,14937.359619
505.0,200,14940.300541
75.0,61,14941.050657
75.0,48,14941.625662
370.0,200,14944.025969
250.0,200,14946.473645
755.0,200,14948.870747
445.0,192,14951.123369
245.0,200,14953.496437
865.0,200,15013.902663
320.0,200,15016.326049
875.0,200,15018.746731
170.0,200,15039.558388
245.0,200,15042.461337
875.0,200,15045.311689
350.0,200,15048.140357
185.0,200,15050.944828
265.0,74,15052.077715
470.0,200,15054.870419
70.0,200,15057.699302
355.0,200,15060.564522
80.0,200,15063.297171
175.0,200,15066.055008
420.0,200,15068.781099
380.0,156,15070.854034
405.0,200,15073.610584
845.0,200,15076.546376
140.0,169,15079.007246
210.0,200,15082.164003
950.0,200,15085.39743
640.0,200,15088.380128
0.0,200,15151.422696
55.0,57,15152.193292
290.0,200,15155.045766
380.0,200,15157.544603
690.0,200,15160.082768
165.0,200,15162.542454
425.0,200,15164.955134
340.0,200,15184.077604
130.0,200,15186.803901
390.0,200,15189.568923
130.0,165,15191.972156
0.0,86,15193.229778
25.0,200,15196.020658
900.0,200,15198.825995
980.0,200,15201.603084
0.0,200,15204.371727
445.0,200,15207.297955
740.0,200,15210.044972
125.0,200,15212.788674
505.0,200,15215.568546
40.0,134,15217.474725
790.0,200,15220.228404
855.0,200,15281.498197
0.0,200,15284.067067
745.0,200,15287.014426
325.0,200,15289.708076
0.0,200,15292.349722
530.0,200,15294.983391
165.0,95,15296.308746
140.0,200,15299.023271
0.0,200,15301.808027
180.0,200,15304.672662
350.0,200,15307.408192
575.0,200,15310.171008
140.0,200,15312.818982
325.0,200,15315.511482
0.0,109,15317.007258
0.0,200,15319.673285
845.0,200,15322.34556
275.0,200,15325.062979
160.0,200,15327.750454
285.0,200,15330.478327
150.0,96,15331.822312
370.0,200,15334.764916
150.0,62,15392.753317
405.0,89,15393.982713
830.0,200,15396.91759
370.0,200,15399.657344
215.0,200,15402.352524
235.0,174,15437.15794
385.0,200,15439.801892
530.0,200,15442.452375
415.0,200,15445.116278
280.0,200,15447.820283
0.0,65,15448.658249
715.0,200,15451.292235
710.0,200,15453.946054
0.0,200,15456.630197
80.0,140,15458.570316
0.0,200,15461.211955
820.0,200,15463.918297
50.0,200,15466.713075
0.0,155,15468.970665
760.0,200,15471.891301
315.0,200,15474.58554
190.0,200,15477.37757
0.0,200,15480.14963
0.0,200,15540.613294
310.0,200,15543.359863
405.0,200,15546.351802
195.0,200,15549.609991
500.0,200,15552.416199
305.0,200,15554.8817
60.0,82,15555.927134
90.0,66,15556.751916
980.0,200,15559.309029
555.0,200,15561.712925
735.0,200,15564.142939
0.0,200,15566.639944
5.0,107,15567.94202
15.0,142,15569.821016
835.0,200,15572.510466
660.0,200,15575.225517
420.0,200,15577.911861
615.0,200,15580.657413
895.0,200,15583.370537
930.0,200,15586.107868
0.0,200,15588.773978
0.0,200,15591.470649
75.0,110,15592.99124
15.0,152,15669.879269
650.0,200,15672.527763
790.0,200,15675.220376
830.0,200,15677.901369
235.0,200,15680.596528
265.0,200,15683.31495
0.0,135,15685.140876
175.0,200,15687.807626
0.0,70,15688.773529
755.0,200,15691.510897
965.0,200,15694.194661
540.0,200,15696.868907
0.0,72,15697.85787
0.0,139,15699.709481
0.0,200,15702.344066
130.0,200,15705.051378
875.0,200,15707.73395
100.0,200,15710.45356
0.0,200,15713.068302
610.0,200,15715.740881
95.0,200,15718.500116
0.0,62,15719.363815
380.0,200,15722.006348
775.0,200,15780.970767
140.0,119,15782.564902
75.0,200,15785.289137
120.0,114,15786.833777
360.0,200,15789.526011
195.0,200,15792.19238
190.0,200,15812.19943
0.0,200,15814.913937
885.0,200,15817.754229
95.0,173,15820.517712
470.0,200,15823.397846
460.0,200,15826.238925
210.0,160,15828.317641
380.0,200,15831.077369
725.0,200,15833.756869
650.0,200,15836.429549
685.0,200,15839.140273
495.0,200,15841.896458
720.0,200,15861.848522
90.0,83,15863.235226
325.0,200,15866.509071
155.0,200,15869.902876
250.0,200,15932.728934
865.0,200,15935.725024
495.0,200,15938.685206
0.0,200,15941.726565
425.0,200,15944.597442
330.0,200,15947.349307
500.0,200,15949.900307
700.0,200,15952.327135
155.0,200,15954.742817
305.0,200,15957.17436
175.0,200,15959.630316
500.0,200,15962.006034
385.0,200,15964.432132
0.0,200,15966.919722
375.0,200,15969.601174
135.0,179,15972.028803
705.0,200,15974.691808
0.0,46,15975.288059
905.0,200,15977.9786
700.0,200,15980.624419
45.0,122,15982.309259
230.0,200,15985.043633
285.0,199,16045.903311
165.0,155,16048.074043
85.0,77,16049.232968
420.0,200,16052.062291
320.0,200,16054.753591
970.0,200,16057.43834
205.0,200,16060.132976
0.0,63,16060.972541
790.0,200,16063.637053
0.0,200,16066.317503
295.0,200,16068.975844
690.0,200,16071.688384
255.0,200,16074.725315
0.0,42,16075.369897
55.0,200,16078.360472
360.0,200,16081.110057

420.0,200,16063.649625
575.0,200,16066.307852
605.0,200,16068.970922
300.0,200,16071.681162
200.0,131,16073.721628
215.0,116,540.0,200,1607910.0,200,470.0,200,1607345.0,200,16081.153913
439151
7
125.0,200,16073.615036
0.0,200,16076.610644
50.0,83,16077.89838
0.0,200,16080.644201
675
350.0,200,16077.067162
580.0,200,16079.818967
156
200.0,81,16074.923646
230.0,166,16077.431292
650.0,200,16080.171844
315.0,200,16078.5734090390.0,200,16081.252514
0,200,160310.0,200,1495.0,200,1415.0,200,160100.0,123,16079.851884
00,16075.21231
320.0,193,16078.140538
805.0,200,16080.882001
185.0,86,16082.031503
,200.0,200,16079.46860.0,200,16082.412341
75.680747
575.0,200,16078.426881
,16054.47631
250.0,177,16056.916136
970.0,200,16059.578612
965.0,200,16062.235446
0.0,200,16064.911232
20.0,47,16065.548366
470.0,200,16068.213333
415.0,200,16070.922748
175.0,200,16074.019551
235.0,200,16077.023299
245.0,200,16079.775392
50.0,47,16080.397642
0.0,45,16080.962193
