#{"t_start": 1665779066.952291, "env_id": "CustomMyoChallengeBaodingP1-v1"}
r,l,t
8805.196043,200,15.189411081091.108138,200,43.98693850.1126.388347,200,57.7111111030.719183,200,102.102494.10880.629011,200,117.1015.930.1121.262607,200,146765895.699687,200,176.753433611105.763607,200,204.04201081387.88253,168,219.636355101076.139907,200,263.761292911005.820826,200,276.73811105965.257218,200,306.0727840.1110.938756,200,320.125247.649297,200,321.455843
337.371649,200,364.19727331086.128119,200,379.572259
1121.056967,200,406.553669
1106.119514,200,439.11874
1025.778733,200,466.246263
1030.923174,200,480.955031
155.273684,1055.809402,201041.131554,21111.271173,200980.688616,201090.907303,201025.921966,201136.208179,200,10915.499169930.648152,200,111091.022841070.91025,200,611075.883101096.239305,200,671131.26224154.962069,103,610501050.83154.043032,102,68960.4757551106.079183,200,71131.2756071015.658922,200,74121115.952043,200,747.006881
840.244941,200,790.847305
549.574970.694633,200,806.71060.931090.883799,200,833.21095.868377,200,866.3472933.1065.924439,200,879.525759
1055.74448,200,907.260649
1050.681186,200,953.510266
1161.215065,200,966.461459
1066.175067,200,994.001829
1085.884849,200,1011.284593
1070.919576,200,1012.759642
101.963069,107,1043.831101
1061.049398,200,1056.292637
1060.745555,200,1083.552679
667.00147,131,1115.847477
1040.995883,200,1143.078828
1146.301138,200,1156.881376
140.1121.057414,200,1172.087057
1095.972605,200,1218.454243
1151.177994,200,1243.20577
171.968992,50,1243.61121.041061.085796,200,1273.31076.101106.213367,200,13051105.76791091.036235,200,13301106.18711061.018044,200,13451146.142936,200,1362.583136
1151.184202,200,1364.060543
107.854475,113,1395.040773
965.638155,200,1407.529309
1151.184179,200,1435.691546
1121.252103,200,1469.101767
584.034835,150,1482.247922
1121.081063,200,1507.03998
1116.240278,200,1540.653351
1051.084886,200,1566.562289
1116.279783,200,1594.726699
1146.399847,200,1610.087013
905.505721,200,1652.524212
1035.915247,200,1665.120849
738.76702,180,1695.3483
1026.041077,200,1697.279252
1136.244633,200,1698.887993
900.72338,200,1740.285478
400.273351,94,1740.906352
1096.188673,200,1769.329894
1106.141115,200,1816.679393
169.302265,47,1817.04329
1111.085408,200,1840.514335
1121.196622,200,1856.337959
1141.347344,200,1903.981994
1136.251477,200,1913.572726
1151.175927,200,1941.498596
1101.01052,200,1974.406222
1126.028035,200,1999.763997
990.786483,200,2011.983806
1161.530487,200,2042.812175
1106.263045,200,2044.294734
383.20623,200,2078.005552
162.296081,45,2087.136127
1106.128339,200,2099.284091
1111.369785,200,2146.387569
1101.298312,200,2162.489223
832.817318,163,2183.65308
1146.266745,200,2199.592808
1065.956097,200,2242.987082
732.24833,189,2255.042192
1146.483847,200,2284.286052
686.636639,152,2317.569113
117.943252,62,2318.083489
374.054778,140,2330.113923
1121.168821,200,2354.717103
1156.44183,200,2371.190144
1136.2332,200,2372.67278
70.214542,72,2404.558667
160.434489,75,2405.1647173.1096.229102,200,2428.2311056.821.514905,172,2443.4581075.1141.272332,200,2491.3481086.1121.367799,200,2503.5621111.205706,200,2990.89353,20950.575304,200,1046.067161,21141.329075,200,1126.368908,21161.374558,200,1141.377316,21146.083388,200,2615.395424
1121.178723,200,2662.994729
1156.116922,200,2675.438725
1095.981335,200,2701.762653
1116.118008,200,2718.927217
1156.395268,200,2720.415994
323.220125,200,2752.861372
1056.103002,200,2775.361009
1056.115355,200,2791.18302
1061.014178,200,2838.112725
1146.095973,200,2861.330301
1151.526747,200,2877.571609
1121.122083,200,2921.954294
193.517305,67,2922.466055
1136.223245,200,2949.045813
1006.021719,200,2965.100205
1121.284452,200,3008.416483
1146.176366,200,3021.709647
1156.327422,200,3051.855314
1161.462174,200,3053.757868
1141.283893,200,3055.224077
82.662922,85,3084.93418.71131.084245,200,3109.772258
1141.402003,200,3125.823853
925.760609,200,3170.417471
1096.270709,200,3184.433098
1000.922363,200,3211.301979
458.855319,146,3226.1101.0911126.373614,200,3257.1125.9911131.234773,200,3283.1126.2781156.153595,200,3313.759.99541131.169852,200,33441156.33061161.444553,200,33701070.7781156.23492,200,3386.21050.851156.439776,200,3402.735583
1161.485001,200,3404.3495391152.64476,51,3421.158154
1156.512851,200,3447.252299
827.283974,162,3460.182215
800.219194,200,3490.096299
1141.484236,200,3520.434746
1121.051478,200,3547.036695
1151.257546,200,3563.34865211111.113864,200,3607.673151111030.937415,200,3622.451243111151.336426,200,3650.0752152.1085.972154,200,3692.711156.41141.357907,200,3706.241156.3985.876344,200,3736.5141156.1161.524704,200,3738.7641166.1161.406197,200,3740.242601
68.057696,57,3768.2300176.1161.166921,200,3781.661975.81056.102744,200,3810.45870.461151.195386,200,3841.51095.998226,200,3856.947134
1156.344728,200,3882.727082
475.41161.317793,200,3896.61020.891176.355668,200,3940.11161.381000.555848,200,3955.1578.8111151.281561,200,3982.869.8891061.07431,200,4015.31091.291060.784208,200,4041.61121.160897,200,4055.269915
1151.184093,200,4071.009671
1161.297033,200,4088.805717
1056.069095,200,4090.339157
347.622756,200,4118.162626
965.668399,200,4143.276032
1101.12623,200,4173.189008
1166.422468,200,4202.593284
1030.941054,200,4229.043362
1161.312592,200,4245.027927
1136.309481,200,4288.665949
1151.406136,200,4304.090266
702.613904,163,4331.380872
852.571288,188,4361.326666
1131.011515,200,4389.897609
1171.331392,200,4403.739263
111146.420296,200,4421.592583111166.403126,200,4423.070197262.66544,197,4463.832741
1156.38715,200,4490.866835
761.986159,141,4506.448168
1105.886451,200,4536.366313
1110.832118,200,4562.749496
1166.404995,200,4579.310866
1161.23536,200,4623.177816
1171.213399,200,4638.031309
1171.401566,200,4665.37965
514.827961,109,4681.108505
1121.50416,200,4709.994894
1166.504496,200,4736.693998
1171.500117,200,4766.837076
1092.1166.259017,200,4767.6001176.1126.164406,200,4769.0741166.396.808672,200,4797.6771161.1156.15365,200,4822.6107190.1171.363455,200,4852.331136.21171.403274,200,4883.151100.71151.284972,200,4909.46764.651181.574276,200,4925.1161.2761171.441899,200,4969.1146.4491171.421462,200,4984.1025.8561171.379843,200,5012.1136.289185.34407,48,5012.51090.721161.561442,200,5056.475.57436,148,5072.146771
1156.505045,200,5099.767255
726.31181.483697,200,5103.011156.41181.552904,200,5104.4138.534177.228319,186,5146.1075.9211141.44181,200,5160.21050.92960.780111,200,5190.351116.11121.483926,200,5232.541136.41151.131891,200,5247.111156.31161.357291,200,5276.601166.1126.398648,200,5307.2771161.1101.414958,200,5333.276561.71166.284973,200,5349.711071.8570.083713,151,5393.622182
1121.303936,200,5406.416788
512.023541,117,5421.01146.361111.327023,200,5449.91181.531181.52852,200,5451.581176.61176.694497,200,5452.93227.271363,191,5481.477323
1176.463628,200,5507.565404
1181.456375,200,5536.299576
1081.343468,200,5567.041072
1176.543214,200,5593.850529
1076.204806,200,5610.006157
1151.152919,200,5652.917369
1121.118897,200,5666.52123
1151.494716,200,5695.873029
1181.362581,200,5739.864705
1050.717373,200,5753.085841
1181.735569,200,5781.349506
1181.540393,200,5797.054656
1181.488735,200,5798.532259
393.113003,200,5829.111438
1166.299739,200,5855.822004
1135.746238,200,5869.668018
1171.217591,200,5912.439961
1181.414295,200,5929.005703
1171.300165,200,5956.130004
879.335751,175,5987.778673
1045.796076,200,6015.665583
525.024209,130,6032.021343
965.810002,200,6061.456914
1116.221132,200,6088.652991
895.615288,200,6118.558753
470.743966,152,6131.99193
1176.435427,200,6133.610646
1141.190853,200,6134.944652
403.079832,200,6174.486247
178.316373,46,6174.876257
1146.299584,200,6205.912714
1131.142273,200,6235.205469
1056.137299,200,6262.08965
1121.490163,200,6277.872923
1055.75226,200,6305.075567
1181.167794,200,6336.042433
1181.369074,200,6363.568062
1096.406474,200,6379.26794
1116.049712,200,6422.805613
1166.451207,200,6450.301564
1181.289357,200,6466.425626
1181.545823,200,6479.165436
609.285807,155,6480.219203
78.960013,79,6497.711307
1161.370432,200,6523.734244
1186.507204,200,6539.365165
1151.411578,200,6582.92467
1181.468907,200,6596.037927
1146.483843,200,6625.770164
1146.465609,200,6669.597225
1171.270824,200,6683.12899
1161.398942,200,6712.697919
945.602388,200,6741.660579
1156.21176,200,6767.902846
1145.990028,200,6783.558534
1042.395128,198,6809.777312
1176.294816,200,6811.254994
1146.348974,200,6812.725612
185.354931,188,6856.14594
1076.01732,200,6871.790436
1166.304999,200,6898.367734
1156.323203,200,6928.983202
1171.396929,200,6956.885432
1156.195953,200,6972.315119
1146.099578,200,7016.047032
1171.587664,200,7042.865596
1140.959264,200,7058.46833
726.171246,167,7088.718009
1130.981343,200,7115.029321
1151.349501,200,7144.770369
1176.139219,200,7158.492337
1171.290928,200,7160.108175
382.847383,200,7191.184209
1141.269889,200,7216.125448
1010.871478,200,7230.958207
980.574626,200,7276.957608
1166.206098,200,7290.88965
263.036781,169,7316.564581
1035.826157,200,7349.08248
1166.286302,200,7375.799306
586.438515,157,7390.755314
1156.170534,200,7435.618863
1040.8419,200,7449.092982
1100.989881,200,7476.909485
1141.30179,200,7493.202442
1060.895725,200,7494.680524
394.202681,200,7536.48882
1176.249935,200,7553.778435
1181.491256,200,7579.674248
1115.983151,200,7612.374009
1156.241208,200,7639.567499
1040.700254,200,7666.606974
1166.399124,200,7698.801498
231.805235,60,7711.104517
1166.440858,200,7727.591119
553.35563,144,7740.322896
1161.225179,200,7786.095224
1141.121389,200,7799.210177
1166.365422,200,7826.211107
339.496228,83,7841.131793
1186.348709,200,7842.861985
1146.125679,200,7844.475534
199.479817,183,7875.104254
1186.575218,200,7901.152752
1120.910152,200,7915.454233
1171.431712,200,7961.434581
1151.276283,200,7973.734631
748.126864,137,7985.541367
1020.868073,200,8032.500993
1186.47485,200,8059.42555
1176.361617,200,8073.383686
675.776828,156,8106.089986
1186.505827,200,8132.684452
1166.154789,200,8147.325457
1156.324154,200,8174.937177
1186.365613,200,8176.68648
1171.061156,200,8178.178502
110.255327,116,8209.356828
1141.096087,200,8234.645805
1181.606204,200,8248.924417
1186.311668,200,8295.74806
1111.109204,200,8308.326391
1186.561312,200,8335.054267
1156.349756,200,8381.405306
574.514043,158,8394.398562
1156.28864,200,8408.182251
1161.282862,200,8436.561001
1181.275532,200,8468.879808
1186.455589,200,8493.454353
1186.153557,200,8522.246621
1141.449535,200,8523.923187
1136.226993,200,8525.463965
316.736558,200,8557.197959
1171.461948,200,8580.635036
1146.143957,200,8596.036438
511.685112,172,8642.672867
1181.271752,200,8653.204365
1186.520479,200,8680.643971
1016.069787,200,8713.626769
1171.240382,200,8738.788752
1141.160675,200,8764.485402
1141.191952,200,8797.887017
1141.386508,200,8822.184067
1120.747484,200,8836.486898
1141.181867,200,8853.218592
1171.191191,200,8854.700497
402.781445,200,8898.54946
950.616389,200,8909.676811
1171.459026,200,8938.65135
1131.119128,200,8984.341038
1181.072479,200,8995.376071
1150.942072,200,9024.098976
1105.995748,200,9056.982566
535.150924,140,9070.538386
1035.893448,200,9094.154083
824.497863,170,9127.45322
1135.970974,200,9155.36874
1131.039671,200,9167.47991
1181.316861,200,9197.175903
1045.784754,200,9198.678988
81.911906,83,9216.726837
1035.782419,200,9245.134222
1156.344602,200,9268.373214
1106.102736,200,9302.45068
1146.482746,200,9330.642888
1136.390979,200,9341.634915
1126.050043,200,9387.334197
1166.36104,200,9403.118184
1181.28679,200,9425.003427
1181.457179,200,9472.170386
1126.089533,200,9487.279785
1166.238551,200,9509.80561
1020.829612,200,9526.83484
1171.277336,200,9528.422369
1181.335729,200,9529.912132
50.742144,49,9561.058311
1166.259763,200,9573.795382
1161.145706,200,9598.563979
440.186151,156,9613.507663
1131.300612,200,9661.003639
1166.414556,200,9670.313559
1116.00517,200,9698.244854
1146.437854,200,9732.245885
1151.354864,200,9756.037774
1071.140865,200,9770.663955
174.166971,47,9784.958477
1136.173367,200,9818.011141
1141.188138,200,9841.966649
1096.210592,200,9869.864256
1156.27247,200,9871.686236
1146.19503,200,9873.172656
392.507447,200,9905.174084
1090.73019,200,9927.849435
1106.20138,200,9955.053178
1086.121956,200,9987.785478
1101.301278,200,10013.147342
1176.438044,200,10024.858792
1131.053144,200,10072.160043
662.512527,132,10086.802812
1141.290472,200,10098.823865
1151.274564,200,10144.068141
1116.172713,200,10171.561959
158.007352,51,10171.940415
1156.435845,200,10195.534335
175.97788,49,10195.96483
1171.482634,200,10197.962617
1181.370597,200,10199.446127
362.663151,200,10247.986079
1111.247963,200,10268.904792
1176.230945,200,10285.40714
687.675811,142,10318.444653
1166.264052,200,10343.814464
857.487767,194,10355.556781
1136.126398,200,10403.26905
1181.494926,200,10419.844013
675.822835,130,10431.628795
1171.247041,200,10456.415677
1101.096956,200,10504.56039
1176.496801,200,10517.51804
1115.963024,200,10542.637366
1076.103509,200,10544.381287
1186.420118,200,10545.855553
62.062685,56,10563.686139
1030.903487,200,10591.397469
1155.907055,200,10615.031254
1186.322211,200,10647.657516
151.676098,39,10647.985409
805.558077,166,10678.246788
133.264347,57,106781156.25541141.06732,200,10702.1146.2991116.051533,200,107351156.18071115.974122,200,107651116.1973980.915487,200,10778.1106.2591091.142013,200,10820.1061.061056.117699,200,10849.079847
1005.932586,200,10860.84567
1181.573437,200,10875.592574
1176.346209,200,10877.083577
1066.074559,200,10924.282006
1166.112589,200,10946.171956
1116.386083,200,10961.260603
960.877262,200,11008.497411
1181.41872,200,11022.225582
1081.142344,200,11046.242172
1151.408353,200,11079.812421
1186.401247,200,11107.51023
1081.097751,200,11131.249019
1151.285907,200,11164.275591
1166.19328,200,11193.155107
1176.44528,200,11203.108368
1181.414699,200,11219.522561
1181.32761,200,11221.031006
387.93964,200,11266.164266
1096.043888,200,11280.982754
1181.339806,200,11304.188455
1100.666709,200,11337.948645
1166.231035,200,11366.45276
1126.243525,200,11377.1089
1171.4019,200,11422.218881
990.795303,200,11451.668794
1076.026964,200,11462.077094
1156.124953,200,11507.247683
1181.263712,200,11523.333924
1111.232593,200,11546.783717
1136.465316,200,11561.491061
1181.410869,200,11563.031497
261.220266,195,11596.434991
1181.446748,200,11623.080977
1156.375888,200,11637.210434
1181.352537,200,11683.45058
1186.319459,200,11696.857174
184.054207,52,11707.650676
1106.417252,200,11722.028909
1176.525706,200,11769.729999
1076.071446,200,11783.890223
155.622913,38,11794.677967
1146.35627,200,11825.847648
1186.463504,200,11855.931694
1176.226336,200,11869.376717
1181.487971,200,11893.911626
1126.077006,200,111176.393213,1136.267698,200,11896.94251
63.531031,68,11928.884915
1141.43054,200,11944.749075
1141.197962,200,11969.44226
1126.198981,200,12001.224169
1156.223049,200,12031.675014
1010.698101,200,12044.723181
1096.229653,200,12087.757203
1136.267452,200,12117.720851
1161.330691,200,12131.170687
970.908871,200,12155.324196
1045.792568,200,12188.715342
950.433917,200,12216.873981
1181.475399,200,12228.83692
1181.567811,200,11171.558974,21176.347995,200,12244.658194
402.613019,200,1353.085863,201186.631449,200,12303.638827
1025.965137,200,12317.655664
965.854458,200,11126.169143,21056.179633,200,12377.083042
1141.275834,200,12405.285041
1166.299667,200,12450.886862
1095.842539,200,12464.093628
1126.282661,200,12489.904974
1106.445891,200,12522.844953
1166.439149,200,12549.439616
1111.095847,200,12561.996676
1181.34795,200,12577.782364
1181.240636,200,12579.287967
75.097791,76,248.348772,1371146.348858,2001176.297428,2001105.982903,200840.354897,200,1191.523237,201151.255977,200,1141.364801,200,12711.760762
845.305174,200,12736.320024
1116.100726,200,12769.286712
1161.336932,200,12798.134555
144.630792,31181.406348,200,1181.208462,201151.490226,200,1151.269811,200,12855.313066
1166.46838,200,12884.290821
1146.37663,200,12898.258992
1161.397019,200,12926.776221
1166.229035,200,12928.255454
90.34366,82,12946.317186
153.309712,41,12960.685201
935.633635,200,12973.588336
1176.536242,200,12999.60538
1171.461105,200,13031.717703
1166.339124,200,13059.237647
1151.39913,200,13074.428787
1161.120071,200,13119.042894
1096.076448,200,13146.073787
1186.511706,200,13159.187638
1131.21363,200,13204.886796
1186.496151,200,13218.622546
1066.082704,200,13246.243251
1186.366375,200,13262.691227
1146.305434,200,13264.205049
1095.800572,200,13306.682512
1181.423688,200,13322.931062
608.023612,148,13335.063973
1096.291738,200,13380.669641
1136.184938,200,13407.825703
1045.975176,200,13421.406557
1076.101283,200,13466.798985
1161.17705,200,13479.67248
1186.649769,200,13507.105358
1181.558233,200,13539.81215
1166.346433,200,13566.555632
1111.360004,200,13593.389302
1191.413635,200,13609.541153
1171.488596,200,13611.072062
403.084352,200,13640.516281
1050.981852,200,13668.506759
1145.98676,200,13682.020123
1171.45369,200,13725.122616
1151.183653,200,13754.978216
1085.75076,200,13768.300247
1171.386236,200,13811.121738
1186.414039,200,13827.332133
1166.21833,200,13854.454382
1151.549507,200,13885.071682
1086.114448,200,13913.94006
157.58548,77,13926.482752
1156.317406,200,13941.607792
1140.949725,200,13943.237055
1186.224042,200,13944.713721
357.803414,200,13986.844291
995.768434,200,14003.115883
1166.404125,200,14029.307013
243.471294,78,14058.046389
1040.91251,200,14073.911271
1060.984854,200,14102.411034
573.434945,179,14133.681965
1171.381768,200,14161.590307
1176.62953,200,14177.02509
1141.216699,200,14204.147486
1121.144069,200,14233.427066
1181.472793,200,14264.155714
1181.493878,200,14277.018736
1171.564327,200,14293.013749
1146.352672,200,14294.507578
404.068894,200,14323.222501
1151.289891,200,14352.29508
1156.309665,200,14365.489183
958.508918,199,14408.117456
1065.915228,200,14437.210979
1131.158684,200,14451.065322
1186.441092,200,14493.897296
1166.305138,200,14510.131819
1091.058277,200,14536.610015
1141.341502,200,14566.077965
645.926148,167,14595.477209
1141.26755,200,14608.300965
1176.312187,200,14625.075884
1171.016161,200,14626.603448
388.125623,200,14669.055023
1181.31694,200,14684.189517
1126.317167,200,14711.07879
667.622956,158,14740.235327
1176.342699,200,14770.144403
1166.376325,200,14782.979533
1091.088924,200,14826.251434
1146.208857,200,14855.261923
1156.174948,200,14868.278406
1126.34158,200,14912.170406
1166.340127,200,14927.624556
985.81465,200,14954.850598
1161.552089,200,14971.526176
1166.326153,200,14973.113836
287.746794,200,15002.113159
985.778055,200,15029.997562
1061.12333,200,15056.382138
1106.335956,200,15087.412302
1181.143339,200,15115.44268
1111.062311,200,15129.676445
1121.391867,200,15172.490465
1166.448733,200,15189.27735
1156.484164,200,15214.410809
364.594158,104,15243.954826
1171.541996,200,15259.063158
1115.83406,200,15289.018136
1176.473916,200,15302.086673
1171.374828,200,15303.669
403.355021,200,15347.000752
1171.604372,200,15374.671803
1176.511473,200,15389.811444
1171.519838,200,15433.363839
1176.403733,200,15448.731278
1156.272423,200,15476.054557
1156.330316,200,15507.274604
1186.651154,200,15534.081612
1076.248973,200,15549.490778
1186.603648,200,15593.058544
524.27099,130,15609.216517
1181.406996,200,15635.091783
1176.281877,200,15652.764847
1186.549831,200,15654.125152
1101.213141,200,15682.775053
1176.488677,200,15709.207743
1121.17946,200,15737.483078
1166.421276,200,15768.027631
1136.243403,200,15795.069088
1171.579713,200,15810.489242
1176.463201,200,15854.562982
1096.179686,200,15869.533945
1146.296475,200,15896.294141
1166.324938,200,15940.226695
1141.475655,200,15956.157807
1120.962502,200,15981.448881
1126.296745,200,15983.497993
1121.104414,200,15984.956388
329.693428,193,16028.595853
1181.55272,200,16054.42847
1080.877822,200,16069.77839
925.688823,200,16113.708631
1075.993733,200,16127.640462
1176.369746,200,16155.833544
985.916908,200,16186.961432
1181.454175,200,16213.000515
1176.525255,200,16229.431235
1156.443044,200,16272.908767
1191.322367,200,16299.326524
1196.646009,200,16314.988739
1176.185443,200,16331.041829
1191.668724,200,16332.401716
412.094603,200,16375.39293
1096.325994,200,16388.116603
1121.233421,200,16416.409729
1141.290376,200,16448.136492
1176.636729,200,16474.747838
1171.290675,200,16490.408182
1131.215445,200,16534.020251
1186.715222,200,16548.321668
1176.475412,200,16573.659201
1166.714653,200,16619.188268
1156.777968,200,16633.256892
1181.349016,200,16659.413606
1186.77773,200,16673.817325
1176.500883,200,16675.310906
139.698416,97,16693.579832
1186.698771,200,16721.439846
1196.406687,200,16733.610803
1166.33767,200,16777.929519
164.551156,42,16778.281125
1181.507088,200,16804.698766
1181.659383,200,16820.748807
1166.473261,200,16863.741516
721.059808,135,16877.817783
1181.639652,200,16905.377191
598.652079,150,16917.853738
1161.438141,200,16949.903394
1106.33553,200,16975.577966
1036.088408,200,16992.232389
1166.650312,200,17006.079748
1196.864826,200,17007.4331
347.763404,200,17050.492858
1151.585584,200,17064.587986
1186.562451,200,17091.727039
1136.514408,200,17124.458199
1176.596054,200,17150.410335
808.87005,169,17166.695778
1181.643472,200,17209.44045
1146.191243,200,17224.265475
1131.608557,200,17251.645831
1136.474739,200,17282.352256
1176.23309,200,17310.174234
1196.674554,200,17335.625615
1196.624372,200,17351.541424
1196.695192,200,17353.021968
363.131103,200,17385.260367
1186.879562,200,17409.904372
681.65246,152,17423.560939
1171.61537,200,17456.141817
1196.658125,200,17482.567418
1176.336281,200,17509.557148
1181.548826,200,17541.797577
1196.634002,200,17568.309854
1186.352406,200,17584.314954
1141.474133,200,17628.30337
1196.328566,200,17641.744937
1191.355523,200,17670.809974
1196.546513,200,17684.560517
1191.649,200,17685.910048
99.124618,101,17717.117382
1091.114727,200,17730.225759
1170.983127,200,17758.489192
1186.221323,200,17803.406769
1196.540379,200,17816.454175
174.336747,47,17829.734986
1106.231744,200,17845.115621
1196.502913,200,17888.839659
1196.605268,200,17902.559866
1176.547776,200,17930.738212
1196.439797,200,17961.486544
1056.508274,200,17988.382706
1176.353713,200,18003.120025
1196.531744,200,18031.386706
1181.340524,200,18032.88339
985.608901,200,18064.361012
1191.399236,200,18088.321976
1196.435249,200,18103.522184
1196.393679,200,18150.239206
1161.600763,200,18164.061152
735.093486,134,18187.676171
980.999804,200,18220.938617
1101.551332,200,18247.126096
1121.099127,200,18262.153353
1161.139115,200,18306.590458
1176.371781,200,18320.137886
1196.722937,200,18347.275907
1171.707518,200,18362.038257
1196.416023,200,18363.523869
104.116285,69,18394.939193
1196.574492,200,18407.206266
1171.569131,200,18435.145606
1191.573254,200,18465.716167
1196.73796,200,18494.151444
1196.550929,200,18520.537812
1191.618968,200,18551.976546
118.134632,68,18566.180558
814.848434,200,18580.165574
1176.78405,200,18606.85213
1186.528222,200,18638.263801
1196.544171,200,18665.291217
1126.252807,200,18680.278253
1196.565382,200,18706.798846
1136.249834,200,18708.296074
108.98383,86,18726.409206
1171.240597,200,18754.421389
1196.749646,200,18778.046237
163.46082,41,18778.384856
1196.60295,200,18811.828613
1196.703596,200,18839.384943
1196.353326,200,18862.650724
1151.133374,200,18896.371938
1171.28954,200,18921.816105
1111.273811,200,18936.749079
1166.536229,200,18981.04224
1191.515078,200,18996.1799
779.7903,144,19008.854917
199.147666,52,19021.71867
1196.507485,200,19037.716463
1121.077377,200,19039.201769
413.058433,200,19082.314365
1055.894565,200,19096.803719
1156.288511,200,19122.893837
1196.307281,200,19156.179446
1181.439404,200,19181.783269
1191.630962,200,19208.140394
1136.368323,200,19241.364862
160.015294,74,19254.368832
1131.332567,200,19268.386653
1176.435951,200,19294.655275
1176.362424,200,19327.783371
1176.448717,200,19354.44887
1196.583089,200,19380.519031
1181.513079,200,19382.184855
1166.408822,200,19383.660806
423.089738,200,19415.773391
798.345281,153,19437.190921
970.748846,200,19452.953044
1176.243216,200,19493.126607
1145.767984,200,19510.031889
1196.593763,200,19530.694981
1186.274472,200,19564.408895
1196.409578,200,19593.610224
1196.205788,200,19606.973119
1181.192504,200,19648.594124
1151.383713,200,19676.666106
914.400522,180,19690.361843
1196.373886,200,19705.164051
1186.365002,200,19706.646183
418.004035,200,19751.518057
1146.340233,200,19765.848613
1161.159825,200,19789.936706
1196.393397,200,19836.380666
1181.472922,200,19850.141731
828.097263,158,19862.801859
162.67351,72,19875.483284
1196.479174,200,19907.683631
1151.214238,200,19936.571718
1196.453019,200,19960.627352
1015.698196,200,19993.577138
564.705407,161,20009.246856
1116.290242,200,20034.720005
1176.508079,200,20048.857898
1161.45751,200,20050.338219
452.470974,143,20081.037414
1196.47353,200,20108.923356
1156.170077,200,20121.429031
1196.456645,200,20166.256004
1126.03306,200,20182.335207
1181.2211,200,20204.146846
1181.321609,200,20237.100236
822.239731,157,20266.53444
1116.259733,200,20281.324893
258.380691,72,20290.711253
1056.029995,200,20321.544054
1181.299271,200,20350.840484
1196.291395,200,20363.72227
1196.377181,200,20376.853343
1196.630682,200,20378.325557
201.91215,190,20423.099369
955.505092,200,20439.995255
980.660506,200,20459.687904
1051.035184,200,20506.57357
945.514882,200,20522.850928
1086.167013,200,20545.103565
1166.138022,200,20577.724003
1161.188358,200,20607.405924
1055.893533,200,20621.341768
1186.46445,200,20661.855319
1116.479316,200,20678.246777
1196.368326,200,20706.209512
1196.370051,200,20717.394573
1176.368064,200,20718.832041
272.571227,200,20750.903528
1181.43835,200,20779.70654
1196.564925,200,20802.048461
1186.606871,200,20833.910689
1156.12363,200,20864.044535
1176.34812,200,20877.577142
1085.887084,200,20920.531946
1166.341698,200,20936.798975
1196.558207,200,20963.196648
1176.423015,200,21006.495939
1091.034295,200,21022.239285
1196.441542,200,21049.499447
1176.26101,200,21051.550247
1196.611435,200,21052.901194
257.543039,200,21095.891152
1196.435271,200,21123.856277
197.089141,97,21124.662457
1091.216598,200,21166.685494
1126.276714,200,21182.011655
1115.943539,200,21211.021343
1111.356868,200,21251.153374
1141.051798,200,21267.219177
1191.259215,200,21294.334507
1196.59413,200,21321.807116
1156.001249,200,21351.863296
1196.226966,200,21367.343584
1166.186246,200,21392.346591
1181.45701,200,21393.67187
1196.365236,200,21395.018098
714.180808,200,21438.569222
1165.925324,200,21454.994014
1151.100041,200,21480.098737
1196.392362,200,21511.219714
1181.589431,200,21541.348227
1196.501525,200,21554.861279
1176.439961,200,21597.258814
1191.275623,200,21613.62585
177.309575,45,21626.247775
1196.734867,200,21640.430327
649.133152,154,21684.334378
1181.251173,200,21699.649465
1050.798685,200,21727.203197
1196.315233,200,21729.1176.4771186.653985,200,21731.062547
398.079302,200,21773.430271
1196.088241,200,21801.195204
1166.270906,200,21813.856941
694.805203,129,21845.1166.4301156.21451,200,21873.0838.158215.93056,59,21873.5051196.1186.53513,200,21901.37941146.465879,200,21931.192339
1196.439084,200,21959.240748
950.749189,200,21973.242717
1681181.153422,200,21987.908748.750491,138,22016.950301
1176.469767,200,22033.356799
1181.50444,200,22059.560095
1176.1151.261872,200,22076.365255.01181.203393,200,22077.72331.23267.589531,200,22122.876434
1166.458299,200,22135.356176
1196.453869,200,22163.347481
1125.831949,200,22194.305657
1141.449028,200,22222.125534
1176.210224,200,22237.151526
1186.231712,200,22280.622465
639.227338,156,22296.383244
1156.268257,200,22322.944926
224.459922,68,223231105.7665557.778762,170,22367.1181.5921161.022225,200,22380.1141.021126.334406,200,224091080.562011,200,22409.449225
1196.31181.321711,200,22424.68246.121196.391758,200,22426.1478.661418.41319,200,22455.2720.866733.73705,169,22469.831100.81166.301362,200,22499.431156.4837.546882,178,22529.89598.991126.442344,200,22555.31181.061186.187969,200,22584.41181.381186.355419,200,22614.861.79921196.547762,200,226411176.0491126.17207,200,22657.81196.081151.317819,200,22701.1185.895970.701125,200,22714.51025.72204.910026,58,22729.2011086.1166.414866,200,22744.2431196.1196.310467,200,22759.507288.01196.166769,200,22760.8408.101972,200,22800.623158
890.093488,200,22817.200548
1196.068697,200,22845.16316
1086.040546,200,22875.218987
1141.184054,200,22902.130229
1166.153746,200,22918.045534
1176.477253,200,22960.680561
1186.346273,200,22987.836618
673.52908,128,23003.390427
1181.250759,200,23031.724657
1161.135213,200,23060.554852
920.654053,200,23076.236789
1151.19985,200,23105.595538
257.992136,200,23106.947418
97.818485,95,23121.382337
1171.430867,200,23150.020556
1156.099694,200,23166.226118
1166.334015,200,23207.696229
736.372993,146,23221.827845
1106.474776,200,23251.681906
1020.861954,200,23267.200277
1171.325418,200,23307.862326
1186.571487,200,23323.531085
1151.181024,200,23351.534265
1050.915513,200,23393.684436
1106.302557,200,23410.216307
1176.388784,200,23438.133884
1196.267459,200,23439.988799
232.943522,134,23440.959887
373.280367,200,23468.436675
1181.214117,200,23497.842203
1196.335169,200,23514.493297
1196.035052,200,23553.535438
1186.471931,200,23569.985169
1186.40001,200,23599.721161
825.139106,200,23639.379034
1161.301233,200,23655.694038
1146.259044,200,23685.635174
1176.469735,200,23713.757466
1171.575905,200,23742.65348
1191.438458,200,23758.960844
1196.604508,200,23785.765396
293.053433,200,23787.007607
377.829457,200,23816.867287
1151.261187,200,23846.410962
1196.534927,200,23862.802547
1146.408683,200,23901.471354
1171.45224,200,23917.684863
885.429425,200,23947.089796
1161.327384,200,23987.751015
1171.291114,200,24003.28934
1191.393774,200,24031.621207
1186.751938,200,24060.401277
784.66172,144,24076.324166
1186.510593,200,24106.251256
1196.380814,200,24120.763976
292.973921,200,24122.107365
91.149596,93,24149.822485
1196.405039,200,24180.130319
1196.309461,200,24196.366383
1191.204501,200,24236.589638
1196.373479,200,24252.930707
182.229982,45,24267.916406
1161.519049,200,24282.945484
1136.010262,200,24323.89903
1196.644576,200,24339.850065
1161.305252,200,24370.615314
1171.411015,200,24397.171082
1166.568807,200,24427.825045
673.88475,133,24443.57831
1191.417713,200,24468.028026
1176.352447,200,24469.396547
277.808743,200,24470.625374
99.442598,98,24500.904642
1171.525569,200,24517.319459
1141.26526,200,24546.589979
262.57754,66,24547.337228
1126.005668,200,24587.240536
1196.596299,200,24602.780569
1181.400725,200,24632.84282
601.789035,126,24657.594667
1166.348968,200,24673.430598
1136.06979,200,24703.63279
1186.368126,200,24743.284946
1176.141114,200,24759.380582
1106.103111,200,24789.292653
1156.193844,200,24803.846685
1105.996809,200,24805.24477
297.982624,200,24806.59324
372.584225,200,24846.757985
1171.509028,200,24863.673902
1116.040824,200,24890.658536
1196.211441,200,24932.551629
1181.243116,200,24949.111264
1151.265312,200,24977.399127
1116.218217,200,25005.380832
1196.411018,200,25035.057761
1151.052261,200,25051.421737
1191.249704,200,25091.682051
1196.495828,200,25108.060903
1151.280507,200,25137.342821
218.958547,57,25137.813915
1196.286803,200,25152.831502
247.883036,200,25154.113416
413.126603,200,25180.783624
1161.270574,200,25210.049343
1176.256902,200,25227.325736
1196.365547,200,25264.933632
1146.131258,200,25294.934612
1196.353681,200,25310.725955
1065.867118,200,25350.326319
1166.12443,200,25366.303506
1186.374317,200,25396.126924
1171.209876,200,25421.954498
1156.119397,200,25451.869056
940.53114,200,25481.255911
1196.339761,200,25483.318404
247.703068,200,25484.674174
398.235242,200,25524.689898
1041.072943,200,25541.390826
1136.198069,200,25569.488968
1196.072791,200,25610.181043
1000.923745,200,25626.785065
1156.481123,200,25655.534629
1176.515105,200,25683.789537
1176.441891,200,25713.400487
1191.38012,200,25729.741652
1196.519924,200,25770.475406
1141.159943,200,25800.175772
185.923514,102,25801.031214
1196.419189,200,25832.441064
247.599874,200,25833.671758
75.201018,76,25847.233683
1151.159959,200,25876.791439
1040.7044,200,25905.884608
1186.42649,200,25930.010041
1151.426775,200,25960.7149
1196.337111,200,25975.902886
1196.512744,200,26016.74801
1171.294067,200,26032.05725
1196.551181,200,26062.9335
1115.920595,200,26102.976527
1096.195434,200,26118.438885
337.476242,178,26134.407433
1090.933528,200,26164.732159
1146.056545,200,26166.378834
252.672274,200,26167.725208
193.705988,198,26207.525747
1151.179289,200,26236.532696
1196.615083,200,26251.442762
900.193663,200,26292.299271
373.707841,77,26292.953488
1125.957453,200,26324.324548
1186.379431,200,26349.440106
1171.203815,200,26380.330339
1166.221093,200,26395.208767
1015.555436,200,26425.308861
1196.417907,200,26466.980439
763.399706,143,26481.540215
1181.276187,200,26498.006228
1196.17491,200,26513.292049
262.864389,200,26514.523569
332.669115,200,26542.528215
239.599808,106,26556.029168
1186.258437,200,26587.785803
1196.378172,200,26612.95343
1106.382079,200,26643.531821
1186.115504,200,26671.82863
1186.379304,200,26700.591614
1186.137464,200,26731.300669
1191.123152,200,26747.754579
1096.066702,200,26788.291557
1136.100995,200,26803.97304
1106.15692,200,26834.030111
913.577517,179,26848.556356
247.674252,200,26850.061104
422.842801,200,26892.476702
1146.094826,200,26908.180003
1166.080679,200,26934.963737
1196.440067,200,26978.109262
1166.133023,200,26994.54226
1191.542377,200,27020.347422
1151.015976,200,27050.706189
1120.892944,200,27080.401672
1196.306723,200,27095.319067
1121.072479,200,27136.959409
1121.189533,200,27152.214111
183.345402,46,27167.083353
1186.279425,200,27181.683275
778.746078,164,27195.935361
247.811864,200,27197.285846
148.093582,96,27212.478723
1080.666248,200,27242.284155
1196.176548,200,27269.98605
1181.163169,200,27297.747143
1016.023287,200,27328.234817
1176.172863,200,27341.7443
1196.538741,200,27385.069719
1196.514474,200,27401.469152
1186.620772,200,27428.181065
1196.396851,200,27458.118848
1161.332303,200,27487.695303
1050.623149,200,27514.709963
1196.4829,200,27530.61775
1196.495235,200,27547.295583
247.487546,200,27548.742623
402.908222,200,27578.75796
1176.2219,200,27604.824579
1191.140542,200,27620.880278
1186.504926,200,27663.962795
1160.989104,200,27678.400689
1186.456602,200,27706.824632
1161.067846,200,27736.265309
1196.45742,200,27765.097566
1176.151167,200,27793.121121
1196.426824,200,27823.211502
1140.931813,200,27850.733467
1196.434142,200,27866.649288
1141.137485,200,27882.259344
247.721692,200,27883.729937
418.434229,200,27927.205933
1156.341835,200,27940.587108
1131.21343,200,27970.267995
1196.418109,200,28000.420208
1191.470986,200,28027.053176
1181.007966,200,28042.41386
1191.189041,200,28084.898734
1091.142731,200,28113.187088
1151.177449,200,28129.797714
1196.691892,200,28170.313163
1196.642429,200,28186.094175
1106.41366,200,28215.899611
1196.565502,200,28232.414636
297.911228,200,28233.762807
402.939839,200,28260.631033
1096.108866,200,28289.565849
1191.323338,200,28305.966308
1191.543996,200,28345.761325
1186.481192,200,28362.595731
1196.33003,200,28392.881858
1176.182193,200,28433.854904
1196.328884,200,28449.519654
1136.133125,200,28480.052946
1161.06781,200,28508.970601
915.574505,200,28536.791748
1176.24974,200,28553.584547
1196.580718,200,28569.788721
247.689884,200,28571.131599
186.333591,175,28598.070539
1106.044308,200,28626.259516
1196.628669,200,28655.569846
1171.320793,200,28683.568817
1196.2636,200,28712.512148
1196.564415,200,28728.933433
1196.446784,200,28769.885663
1166.304095,200,28786.39295
709.937452,134,28801.182523
1086.084192,200,28843.077885
153.768141,36,28843.373571
1161.154555,200,28872.951338
1196.69276,200,28889.20347
1196.429429,200,28919.991215
267.871615,200,28921.508277
433.039265,200,28947.584843
1196.571318,200,28976.514439
1191.428171,200,28993.669605
1191.460302,200,29033.763072
1196.409404,200,29050.13724
539.065416,166,29079.607761
1161.081561,200,29105.611743
1191.38621,200,29134.532752
1196.458708,200,29151.01078
1196.176032,200,29192.076569
183.487208,46,29192.458471
680.918789,130,29207.651645
1181.272589,200,29237.972055
1151.370261,200,29254.942177
263.937836,192,29256.24258
1116.143749,200,29295.630088
1196.333528,200,29312.387238
1050.751124,200,29341.504465
1085.871766,200,29368.507889
1181.326287,200,29397.89271
1106.34181,200,29414.175522
1105.884218,200,29454.140538
918.954233,174,29470.831315
1196.212966,200,29500.473797
1191.489497,200,29540.905145
188.53163,46,29541.316317
1111.18716,200,29558.011779
1176.31925,200,29587.99844
1171.276452,200,29604.47982
263.021929,191,29605.837357
384.940918,162,29632.778103
1191.456603,200,29648.860814
1146.189597,200,29678.761559
1181.450145,200,29718.475029
1186.429048,200,29734.283808
1196.529186,200,29763.880041
1171.233398,200,29789.590669
1151.199205,200,29818.833937
665.919239,130,29834.617184
1196.477182,200,29863.275116
1191.404275,200,29891.338936
1131.047401,200,29920.878553
1196.365115,200,29936.60462
1196.478208,200,29938.050946
254.727377,198,29939.394179
227.830779,142,29966.482122
1191.402914,200,29995.973258
1191.357101,200,30011.950295
1131.066213,200,30052.428571
1191.46766,200,30081.829906
1091.093866,200,30097.749991
965.240132,200,30137.980364
1196.446359,200,30153.753907
702.711667,132,30168.959607
1070.983073,200,30196.10716
1181.334718,200,30224.609483
1181.260346,200,30254.696024
1196.457038,200,30281.92639
1191.4644,200,30283.308407
220.818632,131,30284.110708
305.237127,193,30312.597852
1176.48594,200,30328.813589
1196.532717,200,30358.049884
1196.403098,200,30384.930076
1196.417963,200,30414.527835
991.035943,200,30444.486148
1181.22012,200,30470.184082
758.433709,153,30486.400593
1131.154927,200,30515.896884
1176.378552,200,30544.886098
1196.485184,200,30572.19703
965.656691,200,30601.386191
1196.422456,200,30617.208694
1196.120675,200,30618.695139
292.905376,196,30620.160995
1191.151739,200,30659.942356
1196.199954,200,30676.413184
1196.391234,200,30703.923753
1131.095926,200,30745.775873
990.77666,200,30761.510565
702.038438,131,30777.34612
1196.544159,200,30817.60991
1171.344942,200,30834.163922
1186.125552,200,30863.496089
1196.263963,200,30891.131345
1155.99269,200,30919.954936
1191.220505,200,30936.902635
1191.177123,200,30963.972512
293.139649,191,30965.225577
1085.911579,200,30993.289746
1196.503871,200,31022.664954
1196.480699,200,31039.171694
1186.563454,200,31078.219976
1196.387041,200,31108.279696
1186.23197,200,31123.978781
1166.210708,200,31164.388981
1196.507904,200,31180.524681
1191.335163,200,31210.687243
1196.219684,200,31237.362461
1196.393186,200,31266.747036
1196.523848,200,31296.51825
424.461811,93,31297.335277
1176.27993,200,31299.071334
296.677996,200,31300.510777
68.987785,64,31327.959596
1191.477375,200,31343.90666
1196.418726,200,31373.355734
1196.275854,200,31413.988867
1196.220774,200,31430.102303
1196.486376,200,31459.693547
1186.339629,200,31486.61921
1181.514837,200,31516.34841
254.850891,63,31516.881402
1156.304956,200,31546.987473
1176.324035,200,31574.039642
1196.591529,200,31603.034368
1196.619013,200,31632.701124
1196.604001,200,31645.577514
287.963561,191,31646.755546
1146.2578,200,31676.794677
1166.386918,200,31705.257248
1021.1425,200,31730.313909
1191.706863,200,31760.593307
1186.269115,200,31789.660246
1196.457379,200,31805.124013
1126.042567,200,31845.994035
1171.397086,200,31862.199814
1166.425651,200,31890.270599
189.462451,47,31890.633686
1176.300414,200,31933.000705
1196.423995,200,31947.910341
1191.258144,200,31976.53339
1191.38585,200,31978.3007
291.079393,189,31979.573042
169.658665,74,32006.371272
1186.405754,200,32020.795236
1196.497577,200,32052.448347
1176.359214,200,32091.526195
1045.84954,200,32106.675334
1196.423081,200,32137.284034
1191.122258,200,32163.241726
1156.380768,200,32193.905003
1196.391439,200,32208.721995
1181.169402,200,32236.695763
1196.204971,200,32279.278623
1176.531898,200,32294.928196
1161.292369,200,32322.639065
1196.550448,200,32324.06511
292.772436,200,32325.305569
175.662401,162,32353.721428
1191.509476,200,32384.593947
1191.510495,200,32397.568749
1196.388881,200,32440.524217
1161.37814,200,32456.053651
1191.460849,200,32482.806379
1196.591186,200,32526.506391
1196.637516,200,32541.745103
1196.555827,200,32568.625748
1191.572583,200,32598.315668
1181.535061,200,32628.734854
181.533612,44,32629.108602
1181.40115,200,32656.426919
1191.560901,200,32658.563006
212.913216,112,32659.386132
205.953044,110,32688.140406
1171.412829,200,32705.091146
1176.446237,200,32732.120513
1186.410034,200,32747.000859
1146.348646,200,32791.242585
1196.608676,200,32808.383736
1171.449132,200,32833.248927
1186.285514,200,32877.155075
1156.217795,200,32893.158413
1146.239277,200,32918.371125
1176.497487,200,32949.824424
1191.660889,200,32978.949461
182.316561,45,32979.294557
1181.461416,200,33005.299447
734.671852,200,33006.87411
186.538989,94,33007.566259
188.788149,102,33008.381196.41191.510773,200,33052.516846
1191.708735,200,33067.437798
184.049367,47,33067.800975
1181.592561,200,33108.649929
1131.223085,200,33138.007096
1196.760167,200,33150.641861
1196.478144,200,33180.369463
1171.43626,200,33209.980867
1186.39872,200,33235.929952
1141.477783,200,33252.436561
1196.442858,200,33296.00436
1186.639396,200,33322.738518
1176.416394,200,33338.000469
1176.196922,2001181.256558,200205.469054,104,205.469054,11188.712736,102,3188.753506,181111.20845,200,31181.2061171.860.247607,200,33412.828311961156.569003,200,31126.166217,21196.376453,200,31136.088251,970.855638,200,33485.990532
1146.195543,200,33513.948599
847.168191,167,33545.565938
1135.934043,200,33571.502803
1015.849359,200,33587.669979
1191.495563,200,33631.25039
1156.115481,200,33656.805479
1136.10843,200,33673.169342
1196.676367,200,33689.116129
302.837103,200,33690.469939
89.923862,76,33719.81385
501.472417,168,33733.836819
1196.351811,200,33762.007577
1191.349082,200,33791.664601
1040.738767,200,33818.152626
171.085828,44,33818.536467
1191.316621,200,33849.200793
220.34248,64,331186.342269,1035.858786,200,331196.329929,1176.295117,200,331156.480138,1171.225266,200,331180.956092,1196.467148,200,331186.442204,1186.37867,200,3391186.447333,200,34008.248249
1196.514731,200,34023.899767
1191.48171191.416246,200,34038292.647482921176.088849,200,83.517944,86,3164.478737,168,34068.1186.1881076.052775,200,34083.1135.9921196.261823,200,34114.1196.429552.163761,178,34141.91186.411196.503307,200,34170.31091.031196.526771,200,34199.91171.101131.084145,200,34226.91186.501101.111941,200,34254.91060.725352,2001175.992804,2001151.226141,200,34283.809214
1156.134196,200,34324.461435
549.646313,164,34339.743618
1196.460269,200,34369.196593
1196.424594,200,34371.002646
297.81196.24088,200,34374.13171.45377.500562,200,34415.91196.421196.539892,200,34432.61155.961176.289521,200,34460.91171.301186.101134,200,34488.41196.391196.479437,200,34517.71196.261156.219888,200,34546.01196.21995.854466,200,34574.591151.21020.829157,200,34604.051136.31181.551208,200,34620.501181.31196.33857,200,34660.4401166.1176.363459,200,34676.6981030.1126.050431,200,34705.9941156.1176.043524,200,34721.586934
1196.218625,200,34723.04298.15126.054426,60,34736.1106.631148.225641,88,34753671176.321191.343438,200,34711611171.211191.418926,200,34711761196.61196.521191,200,3481181.940.1191.483216,200,34852.4211161.1161.245631,200,34883.141000.9993.625044,199,34908.1541191.1196.138949,200,34938.21911961196.412868,200,34953.59611311161.305896,200,34994.9701151.1146.424402,200,35010.0251196686.317963,188,35039.779882271196.394967,200,35055.001163
1125.831289,200,35056.341779
121.914034,95,35083.698807
1146.329078,200,35114.753708
1186.231808,200,35130.637275
1176.287238,200,35170.35275
697.115867,147,35186.544869
1196.493826,200,35202.170146
1196.46726,200,35227.750557
1196.216686,200,35257.854717
1151.219599,200,35287.63725
1196.414698,200,35313.449032
1026.220098,200,35342.624257
850.204396,200,35372.650525
1146.410044,200,35388.5453
1196.461626,200,35400.339621
1196.533556,200,35401.431.8274112.478269,118,35431.357079
1156.23036,200,35446.616567
500.067973,125,35461111.39435885.377271,200,355011156.5236960.77299,200,35517.91186.58780.885691,166,35547.219686
1176.199034,200,35563.503494
1176.154373,200,35603.204755
1176.337944,200,35619.215872
1096.029226,200,35648.325226
1105.911642,200,35675.255002
733.221189,148,35703.91196.27762.756159,163,35719.601181.41196.517108,200,35734.689744
749.010753,159,35735.758372.2168.650544,150,35763.5441176.1181.424567,200,35795.3121186.1181.374554,200,35822.451146.51181.55336,200,35851.641166.71066.461071,200,35881.301025.81191.493043,200,35897.041191.31196.363326,200,35937.541191.1191.529978,200,35952.2451181.412269,200,35966.285443
1196.551247,200,35990.908992
1196.522209,200,36021.98639
474.57782,155,36037.52836
1136.29241,200,36067.725021
1181.431199,200,36078.969615
226.37231196.649124,200,3608453.427873312.990164,200,36111156.160721131.151605,200,36141126.143781176.416324,200,3616259.6397651036.083528,200,361151.426262,1196.530599,200,361196.281783,915.635784,200,3621131.3149361196.461777,200,3621131.303761196.505177,200,36301186.453051196.536164,200,3631191.5362451166.223581,200,361196.699988,715.620744,161,3631196.479614791.721571,172,36401131.347101196.482928,200,36411191.441721196.312772,200,3641447.4488777.220095,79,36447.888.2491191.312731,200,36471181.144741191.615388,200,36491096.093601098.561509,199,36531186.540161131.173371,200,36549.994418
1106.380004,200,36579.954564
1191.192568,200,36606.636331
1176.311388,200,36635.966874
1196.596669,200,36652.465558
1181.115319,200,36691.330241
1161.165445,200,36721.937269
1141.249564,200,36737.292473
1186.32671,200,36761.457826
1171.668574,200,36762.865801
1191.601585,200,462.415594,2091.170624,89,367287.440739,1191.313895,200,361125.99405,21196.397938,200,3985.7843,200,1156.349078,201196.411999,200,1191.415226,201141.374325,200,1141.108739,201161.328818,200,1181.328238,201196.632507,200,1136.384574,201176.266538,200,1196.373767,201120.759281,200,1166.311317,20810.123013,171,1166.287183,201161.400403,200,895.402359,2001196.499289,2001196.323606,2001196.397796,200,37096.072391
228.062814,123,1196.560863,20268.050318,191,3358.229458,201071.095798,200,1176.424991,200,37173.16267
1196.417331,200,37183.88326
1121.302299,200,37229.424404
1186.41472,200,37245.728129
1110.60797,200,37269.404882
1121.433293,200,37301.687451
250.108621,64,37315.83822
1196.44062,200,37332.326928
1186.312521,200,37356.225181
1066.278425,200,37401.995551
1026.02368,200,37416.855402
1191.383346,200,37441.903171
1196.53679,200,37443.56083
1196.533434,200,37444.996371
84.328122,87,37476.11619
143.69395,36,37476.431779
1191.448442,200,37492.252033
1010.859497,200,37519.280545
1196.237337,200,37563.46146
144.556229,37,37563.770793
1171.153187,200,37579.470205
1196.504097,200,37606.329962
1176.56283,200,37649.799645
1181.326084,200,37665.949163
1126.247716,200,37691.660204
1046.02631,200,37721.441022
171.33128,44,37735.787971
156.920007,71,37736.383233
1196.525881,200,37763.91304
1181.551987,200,37778.680435
1196.615201,200,371196.607731,1186.513964,200,37781.756129
120.026221,82,37811.428968
1126.302099,200,37841.966906
1196.382602,200,37854.80183
1191.286687,200,37898.57283
970.886533,200,37914.330698
1181.324996,200,37940.974515
1171.352953,200,37970.959888
1196.502614,200,38000.561131
1181.301052,200,38027.475582
1166.081845,200,38056.504846
1196.424741,200,38084.964764
1181.335294,200,38098.528649
1186.421594,200,38126.130545
1196.65228,200,38127.601659
1196.634123,200,38128.96115
72.546433,73,381463.918788,1191.202691,200,381181.327924,1186.522718,200,381196.374974,1176.310221,200,31196.439296,21186.453321,200,31196.529672,21121.393396,200,31106.311752,21196.74188,200,381181.456235,1191.560588,200,31196.474015,21166.312328,200,31196.599559,21171.543652,200,31186.338255,21186.55867,200,381141.454997,1191.560803,200,381186.29247,21196.494442,200,31186.482654,200,38472.60996
244.961283,161176.543246,200,181.96323,95,3119.665282,931196.363943,200,38518.326941
1000.955584,200,38534.109595
1101.215353,200,38577.804288
900.764865,200,38593.335371
1181.367626,200,38620.630848
1196.503052,200,38650.767696
1196.577857,200,38679.059629
1135.821766,200,38692.492512
1131.129869,200,38719.816031
1171.014371,200,38764.661981
1186.417596,200,38778.451163
1015.999871,200,38806.058175
1196.1176.464954,200,38809.481185.31196.591076,200,38810.849215
114.735195,76,38841.246841
1171.522594,200,38854.749101
1196.598252,200,38884.625854
1171.536595,200,38914.38803
1196.581696,200,38941.01903
1171.436154,200,38957.394876
1176.613066,200,39000.589459
1181.460898,200,39027.169177
1096.07102,200,39042.903001
1191.563302,200,39086.930804
1176.545779,200,39100.850062
796.227519,161,39129.841191.51131.378862,200,39146.291196.51141.48019,200,39159.659367
1171.657931,200,39161.051204
327.761281,200,39190.330668
1196.640985,200,39220.257402
1166.613883,200,39236.481136
1186.255093,200,39276.948331
1156.344393,200,39293.318722
247.194116,61,39307.411311961121.465475,200,39337.769818
1191.584611,200,39363.307864
176.34754,44,39363.707591191151.312708,200,39394.100057
1176.65605,200,39424.465166
1191.733544,200,39451.475358
1176.575168,200,39481.590439
1196.545801,200,39495.570079
1166.276715,200,39496.915154
134.283482,120,39525.42069
1186.247248,200,39555.747362
1171.295949,200,39570.68852
1156.343812,200,39611.600128
386.713885,155,39627.178793
1181.334932,200,39655.45773
1161.157796,200,39683.573124
1161.178363,200,39712.225375
1191.677569,200,39728.569674
589.184997,170,39754.098241
1171.183435,200,39784.289562
1196.506803,200,39814.239036
965.884384,200,39828.536324
1181.494247,200,39841.953156
1156.270257,200,39843.429238
387.907879,200,39873.03311
1151.558068,200,39902.831177
1196.375577,200,39916.977307
1161.503892,200,39958.469232
860.62682,200,39975.161797
1096.377198,200,40002.104807
1176.315498,200,40044.948056
517.566155,173,40060.3197
1175.972389,200,40086.690727
738.386588,164,40116.442226
975.923954,200,40131.776998
1161.135517,200,40159.322466
259.820556,84,40172.719045
1196.482873,200,40174.990993
1181.523285,200,40176.456644
117.913424,124,40205.304376
1171.167499,200,40235.051374
1191.379794,200,40248.214753
1196.448455,200,40291.677727
1171.059806,200,40307.265672
1196.658373,200,40334.971533
1196.547769,200,40377.88471
242.514429,61,40378.1186.5641181.571363,200,40399.767405
1196.664226,200,40408.229044
1186.646362,200,40442.303046
1196.581019,200,40454.685031
1176.503227,200,40472.081785
1196.538989,200,40483.584142
1196.644296,200,40484.865496
133.823918,85,40499.023578
1115.525787,200,40520.756163
1161.516009,200,40537.414755
1186.395831,200,40561.753581
1131.350273,200,40583.090271
1171.183817,200,40594.859931
1186.377407,200,40626.263179
1166.370631,200,40638.56613
213.644032,57,40648.1196.4661196.343538,200,40651196.537411166.659896,200,40691161.3916743.021186,137,40703.868.27841171.521082,200,407191171.50521186.530397,200,407301196.56233,200,40730.724055
1181.680961181.680968,200,4073368.183074190.445602,200,4076479.306421181.485356,200,4071196.6496441196.772884,200,4071196.57111096.399758,200,408201166.60581171.794611,200,408421196.36561196.690336,200,408601176.32671196.545104,200,408861196.56531196.460394,200,409071111.13021066.17136,200,40915.1116.2531196.463649,200,40949.910.4994534.657393,192,40961.1191.646941,200,40969.914883
1171.599315,200,40988.095458
1196.678415,200,40989.374696
1196.1196.646665,200,40991.631133.86078,125,41014.52056
169.4451020.829328,200,410271136.49211186.435427,200,410441196.56021171.273163,200,410691011.00531186.675596,200,410911166.25931165.949799,200,411001181.48441046.04179,200,41132.1191.3411176.229814,200,41154.209677
1176.384385,200,41164.58355
1196.39471,200,41196.727104
1196.541374,200,41208.569502
1096.057929,200,41224.699812
1196.680248,200,41237.179886
1196.698521,200,41238.616751
378.153164,200,41276.023978
1196.705672,200,41285.289057
1131.34702,200,41303.59513
1166.480434,200,41338.499592
1141.387465,200,41348.237972
1186.415422,200,41366.774084
1120.977631,200,41392.805347
1181.633617,200,41411.894952
1191.434527,200,41420.692396
1196.597421,200,41456.541348
1196.581082,200,41468.900197
1181.786736,200,41484.701819
1176.483327,200,41497.512083
1171.538263,200,41498.802846
52.543897,31,41512.647712
1196.616725,200,41535.098788
1126.257186,200,41544.084774
1106.325603,200,41576.207169
1161.582093,200,41589.145429
1191.749501,200,41607.265847
1196.530298,200,41617.523133
1191.578292,200,41653.020004
554.49535,200,41672.299486
1196.710965,200,41681.451798
1045.039407,185,41717.214677
1126.383574,200,41725.691625
1176.482548,200,41745.391511
1196.429155,200,41747.243538
1196.784143,200,41748.53263
104.440146,104,41773.442992
1191.660355,200,41791.479826
1061.275031,200,41801.027111
1196.570601,200,41836.861108
1141.550188,200,41848.068851
805.963247,177,41863.994766
146.620142,93,41874.976915
1091.131073,200,41900.698298
1186.527356,200,41919.25791
148.605416,36,41919.490413
770.015419,155,41928.768943
1156.569004,200,41964.462496
558.047558,154,41976.23118
1020.826414,200,41983.62871
1196.6097,200,42005.479431
1196.60298,200,42006.763456
433.125173,200,42033.489902
1181.592357,200,42050.553575
1196.446436,200,42070.182464
1191.601371,200,42096.508269
1141.43467,200,42113.715986
500.155825,146,42124.241166
1100.982779,200,42149.70569
1146.56031,200,42171.429447
1176.57727,200,42187.227071
233.147168,67,42187.706766
1191.302449,200,42223.256595
1196.310538,200,42234.987374
1196.540339,200,42251.414151
1196.719985,200,42253.29197
1186.739955,200,42254.575687
142.762235,140,42289.857215
1176.540886,200,42298.119985
1121.411091,200,42319.041739
1196.725239,200,42343.887715
1116.261331,200,42361.625068
1181.765507,200,42371.940057
1116.120617,200,42407.208447
1171.472887,200,42418.240622
1196.566697,200,42435.4918
1196.762145,200,42470.688081
1176.356607,200,42481.607279
1196.849676,200,42499.069167
1196.841367,200,42511.647146
1196.800752,200,42512.933219
348.361571,200,42546.959581
1161.438229,200,42556.173038
1196.68848,200,42575.816124
1196.619145,200,42602.066487
1191.634413,200,42619.572613
1196.667927,200,42630.308776
1196.654374,200,42665.871309
1141.394208,200,42677.020005
1136.422258,200,42693.543352
1176.564124,200,42728.806745
1171.658982,200,42740.166196
1166.32872,200,42756.920523
1196.562027,200,42758.890029
1196.607677,200,42760.168771
154.454567,158,42795.445586
1196.423615,200,42804.807631
1136.334938,200,42824.772683
1191.525975,200,42850.889301
1191.337929,200,42868.02569
1181.398315,200,42888.153742
1101.154963,200,42914.803189
1151.483043,200,42931.30415
1186.2515,200,42942.935965
1036.204769,200,42977.545544
1141.112036,200,42988.991497
1186.491299,200,43005.375869
1161.370441,200,43018.931145
1196.550834,200,43020.210033
101.876094,78,43045.205257
1181.401754,200,43054.003715
1196.593627,200,43073.011695
1186.449464,200,43097.34292
1196.474637,200,43119.297105
1196.358388,200,43126.864955
1196.288947,200,43162.189345
1166.473501,200,43183.032238
1131.305818,200,43190.638711
1181.258739,200,43225.589661
1196.633929,200,43236.14626
1191.431492,200,43254.879723
1196.466681,200,43264.531402
1196.725586,200,43276.968156
1196.668384,200,43278.249767
103.15473,108,43292.62382
1176.313776,200,43312.556575
559.538437,186,43321.22634
1186.155994,200,43354.606845
1141.327311,200,43371.78086
1196.690775,200,43382.004627
1171.34738,200,43416.905815
1196.400742,200,43429.004113
1186.148881,200,43444.744051
1191.640796,200,43470.445598
1061.235812,200,43492.462992
1146.305093,200,43500.597596
1186.420513,200,43520.094189
1196.559432,200,43521.38609
1196.565002,200,43522.663382
100.725959,94,43548.640863
1181.556318,200,43558.02966
1196.613456,200,43576.515251
1101.264032,200,43611.808163
1196.345073,200,43623.356895
1196.474871,200,43640.861537
1111.259289,200,43665.522654
1196.474369,200,43687.645797
1181.375163,200,43695.373581
,200,43675.59771
1161.362257,200,43687.176869
49192,200,43687.806462
200,43621.463707
1171.298341,200,43638.972937
175.599466,96,43639.648763
1146.420306,200,43674.812571
1186.480234,200,43692.812011
5883
1196.513235,200,43693.839699
25111186.12873,200,43694.599319
8
348.502542,200,43629.314436
1196.553116,200,43649.97278
1156.417764,200,43675.428797
925.909378,200,43693.412607
200,43675.29592
1196.679657,200,43693.276872
66
651.005371191186.328566,200,43676.460261181196.323012,200,43694.445119

1196.538979,200,43687.238282
,200,43675.51156.251131.25835,200,43693.541196.368637,200,43694.209185
23812,200,43630.17768
1086.256078,200,43664.409226
1191.423118,200,43686.54743
1196.823474,200,43694.27886
